t,x,y,z,qw,qx,qy,qz,vx,vy,vz
0.0005,0.014531094,0.033146847,0.08,2.2414272e-15,-0.70710678,2.2414272e-15,0.70710678,0,0,0
0.0105,0.014513595,0.03307996,0.079432807,-0.00021575836,-0.70679063,-0.00021946007,0.70742272,0.00012930836,-0.012519588,-0.10726261
0.0205,0.014471252,0.032896582,0.077817233,-0.00078288726,-0.70606359,-0.00080777683,0.70814754,0.0005533159,-0.023229611,-0.210361
0.0305,0.014414652,0.03261776,0.075187028,-0.0016154051,-0.70512074,-0.0016943366,0.7090834,0.0012020526,-0.031678198,-0.31076694
0.0405,0.014358684,0.032274058,0.071523072,-0.0025461229,-0.70416983,-0.0027107886,0.71002184,0.0019830368,-0.036492267,-0.41677681
0.0505,0.014311901,0.03189088,0.066818142,-0.0034816297,-0.70333303,-0.0037587337,0.71084204,0.0028117329,-0.039671577,-0.51946601
0.0605,0.014273904,0.031483689,0.061100615,-0.0044270735,-0.70261117,-0.0048426919,0.71154374,0.0035760829,-0.041401718,-0.6197035
0.0705,0.014246932,0.031108435,0.054410644,-0.0051864904,-0.70183792,-0.0057607776,0.7122945,0.0032912788,-0.03419706,-0.71484169
0.0805,0.014230945,0.030799405,0.046766195,-0.0056662667,-0.70095307,-0.0064083511,0.7131561,0.0030651448,-0.028173086,-0.81060105
0.0905,0.014174357,0.030569755,0.039175324,-0.0053819935,-0.70139165,-0.0072505203,0.71271889,-0.0079823106,-0.016886368,-0.50638706
0.1005,0.014108121,0.030463316,0.036682794,-0.0053076775,-0.70138119,-0.0074442813,0.71272775,-0.0050453118,-0.0070929238,-0.078454912
0.1105,0.01405659,0.030409289,0.036887605,-0.0053053855,-0.7004659,-0.0072095625,0.71362974,-0.0035347477,-0.0040178538,0.083886733
0.1205,0.014012536,0.030372793,0.038017929,-0.0052874659,-0.69908911,-0.0068283247,0.7149824,-0.002774483,-0.0029790667,0.12969719
0.1305,0.013978736,0.030316283,0.039393157,-0.0051876361,-0.69759374,-0.0063924982,0.71644623,-0.0016619914,-0.0090115948,0.14110024
0.1405,0.013959671,0.030192342,0.040760107,-0.004979442,-0.69611091,-0.0059255038,0.71789254,-0.00072749694,-0.014586172,0.13172068
0.1505,0.013957858,0.030037387,0.041987293,-0.0045963158,-0.69467607,-0.0053609198,0.71928804,8.8647901e-05,-0.015987261,0.11471864
0.1605,0.013991072,0.029892773,0.043041962,-0.0039777588,-0.69359418,-0.0046220218,0.72034015,0.002541277,-0.013237624,0.097501161
0.1705,0.014092834,0.029930557,0.043947983,-0.0031505371,-0.69290783,-0.0038191953,0.72100917,0.0099687791,0.016164645,0.084629185
0.1805,0.014248117,0.030178839,0.044741812,-0.0022777399,-0.69235683,-0.0029517914,0.72154565,0.012398026,0.0306287,0.075373772
0.1905,0.014424701,0.030549689,0.045421465,-0.0013773816,-0.6922196,-0.0019978122,0.72168285,0.012888825,0.04200267,0.06244637
0.2005,0.01461543,0.031018975,0.045938686,-0.00039367346,-0.69264914,-0.0010643926,0.72127379,0.011847922,0.052642813,0.020335103
0.2105,0.014813611,0.031549418,0.046195234,0.00049072927,-0.69351883,-5.738502e-05,0.72043833,0.013788292,0.052001493,0.03491274
0.2205,0.015032969,0.03207076,0.046547637,0.0012897479,-0.69497185,0.0010339934,0.71903504,0.014280559,0.052141835,0.035862825
0.2305,0.015265443,0.032594636,0.046856669,0.0021366421,-0.69705537,0.0020184365,0.71701127,0.014616268,0.053293207,0.020991498
0.2405,0.015508712,0.033145397,0.046901417,0.0029566494,-0.69961698,0.0028748144,0.71450618,0.015227689,0.054365761,0.0047693799
0.2505,0.015764533,0.033698947,0.046868583,0.0037136247,-0.70243053,0.0037787278,0.71173259,0.016590068,0.055762102,-0.0099679239
0.2605,0.016031984,0.034250701,0.046738207,0.0044659608,-0.70540108,0.0046926569,0.70877877,0.017096785,0.054197036,-0.014633406
0.2705,0.016312847,0.034792485,0.046538353,0.0053022999,-0.70842378,0.0054299021,0.70574651,0.018289551,0.05554605,-0.026754094
0.2805,0.016592732,0.035345365,0.046365469,0.0057775018,-0.71126072,0.0066539615,0.70287306,0.018020798,0.056667797,-0.0077967927
0.2905,0.016868527,0.035886009,0.046221125,0.0063538946,-0.71373469,0.0078339071,0.70034352,0.018260154,0.051484744,-0.0019812582
0.3005,0.017130958,0.036340274,0.046247823,0.0069267118,-0.71556138,0.0090772615,0.69845653,0.017558325,0.041111942,0.0026372174
0.3105,0.017379029,0.036726973,0.046402705,0.0076012578,-0.71676073,0.010364108,0.69720073,0.016814366,0.037292837,0.027477257
0.3205,0.01762011,0.037048605,0.046724025,0.0084864263,-0.717386,0.011626519,0.69652719,0.017398964,0.018725609,0.027214953
0.3305,0.017835858,0.036923594,0.046818903,0.0095130962,-0.71858501,0.011687558,0.69527584,0.013892079,-0.035534194,-0.0095068164
0.3405,0.018003228,0.036343582,0.046550084,0.0095653383,-0.72060722,0.011139827,0.69318803,0.014902203,-0.076062528,-0.045052908
0.3505,0.018151457,0.035451281,0.045964397,0.0089305552,-0.72319176,0.010095157,0.69051576,0.014893054,-0.09987349,-0.072162022
0.3605,0.018279104,0.034383913,0.045149803,0.0078770294,-0.72605446,0.008677908,0.68753733,0.014297616,-0.11235023,-0.09110936
0.3705,0.018431758,0.033542956,0.044328628,0.0072717865,-0.72888375,0.0077808268,0.68455464,0.01445595,-0.049813735,-0.068648765
0.3805,0.018662275,0.033263319,0.043765128,0.0077376391,-0.73125063,0.0081037458,0.68201684,0.01910135,-0.013186778,-0.048826655
0.3905,0.018933127,0.032964016,0.043206291,0.0080808479,-0.73346411,0.0082995344,0.67962947,0.023136692,-0.048826584,-0.06590554
0.4005,0.019199464,0.032335794,0.042432893,0.0078079208,-0.73592153,0.0077677209,0.67697725,0.024226049,-0.051757668,-0.073609762
0.4105,0.01949582,0.032009794,0.041911031,0.0080836375,-0.73789412,0.0078636284,0.67482226,0.026835476,-0.029945329,-0.027515454
0.4205,0.0197999,0.031653864,0.041838719,0.0082505389,-0.73875636,0.0078765756,0.67387605,0.030459066,-0.043285312,0.0062701884
0.4305,0.020126292,0.031151788,0.041982972,0.0082533603,-0.73917093,0.0078541709,0.67342151,0.033329938,-0.055513793,0.01939506
0.4405,0.020469547,0.030543137,0.042204412,0.008229635,-0.73948173,0.0077836319,0.67308132,0.034655867,-0.064901505,0.02305735
0.4505,0.020805263,0.029742327,0.042213091,0.0079119158,-0.74020254,0.0071770232,0.67229911,0.034875372,-0.086027122,-0.00772409
0.4605,0.02113417,0.028952559,0.042260624,0.0076952172,-0.74044608,0.0066363649,0.67203894,0.034243926,-0.07453097,0.010862536
0.4705,0.021440426,0.028169266,0.042277216,0.0074567508,-0.74023366,0.0060366169,0.67228125,0.032456941,-0.079669393,-0.0042886193
0.4805,0.021728288,0.027446101,0.042315396,0.0072903601,-0.7396951,0.0055271212,0.67287998,0.030770124,-0.072864628,-0.0016726939
0.4905,0.021990086,0.026733343,0.042301057,0.0070142796,-0.73882451,0.0049175081,0.67384343,0.029715211,-0.07359038,-0.0067699521
0.5005,0.02223025,0.026058877,0.042286607,0.0067655867,-0.73752167,0.0042549678,0.67527617,0.028440762,-0.068367794,-0.0060712862
0.5105,0.022454252,0.025436226,0.042260692,0.0064580589,-0.7360748,0.0036636342,0.67685948,0.026877971,-0.060006625,-0.0031222261
0.5205,0.022655033,0.024826354,0.042210779,0.005929318,-0.73436168,0.0030335429,0.67872569,0.025862696,-0.059950919,-0.0055123698
0.5305,0.022836063,0.024228198,0.042150668,0.0052974459,-0.73237116,0.0022810944,0.68088121,0.025130132,-0.056724012,-0.0050434293
0.5405,0.023001566,0.023852657,0.042105946,0.0050011087,-0.73026021,0.0015446038,0.68314906,0.020777544,-0.011157816,-0.0073798508
0.5505,0.023158136,0.024056805,0.042059654,0.0048779628,-0.72784524,0.0010326429,0.6857233,0.022655614,0.045006776,-0.0047278958
0.5605,0.023324907,0.024733763,0.041977086,0.0047097139,-0.72516631,0.0006371947,0.68855736,0.023461197,0.086707396,-0.012269492
0.5705,0.023498226,0.02578331,0.041878233,0.0045104439,-0.72238902,0.00037778402,0.69147206,0.023769039,0.12021957,-0.0098915092
0.5805,0.023702344,0.027175243,0.041774318,0.0043056942,-0.71965716,0.00024737831,0.69431619,0.028369123,0.15504144,-0.0089905698
0.5905,0.02395229,0.02888322,0.041668811,0.0041284236,-0.71707726,0.00025166044,0.69698142,0.03156176,0.18446173,-0.011236097
0.6005,0.02423995,0.030853035,0.041563914,0.0040184646,-0.71470273,0.00041520046,0.69941668,0.034024544,0.20872202,-0.0095559324
0.6105,0.024574458,0.033058438,0.041458476,0.0040207991,-0.71254956,0.00077191638,0.70160984,0.038331463,0.23094272,-0.0078641108
0.6205,0.024918995,0.035457245,0.041351263,0.0041456274,-0.71054251,0.0013473981,0.70364078,0.026975605,0.24309088,-0.0042412345
0.6305,0.025073631,0.037923774,0.041211054,0.0043306657,-0.7083523,0.0020648692,0.70584276,0.010954046,0.25360921,-0.029707012
0.6405,0.02511833,0.040388215,0.041074011,0.0044263854,-0.70607596,0.0029556709,0.7081161,0.0007243059,0.24047524,-0.0057416305
0.6505,0.025098167,0.042763925,0.04093941,0.0044342248,-0.70382383,0.0039384169,0.7103498,0.00024529647,0.23659803,-0.012127247
0.6605,0.02502848,0.044555654,0.041048083,0.0039693403,-0.70195863,0.0041362159,0.71219465,-0.0061294509,0.13519056,0.025769149
0.6705,0.024869722,0.045529581,0.041348817,0.0028671902,-0.70053382,0.0035209118,0.71360476,-0.010420617,0.06931097,0.03206312
0.6805,0.024671567,0.046075682,0.04146447,0.0016249444,-0.69952388,0.0027523088,0.71460207,-0.012603456,0.035763242,0.013432088
0.6905,0.02447968,0.046287587,0.041585481,0.00025892779,-0.69880527,0.0018559095,0.7153095,-0.010252979,0.011846831,0.011758598
0.7005,0.024312966,0.046296212,0.04176209,-0.0011390161,-0.69805461,0.00076297879,0.71604321,-0.0068917964,-0.0061446993,0.021190892
0.7105,0.024163511,0.0461596,0.042010223,-0.0027189318,-0.69707092,-0.00029506632,0.71699697,-0.0043533873,-0.019098668,0.029513973
0.7205,0.024030606,0.045922695,0.042320636,-0.0042820717,-0.6959593,-0.0013817813,0.71806713,-0.0034998142,-0.025726457,0.034668659
0.7305,0.023913742,0.045579215,0.042701777,-0.0059000731,-0.69488338,-0.0025956839,0.71909356,-0.00083461857,-0.039732325,0.040705412
0.7405,0.023808743,0.045140772,0.043160933,-0.0075142954,-0.69388056,-0.0039999855,0.72003979,-0.00025022263,-0.046444338,0.049589338
0.7505,0.023710204,0.04464369,0.043652412,-0.0090094306,-0.69289396,-0.0055122035,0.72096214,0.00024486592,-0.050691764,0.052817218
0.7605,0.02362931,0.044073891,0.044190217,-0.010632808,-0.69207354,-0.0070231946,0.72171451,0.0033368024,-0.06115625,0.050052371
0.7705,0.023573382,0.043435999,0.044736511,-0.012051632,-0.69148708,-0.0088901159,0.72223358,0.0048351939,-0.065250373,0.055597786
0.7805,0.023520396,0.042773653,0.045316701,-0.013609529,-0.69092686,-0.010524057,0.72271993,0.0045700313,-0.065045239,0.064277649
0.7905,0.023482844,0.042071656,0.045835319,-0.015002184,-0.69073683,-0.012357765,0.72284497,0.0062919904,-0.071428205,0.056557926
0.8005,0.023459854,0.041335461,0.046338862,-0.016509482,-0.69093491,-0.014147077,0.72258996,0.0078142218,-0.075374397,0.044929701
0.8105,0.023461266,0.040617504,0.046921092,-0.017570547,-0.69142757,-0.016288243,0.7220484,0.0084596409,-0.069531029,0.06215606
0.8205,0.023476859,0.039902972,0.047477379,-0.019044307,-0.6923607,-0.018022168,0.72107502,0.0093025342,-0.072665833,0.042166427
0.8305,0.02350936,0.039182157,0.047922319,-0.020670333,-0.69381399,-0.019651279,0.71958927,0.010271466,-0.07147776,0.042091727
0.8405,0.023563793,0.038460631,0.048167585,-0.021812497,-0.6956741,-0.02158571,0.71770176,0.011757504,-0.069993905,0.02595775
0.8505,0.023647162,0.03777196,0.048445698,-0.023149885,-0.69765811,-0.023264949,0.71567869,0.014289047,-0.068041558,0.0096517092
0.8605,0.023772058,0.037101528,0.048574697,-0.024601121,-0.69979212,-0.024711202,0.71349501,0.018534217,-0.065584396,0.0045367584
0.8705,0.023926632,0.036521759,0.048662083,-0.02575363,-0.70202688,-0.026355874,0.71119644,0.020101183,-0.051456295,0.0064224801
0.8805,0.02411655,0.036218704,0.048573971,-0.02638941,-0.70461318,-0.027676156,0.70856044,0.019729856,-0.020888133,-0.018657558
0.8905,0.024320612,0.035915859,0.048502833,-0.027231247,-0.70691331,-0.028740022,0.70619122,0.02353448,-0.032863995,-0.0054876613
0.9005,0.024513187,0.035664382,0.048366182,-0.028192436,-0.70910667,-0.029589031,0.70391577,0.017933234,-0.022036499,-0.015444582
0.9105,0.024667778,0.035605289,0.048158458,-0.028700816,-0.71138923,-0.03033844,0.70155627,0.012295323,-0.0044018497,-0.019533441
0.9205,0.024756933,0.0355292,0.047957062,-0.029245158,-0.71351957,-0.031315249,0.69932388,0.0072612143,-0.009248135,-0.021667004
0.9305,0.02480405,0.035433272,0.047741924,-0.029989225,-0.71548657,-0.032281616,0.69723562,0.0052467774,-0.0095566918,-0.02144599
0.9405,0.024878858,0.035453305,0.047457499,-0.030616972,-0.71745351,-0.03286936,0.69515658,0.0080055192,0.027394009,-0.03712665
0.9505,0.025013235,0.035767341,0.047062378,-0.030604296,-0.71958142,-0.032830679,0.69295606,0.011514707,0.021799763,-0.036198625
0.9605,0.025180858,0.036170026,0.046641324,-0.030341112,-0.7216676,-0.032551263,0.69080801,0.012819662,0.036119881,-0.039693055
0.9705,0.025395606,0.036683194,0.046163829,-0.029757808,-0.72381679,-0.031989879,0.68860756,0.016799203,0.039216175,-0.046385538
0.9805,0.025656873,0.037277657,0.045628992,-0.028954507,-0.72602436,-0.031164098,0.68635199,0.018502351,0.06598459,-0.055838191
0.9905,0.025953445,0.038031819,0.045041906,-0.027895136,-0.72825439,-0.029880577,0.68408666,0.019581871,0.078970964,-0.058406746
1.0005,0.026258626,0.038744524,0.044423333,-0.026848804,-0.73049172,-0.028639984,0.6817923,0.020641483,0.073401436,-0.066497584
1.0105,0.026558719,0.039322013,0.043785033,-0.026009752,-0.73269468,-0.027626925,0.6794989,0.020933741,0.037629536,-0.056626181
1.0205,0.026858077,0.039881396,0.043135621,-0.02519343,-0.73486684,-0.026613413,0.6772206,0.020301637,0.05216356,-0.062543469
1.0305,0.027140012,0.040441241,0.042413645,-0.0244834,-0.73710884,-0.025559181,0.67484654,0.017192546,0.047099429,-0.071640156
1.0405,0.027351218,0.040806816,0.041838271,-0.023942679,-0.7390032,-0.025151179,0.67280638,0.014537922,0.036100139,-0.031803342
1.0505,0.027530252,0.041247483,0.041759856,-0.023841993,-0.73973436,-0.024851581,0.67201714,0.016309607,0.051114601,0.0088082806
1.0605,0.027699083,0.041825219,0.041929391,-0.023740065,-0.73948911,-0.024728116,0.67229516,0.018075411,0.065419791,0.022165681
1.0705,0.027886605,0.04257818,0.042170367,-0.023655826,-0.73869439,-0.024613419,0.67317544,0.020610105,0.086651437,0.020657098
1.0805,0.028145184,0.043749158,0.042081857,-0.022869419,-0.73829014,-0.023445882,0.67368757,0.021759641,0.11953086,-0.004533446
1.0905,0.028395892,0.044932194,0.042139953,-0.022419489,-0.7371441,-0.022608853,0.67498503,0.024017812,0.13122288,0.00031766209
1.1005,0.028679881,0.046350671,0.042069925,-0.021498781,-0.73579497,-0.021183968,0.67653145,0.025123744,0.13361189,0.0063957109
1.1105,0.028960135,0.047772484,0.042038705,-0.020649597,-0.73419179,-0.019856452,0.67833748,0.02429274,0.14690534,-0.0069532844
1.1205,0.02923711,0.049236044,0.041983806,-0.019646054,-0.7323343,-0.01838016,0.68041361,0.024174296,0.14549217,-0.0024987614
1.1305,0.02951375,0.050697077,0.041922126,-0.018607535,-0.73015816,-0.016772102,0.68281881,0.024115717,0.14408047,-0.004481453
1.1405,0.029788366,0.052128292,0.041847002,-0.017386095,-0.72795022,-0.015255541,0.68523971,0.023481683,0.14210606,-0.0086770801
1.1505,0.030057532,0.053268608,0.041767511,-0.016498286,-0.72556901,-0.013881705,0.68781154,0.0262068,0.067988971,-0.0046365075
1.1605,0.03030242,0.053525927,0.041694663,-0.016271572,-0.72295555,-0.013058445,0.69057945,0.025569927,-0.0053982913,-0.010781315
1.1705,0.030518341,0.053177786,0.041602513,-0.016131464,-0.72023791,-0.012450997,0.6934278,0.023452637,-0.05700099,-0.012599238
1.1805,0.030723561,0.052342605,0.041506038,-0.015967596,-0.71751039,-0.011992936,0.69626148,0.024106523,-0.10474888,-0.011467566
1.1905,0.030935773,0.05109366,0.041415342,-0.015779891,-0.71484341,-0.011690818,0.69900874,0.02557953,-0.14070765,-0.0038433013
1.2005,0.031133674,0.049527072,0.041308243,-0.01559295,-0.71225026,-0.011587585,0.70165672,0.017584951,-0.16863564,-0.017583813
1.2105,0.031178057,0.047751438,0.041187168,-0.015306309,-0.70942176,-0.011721272,0.70452047,0.0038813344,-0.18717953,-0.017760992
1.2205,0.031108124,0.045831376,0.041060847,-0.014972807,-0.70645705,-0.012004678,0.70749568,-0.0052786369,-0.19494359,-0.0071750388
1.2305,0.030990555,0.043865713,0.040972587,-0.014626804,-0.70352266,-0.012389093,0.71041427,-0.0081386064,-0.18304912,0.0033397158
1.2405,0.030842749,0.042318151,0.041278947,-0.013841075,-0.70088303,-0.012276183,0.71303626,-0.015983351,-0.13518688,0.042274299
1.2505,0.030644785,0.041003977,0.041462066,-0.012936064,-0.69878744,-0.011881223,0.7151137,-0.021975634,-0.12001296,0.01161415
1.2605,0.030430005,0.039999393,0.041670059,-0.011868036,-0.69700467,-0.011275554,0.7168797,-0.024543702,-0.095405003,0.0040503079
1.2705,0.030222915,0.039313748,0.041876669,-0.01054194,-0.69532044,-0.010449492,0.71854656,-0.023339435,-0.051771798,0.021045483
1.2805,0.030047176,0.038957385,0.042117084,-0.0089141438,-0.69363348,-0.0093840859,0.72021183,-0.02058132,-0.023296314,0.026941949
1.2905,0.029916689,0.03880553,0.042347653,-0.0071368251,-0.69209184,-0.0081604646,0.72172804,-0.01703585,-0.0094263536,0.019615024
1.3005,0.029850132,0.038825319,0.042671289,-0.0052152771,-0.69043923,-0.0066613448,0.72334093,-0.01072696,0.0099169182,0.038617502
1.3105,0.029839583,0.039000576,0.043063918,-0.0030476386,-0.68858469,-0.0050416697,0.725132,-0.0063480279,0.022735137,0.040474149
1.3205,0.029877648,0.039294258,0.043518928,-0.00084974347,-0.68670551,-0.003277786,0.72692784,-0.0025579835,0.033212957,0.045939633
1.3305,0.029963248,0.039711621,0.044015582,0.001438976,-0.6849939,-0.0013737468,0.72854609,0.0013939977,0.047144784,0.052483596
1.3405,0.030091321,0.040237155,0.044543587,0.0037384827,-0.68349291,0.00076203554,0.72994718,0.0037189672,0.055877134,0.052665186
1.3505,0.030246189,0.040826156,0.045093875,0.0058770966,-0.6821549,0.0031577755,0.73117726,0.005505516,0.061330969,0.051628932
1.3605,0.030428571,0.041489807,0.045569347,0.0078188015,-0.68124151,0.0058691655,0.73199346,0.0078256201,0.071294097,0.051096278
1.3705,0.030628299,0.042205158,0.04612408,0.010220351,-0.68070961,0.0081887526,0.73243629,0.0076123339,0.071494906,0.063432416
1.3805,0.03084081,0.042903009,0.046757791,0.013118257,-0.68039606,0.0099775694,0.73265924,0.010478899,0.058851729,0.052458111
1.3905,0.03112316,0.043384663,0.047119125,0.015472462,-0.68099168,0.012419475,0.73202233,0.016037337,0.04242195,0.024582861
1.4005,0.031467209,0.043788046,0.047263239,0.017375597,-0.68247416,0.01531256,0.7305427,0.019136351,0.04313335,0.019350373
1.4105,0.031822916,0.044235987,0.047488611,0.01939357,-0.684327,0.017875253,0.7286981,0.019485313,0.047952077,0.027371346
1.4205,0.032191224,0.04474526,0.047724711,0.021791748,-0.68671969,0.019792665,0.72632599,0.021291667,0.053215014,0.017530334
1.4305,0.032576152,0.045313909,0.047809647,0.024000488,-0.68973963,0.021640666,0.72333595,0.021867275,0.060495301,-0.0036525316
1.4405,0.03296262,0.045930743,0.047640573,0.025435588,-0.69318032,0.02394308,0.71991722,0.022154444,0.065420981,-0.025261585
1.4505,0.033355305,0.046574674,0.047411669,0.026875522,-0.69680517,0.026023407,0.7162842,0.023661087,0.066360094,-0.017118452
1.4605,0.033762122,0.04724211,0.047155519,0.028470363,-0.70049407,0.027745942,0.71255011,0.024680662,0.07036622,-0.032897887
1.4705,0.034174611,0.047926517,0.046845048,0.029838473,-0.70416788,0.02944199,0.70879506,0.026834212,0.070583932,-0.035091683
1.4805,0.034590864,0.048647108,0.046509296,0.03082862,-0.70761744,0.031450572,0.70522196,0.027434041,0.074402388,-0.022154389
1.4905,0.03499882,0.049351878,0.04625696,0.031908478,-0.71067881,0.033220833,0.70200701,0.027012411,0.069681208,-0.014836953
1.5005,0.035383813,0.049986693,0.0461507,0.032843581,-0.71309842,0.034962663,0.69942087,0.026251791,0.060928698,-0.0021745236
1.5105,0.035749086,0.050564993,0.046186843,0.033775146,-0.71483771,0.036657674,0.69751165,0.025798505,0.058164147,0.014905805
1.5205,0.036101655,0.051106447,0.04638334,0.034841849,-0.71591319,0.038245489,0.6962698,0.025796208,0.052585799,0.025041931
1.5305,0.03642558,0.051401122,0.046605713,0.036144851,-0.71684439,0.039115964,0.6951961,0.020442455,-0.0080048692,0.005449719
1.5405,0.03662828,0.050919224,0.046485011,0.036321729,-0.71875036,0.038852627,0.69323093,0.014412634,-0.079053083,-0.03075388
1.5505,0.036737852,0.049893553,0.046027838,0.035399865,-0.72135217,0.037770332,0.69063109,0.010058383,-0.12142667,-0.060458884
1.5605,0.036778617,0.048545149,0.045312951,0.033776117,-0.72431416,0.036028005,0.68769918,0.007111331,-0.1463911,-0.082060091
1.5705,0.036798732,0.046953533,0.044385205,0.031659636,-0.72755008,0.033748582,0.68449221,0.0096488699,-0.17062556,-0.10465872
1.5805,0.036885906,0.045800896,0.043516917,0.030436317,-0.73059209,0.032416823,0.68136479,0.011802238,-0.068307304,-0.07134463
1.5905,0.037085865,0.045395975,0.042938605,0.030624062,-0.73299512,0.032629469,0.67876037,0.017310253,-0.021424359,-0.049451603
1.6005,0.03732578,0.044989974,0.042332285,0.030763235,-0.73530324,0.032763274,0.67624651,0.019760037,-0.069140508,-0.077824028
1.6105,0.037546691,0.044332298,0.041734445,0.030315728,-0.73740806,0.03223089,0.67399664,0.022875807,-0.055054667,-0.028504556
1.6205,0.037787204,0.043745446,0.041693619,0.03012334,-0.73819557,0.032003091,0.67315354,0.024783096,-0.064370966,0.012052476
1.6305,0.038040433,0.04304131,0.041903274,0.029986633,-0.73848364,0.031890434,0.67284896,0.02642607,-0.07594607,0.026594809
1.6405,0.038303315,0.04223796,0.042193371,0.029934851,-0.73867773,0.031747752,0.67264492,0.0266096,-0.083733711,0.029248228
1.6505,0.038536714,0.041188291,0.042199985,0.029372782,-0.73940994,0.030884145,0.67190501,0.026192856,-0.11400524,-0.011410148
1.6605,0.038775961,0.040161385,0.042246199,0.028963282,-0.73964491,0.03012055,0.67169881,0.027240148,-0.095878381,0.012855158
1.6705,0.039000337,0.039158324,0.042270923,0.028570204,-0.73939918,0.029316771,0.67202167,0.025782697,-0.1003851,-0.0012648397
1.6805,0.039211587,0.038215078,0.042289848,0.028228529,-0.7388743,0.028558616,0.67264576,0.024573109,-0.094452355,-0.0029681502
1.6905,0.039406759,0.037323914,0.042300842,0.027953435,-0.73792516,0.027760675,0.6737317,0.024055619,-0.086208261,0.0017016387
1.7005,0.039582755,0.036469506,0.042282829,0.027574479,-0.7366109,0.026897207,0.6752189,0.023109032,-0.080316326,-0.00026323601
1.7105,0.03974679,0.035678719,0.042247028,0.027119285,-0.73515707,0.026114055,0.67685056,0.022022905,-0.074360907,-0.0029649233
1.7205,0.039891545,0.034915868,0.04219185,0.026448225,-0.73342479,0.02531872,0.67878386,0.021723501,-0.075892245,-0.0043655153
1.7305,0.040019582,0.03416616,0.042131046,0.025705736,-0.73143698,0.024287372,0.6809914,0.021165857,-0.068114969,-0.0029641045
1.7405,0.04015807,0.033652384,0.042069792,0.025403167,-0.72936789,0.023265624,0.68325388,0.020855893,-0.021074466,-0.0030888194
1.7505,0.040326717,0.033777868,0.042022007,0.025313212,-0.72697651,0.022643457,0.68582189,0.025245148,0.036757292,-0.011528061
1.7605,0.040529348,0.034397777,0.041954852,0.025157485,-0.72430747,0.022159993,0.68866155,0.028207956,0.080964997,-0.0068851273
1.7705,0.040756457,0.03539437,0.041855333,0.024941321,-0.72158227,0.021790844,0.69153606,0.030206329,0.11452313,-0.011289734
1.7805,0.041030995,0.036723401,0.041747324,0.024699966,-0.7189225,0.021539422,0.69431722,0.03654462,0.14718288,-0.005617836
1.7905,0.041365653,0.038344081,0.04164152,0.024463399,-0.7164215,0.021409014,0.69690991,0.041050388,0.17360782,-0.0093714561
1.8005,0.041746687,0.040188312,0.041528943,0.024255592,-0.71414762,0.021408943,0.69924709,0.044182665,0.19299703,-0.010044191
1.8105,0.042146649,0.042195685,0.04141255,0.024039777,-0.71200584,0.021524782,0.70143172,0.042939098,0.2070671,-0.012417327
1.8205,0.042420535,0.044274691,0.041288098,0.023814928,-0.7097122,0.021695825,0.70375474,0.023396826,0.2101341,-0.017895815
1.8305,0.042565089,0.046353075,0.041148026,0.023587187,-0.70736576,0.021907034,0.7061143,0.015884557,0.20472304,-0.0037564863
1.8405,0.042661276,0.048375076,0.041036178,0.023290492,-0.70507884,0.022163889,0.7083997,0.012564717,0.19985828,-0.014046407
1.8505,0.042687008,0.050174804,0.040965848,0.022841452,-0.70299487,0.022460356,0.71047309,0.00081980276,0.14469149,0.015480391
1.8605,0.042576505,0.051256131,0.041181626,0.021907145,-0.70144908,0.021873407,0.71204692,-0.0067458705,0.081516871,0.022933618
1.8705,0.042399787,0.051847704,0.041351484,0.020624002,-0.70038455,0.020814135,0.71316401,-0.01093031,0.044746554,0.0039973753
1.8805,0.042200427,0.052108347,0.041422765,0.019019601,-0.69963982,0.019717715,0.7139703,-0.010313932,0.013394079,0.010169448
1.8905,0.042020126,0.05215308,0.041499158,0.017317567,-0.69916172,0.018513056,0.714514,-0.0075274887,-0.0016417885,0.0070845565
1.9005,0.041866346,0.052048586,0.041650686,0.01552039,-0.69859259,0.017196864,0.71514459,-0.0039200055,-0.017208294,0.023214621
1.9105,0.041725636,0.051824214,0.041867132,0.013712624,-0.6977404,0.015749538,0.71604627,-0.0027049285,-0.026273398,0.025759846
1.9205,0.041592862,0.0515302,0.04217981,0.011936657,-0.69668263,0.014287238,0.71713786,-0.0019651773,-0.031368671,0.036206331
1.9305,0.041463851,0.051144942,0.042564126,0.010016015,-0.69562358,0.012838079,0.7182219,-0.00058623491,-0.043370604,0.048351539
1.9405,0.041350168,0.0506683,0.043029228,0.0082748667,-0.69461998,0.011053003,0.71924435,0.00034036153,-0.049841723,0.056087871
1.9505,0.041236623,0.050135792,0.043544642,0.0064612298,-0.6935963,0.0094027898,0.72027357,0.00036003895,-0.055287919,0.051786364
1.9605,0.041138712,0.049523466,0.044083795,0.0046632324,-0.69275518,0.0076344772,0.72111734,0.0024391986,-0.065630422,0.051760296
1.9705,0.041065407,0.048838707,0.044645197,0.0029862302,-0.6921377,0.0056367872,0.72173729,0.0048417999,-0.071075032,0.052690101
1.9805,0.041000432,0.048129128,0.045238164,0.001172686,-0.69152122,0.0038988285,0.72234467,0.0057655042,-0.072478012,0.056533942
1.9905,0.040957556,0.047377177,0.045798539,-0.00031510727,-0.69129297,0.0018170779,0.72257223,0.0068531257,-0.078710315,0.050055572
2.0005,0.040930873,0.046574084,0.046275943,-0.0018020042,-0.69152662,-0.00031170586,0.72234867,0.0073654675,-0.079631527,0.053938694
2.0105,0.040920696,0.045806737,0.04691111,-0.0032619147,-0.69197279,-0.0023023835,0.72191254,0.0085449544,-0.074874297,0.066494019
2.0205,0.040931292,0.045025464,0.047426435,-0.0050286494,-0.69293215,-0.0039444067,0.72097447,0.009471808,-0.079411263,0.042422173
2.0305,0.040964384,0.044229552,0.047840035,-0.006420106,-0.69451849,-0.0059907801,0.71942126,0.010506439,-0.079902898,0.032726262
2.0405,0.041017909,0.043435496,0.048066595,-0.0075172869,-0.6964889,-0.0081164529,0.71748228,0.011198219,-0.0772691,0.028429195
2.0505,0.041082765,0.042669221,0.048332491,-0.0095212479,-0.69844341,-0.0092428627,0.71554226,0.012192284,-0.075569658,0.028974781
2.0605,0.041162835,0.041915198,0.048463004,-0.010828477,-0.7006402,-0.010967703,0.71334827,0.013684708,-0.066815805,-0.00068377553
2.0705,0.041288528,0.041347903,0.048425083,-0.011532982,-0.7032078,-0.012956672,0.71077275,0.018644935,-0.052519076,-0.0039199534
2.0805,0.041458845,0.040881162,0.04835182,-0.012965362,-0.70573644,-0.014257424,0.70821233,0.021445754,-0.042871266,-0.0076183291
2.0905,0.041645086,0.040487359,0.048233936,-0.014040305,-0.70814411,-0.015603819,0.70575585,0.02244023,-0.034048336,-0.017013918
2.1005,0.041826453,0.040164879,0.04808227,-0.01518821,-0.71043957,-0.016756489,0.70339474,0.019873323,-0.028386415,-0.014505253
2.1105,0.04196383,0.039901442,0.04793817,-0.016312238,-0.71259204,-0.017880172,0.70116104,0.013074381,-0.024387765,-0.011591402
2.1205,0.042059044,0.039788249,0.047750789,-0.01708489,-0.71469034,-0.018872751,0.69897757,0.0092608792,0.01174369,-0.028461757
2.1305,0.042140254,0.039864785,0.047470797,-0.017629283,-0.71677217,-0.019385063,0.69681496,0.0061891411,0.00031538381,-0.025141911
2.1405,0.042230427,0.039909585,0.047180441,-0.018184814,-0.71878245,-0.019931776,0.69471133,0.0098349699,0.026485192,-0.037255603
2.1505,0.042382452,0.040212336,0.046784096,-0.018206734,-0.72091894,-0.019890834,0.69249459,0.012600793,0.032515968,-0.040381544
2.1605,0.042567907,0.040604177,0.046356459,-0.01800078,-0.72300934,-0.019590245,0.69032579,0.014104721,0.043848564,-0.043177752
2.1705,0.042800025,0.041084428,0.045878003,-0.017574922,-0.72511531,-0.018975486,0.68814158,0.018436439,0.0559665,-0.051778357
2.1805,0.043087446,0.041721273,0.045318678,-0.016777377,-0.72734902,-0.017982303,0.68582692,0.020727341,0.066587469,-0.057055797
2.1905,0.043404327,0.042437739,0.04472704,-0.01576248,-0.72957339,-0.016773342,0.68351509,0.02214441,0.072386591,-0.058849382
2.2005,0.043731304,0.043113047,0.044098656,-0.014845267,-0.73179171,-0.015525763,0.68118974,0.022992803,0.068647403,-0.067265264
2.2105,0.044049771,0.043658049,0.043466163,-0.01403741,-0.73398705,-0.01456566,0.67886214,0.022418456,0.041796736,-0.059044643
2.2205,0.044369442,0.044224699,0.0427915,-0.013303128,-0.73616191,-0.013415161,0.67654172,0.022088644,0.053989968,-0.065349655
2.2305,0.044641159,0.044647048,0.042121593,-0.012756162,-0.73829265,-0.012679501,0.67424066,0.016966392,0.030067973,-0.064207951
2.2405,0.044844474,0.044983068,0.041812455,-0.012603637,-0.73957632,-0.012374381,0.67284091,0.017218298,0.037807834,-0.0083204386
2.2505,0.045038654,0.045423143,0.041864865,-0.012569618,-0.73997501,-0.012190796,0.6724064,0.018572137,0.048839601,0.015263646
2.2605,0.045237927,0.046011213,0.042064595,-0.012457216,-0.73971041,-0.012134447,0.67270058,0.021385423,0.067303138,0.022508291
2.2705,0.045472474,0.046847345,0.042170424,-0.012173669,-0.73919207,-0.011676398,0.6732834,0.023060657,0.11318562,-0.019889423
2.2805,0.045747876,0.047918426,0.042105641,-0.011570579,-0.7386998,-0.010712451,0.67385011,0.024268376,0.10042188,0.0077507081
2.2905,0.046023329,0.049045503,0.042106245,-0.011016157,-0.73762093,-0.0097898287,0.6750542,0.02580306,0.12824957,-0.010851378
2.3005,0.046310444,0.050266229,0.042088653,-0.010364394,-0.73611361,-0.0087563053,0.676722,0.026528684,0.13392716,-0.01246864
2.3105,0.046601654,0.051526024,0.042042938,-0.0096761739,-0.73445428,-0.007574882,0.6785469,0.026585326,0.12381193,-0.0016399158
2.3205,0.046884723,0.052791758,0.041990263,-0.0087976256,-0.7325307,-0.0064267257,0.6806468,0.025626279,0.13216123,-0.011169626
2.3305,0.047163483,0.054049964,0.041916498,-0.0078258702,-0.73034142,-0.005204051,0.68301763,0.025625252,0.12531862,-0.0078111432
2.3405,0.047436659,0.055248214,0.041852014,-0.006895653,-0.72806779,-0.0040071508,0.68545874,0.025279463,0.11424905,-0.0026064471
2.3505,0.047706119,0.056166971,0.041755865,-0.0061484913,-0.72565883,-0.0027815092,0.6880216,0.026515176,0.0476845,-0.0048176908
2.3605,0.047941329,0.056250673,0.041691164,-0.0059490546,-0.72298882,-0.0020944558,0.69083094,0.025166037,-0.021332632,-0.0045391574
2.3705,0.048142623,0.055771791,0.041598162,-0.0057976572,-0.72023345,-0.001605998,0.69370569,0.021589543,-0.069172632,-0.011677653
2.3805,0.048322014,0.054829684,0.041510165,-0.0056277449,-0.71746658,-0.0012719495,0.69656903,0.021599024,-0.11524024,-0.010340188
2.3905,0.048504412,0.05347634,0.041400962,-0.0054559725,-0.71481191,-0.0010949553,0.69929462,0.022477738,-0.15243685,-0.01299306
2.4005,0.048666929,0.051807081,0.041297254,-0.0052983743,-0.71220929,-0.0011218293,0.7019463,0.014366351,-0.17951996,-0.018528467
2.4105,0.048673431,0.049925962,0.041171918,-0.0050354346,-0.70939729,-0.0013813991,0.70478949,-0.0001354638,-0.19726376,-0.015882495
2.4205,0.048556239,0.047893092,0.041052098,-0.0047406072,-0.70644379,-0.0018022468,0.70775099,-0.0092484543,-0.21190081,-0.020232504
2.4305,0.048385688,0.045838162,0.041022041,-0.0044147532,-0.70353358,-0.0023646174,0.71064437,-0.013055111,-0.18316958,0.016596334
2.4405,0.048196941,0.044260408,0.041370428,-0.0035542373,-0.70092663,-0.0022927967,0.71322084,-0.020569896,-0.15331325,0.017571173
2.4505,0.047964775,0.042901653,0.041538044,-0.0026686707,-0.69888831,-0.00196841,0.71522314,-0.023966541,-0.11274139,0.027969615
2.4605,0.047723002,0.041864126,0.041701897,-0.0016418241,-0.69716997,-0.0014206642,0.71690259,-0.026092069,-0.090345827,0.01519776
2.4705,0.047497088,0.04117231,0.0418943,-0.0003469307,-0.69552352,-0.00063779822,0.71850297,-0.024664298,-0.04977895,0.023674022
2.4805,0.047311332,0.040821676,0.042139879,0.001260317,-0.69386159,0.00038936625,0.72010718,-0.021551139,-0.025275689,0.020749237
2.4905,0.047177878,0.040668189,0.042381848,0.0030210864,-0.69234824,0.001555072,0.72155552,-0.017127122,-0.010315949,0.018854241
2.5005,0.047108727,0.040680036,0.042696504,0.0049613166,-0.69072924,0.0029170824,0.72309059,-0.011014364,0.0084245426,0.032847422
2.5105,0.047097955,0.040851323,0.043112571,0.0070895793,-0.68888114,0.0044419625,0.72482603,-0.0066606448,0.022056074,0.039893596
2.5205,0.047127956,0.041136898,0.043549354,0.0092666288,-0.68702165,0.0060422142,0.72655274,-0.0030661848,0.032121136,0.041492802
2.5305,0.047206959,0.04154246,0.044038211,0.011494272,-0.68531156,0.0078139681,0.72811736,0.00087980162,0.045739555,0.0470204
2.5405,0.047329202,0.042051037,0.044592875,0.013707798,-0.68379279,0.0098268183,0.72948129,0.0043049331,0.054424646,0.05905169
2.5505,0.047473921,0.042621138,0.045129279,0.015831549,-0.68244787,0.011989101,0.73066444,0.0052918967,0.059169304,0.056141122
2.5605,0.047645274,0.043260177,0.045611427,0.017735846,-0.68151518,0.014469835,0.73144591,0.0074580948,0.068991096,0.048534585
2.5705,0.047840801,0.043960561,0.046083958,0.019561957,-0.68101427,0.017128904,0.73180837,0.0075401196,0.070289917,0.055581897
2.5805,0.048075945,0.044521795,0.046634722,0.0220947,-0.68083786,0.019062562,0.73185261,0.013760567,0.041236787,0.047945638
2.5905,0.048380794,0.044874397,0.046953772,0.024336862,-0.68155392,0.021336203,0.7310518,0.018207404,0.034850252,0.023676268
2.6005,0.048717739,0.045266309,0.047216086,0.026560877,-0.68288159,0.023541882,0.72966638,0.019054947,0.042554552,0.028339451
2.6105,0.049060949,0.045716591,0.047526827,0.028848864,-0.68456725,0.025487003,0.72793258,0.019509405,0.046797946,0.031856241
2.6205,0.049413893,0.046224314,0.047735404,0.030650148,-0.68688405,0.027743307,0.72559023,0.019796,0.056590052,0.012162469
2.6305,0.049779257,0.046799999,0.047663477,0.031932144,-0.68992872,0.030241054,0.72254009,0.020729033,0.06091986,-0.0055823181
2.6405,0.050157958,0.047395456,0.047628151,0.033743443,-0.69325786,0.031892599,0.71919245,0.02251134,0.060811328,-0.0047430557
2.6505,0.050544271,0.048018085,0.047410722,0.035089712,-0.69683361,0.03378909,0.71557665,0.023329023,0.067087524,-0.030319548
2.6605,0.050943112,0.048671612,0.04712129,0.036333703,-0.70052235,0.035650764,0.7118127,0.025945328,0.065162834,-0.02362453
2.6705,0.051346401,0.049323335,0.046779054,0.037473453,-0.70419909,0.037321335,0.70803001,0.025562065,0.068954878,-0.045934154
2.6805,0.051752829,0.05000207,0.046465525,0.038513728,-0.70763425,0.039041336,0.70444747,0.027087284,0.070851378,-0.020318488
2.6905,0.052148193,0.050661481,0.046156518,0.039462194,-0.71071288,0.040659184,0.70119666,0.026767895,0.066755426,-0.015089513
2.7005,0.052526953,0.051274507,0.046067129,0.040283839,-0.71310877,0.042379423,0.69861082,0.026018443,0.059194001,-0.0046523134
2.7105,0.052886484,0.051840094,0.046093523,0.041110622,-0.71484272,0.04404129,0.69668512,0.025640112,0.057222311,0.012520661
2.7205,0.053234301,0.052376513,0.046282657,0.042141392,-0.71591796,0.045538546,0.69542204,0.02564863,0.052143914,0.022691355
2.7305,0.053550846,0.052678005,0.046507764,0.043380041,-0.71680874,0.046324783,0.69437556,0.019880327,-0.0083901668,0.0065161461
2.7405,0.053735026,0.052172236,0.046394481,0.043402351,-0.71868299,0.045988531,0.69245653,0.012785371,-0.082972947,-0.030013652
2.7505,0.053815135,0.051094257,0.045941779,0.042277991,-0.72127596,0.044806535,0.68990284,0.0076573616,-0.12792101,-0.059939765
2.7605,0.053819529,0.049670973,0.04523348,0.040421256,-0.72423997,0.042925124,0.68702257,0.0047877872,-0.15512637,-0.079830307
2.7705,0.053795925,0.047984367,0.044308172,0.038045677,-0.72749062,0.040464181,0.68386591,0.0063083937,-0.18131871,-0.10444738
2.7805,0.053848974,0.046756746,0.043438581,0.036621337,-0.7305436,0.038998959,0.68076722,0.010085051,-0.073148004,-0.071542745
2.7905,0.054030908,0.04631754,0.042856679,0.03670569,-0.73294342,0.03917088,0.67816833,0.016167128,-0.023772174,-0.049709099
2.8005,0.054257538,0.045911568,0.042270309,0.036811841,-0.73520807,0.039334058,0.67569728,0.018182583,-0.070702433,-0.075458936
2.8105,0.054453677,0.045098721,0.041736032,0.03623041,-0.73717065,0.038746956,0.67362116,0.021036393,-0.077938062,-0.019512732
2.8205,0.054668751,0.044296233,0.041768456,0.035936375,-0.73783171,0.03849955,0.67292698,0.02244174,-0.082775883,0.017681354
2.8305,0.054894379,0.043436655,0.042020116,0.035834495,-0.73804573,0.0383037,0.67270886,0.023528355,-0.089502799,0.02932575
2.8405,0.055123645,0.042473465,0.042265706,0.035696208,-0.73832364,0.037918424,0.67243303,0.023883053,-0.11417186,0.0028553894
2.8505,0.055320509,0.041254172,0.042182283,0.034853121,-0.73922059,0.036731324,0.67155713,0.024710386,-0.11404982,0.0023442257
2.8605,0.055548106,0.040201179,0.042300526,0.034508123,-0.73929712,0.03607712,0.67152617,0.02512512,-0.10710937,0.0060218485
2.8705,0.055743975,0.039106365,0.042282876,0.033937831,-0.73912032,0.035080197,0.67180262,0.024388684,-0.10054086,0.005877138
2.8805,0.055937606,0.038121412,0.042306075,0.033554916,-0.73857327,0.034269182,0.67246503,0.023300709,-0.093408511,0.0038960815
2.8905,0.056110109,0.037170627,0.042302579,0.033155209,-0.73764197,0.033303858,0.67355469,0.02246527,-0.09444028,-0.0033766248
2.9005,0.056270809,0.036289434,0.042285864,0.032714606,-0.73632063,0.032404752,0.67506415,0.021927377,-0.085012831,-0.002278585
2.9105,0.056420225,0.035469236,0.04224794,0.032197824,-0.73485106,0.031567407,0.67672795,0.020888378,-0.081891157,-0.0062280848
2.9205,0.056553961,0.034694528,0.042199566,0.031624472,-0.73310891,0.030679315,0.67868254,0.020538128,-0.080409136,-0.006920703
2.9305,0.056670107,0.033927068,0.042141344,0.030860449,-0.73112306,0.029587875,0.68090474,0.020443506,-0.077651733,-0.0063851692
2.9405,0.056793428,0.033402962,0.042093761,0.03037343,-0.72904202,0.028559075,0.68319804,0.020336511,-0.019698155,-0.001341105
2.9505,0.056960462,0.03352324,0.042025266,0.030170722,-0.72670121,0.027861715,0.68572502,0.025918796,0.037068682,-0.011524014
2.9605,0.057170749,0.034145703,0.041951386,0.02999023,-0.7240628,0.027318987,0.68853999,0.029373135,0.081161554,-0.0061575658
2.9705,0.057404745,0.035142372,0.041851046,0.029771176,-0.72134145,0.026895605,0.69141653,0.03093992,0.11427309,-0.011279474
2.9805,0.057686789,0.036466741,0.041744321,0.029533736,-0.7186777,0.026594191,0.69420665,0.03753292,0.14728161,-0.012741805
2.9905,0.058031933,0.038078012,0.04163136,0.029298504,-0.71618955,0.026417119,0.69678997,0.042316707,0.1721686,-0.0094320376
3.0005,0.058425046,0.039906354,0.04151631,0.029086727,-0.71392404,0.026371756,0.69912156,0.045200606,0.19093723,-0.0099258044
3.0105,0.058839167,0.041892441,0.041402745,0.028850529,-0.71179333,0.026457647,0.7012973,0.043920664,0.20453581,-0.011273133
3.0205,0.059120538,0.043947381,0.04127441,0.028585288,-0.70952729,0.026620762,0.70359452,0.023942958,0.20689644,-0.015933283
3.0305,0.059273619,0.045996772,0.04114517,0.028435726,-0.70717137,0.026703832,0.70596528,0.017436238,0.20357181,-0.011497213
3.0405,0.059379836,0.047988655,0.041034307,0.028181045,-0.7048979,0.026872792,0.70823911,0.013744768,0.19628508,-0.013087717
3.0505,0.059411772,0.049762341,0.040983015,0.027598955,-0.70278256,0.027047549,0.71035442,0.0018551382,0.14086561,0.013025979
3.0605,0.059292692,0.050801557,0.041179809,0.026331408,-0.70126112,0.026331476,0.71193128,-0.0073392704,0.077017832,0.023832674
3.0705,0.059102767,0.051327451,0.041392983,0.024917758,-0.7002005,0.024974146,0.71307409,-0.010536676,0.039459939,0.0044089804
3.0805,0.058897727,0.051549369,0.041460831,0.023144549,-0.69947893,0.023721673,0.71388433,-0.010036279,0.010301535,0.0094775836
3.0905,0.05871321,0.051570203,0.04152827,0.021314216,-0.6990336,0.022397754,0.71442009,-0.0073304471,-0.0037304499,0.0061427372
3.1005,0.058555667,0.051448318,0.041670576,0.019416063,-0.69849706,0.020984066,0.71504164,-0.0038209285,-0.018884524,0.022368032
3.1105,0.058411598,0.051210524,0.041898946,0.017478309,-0.69766335,0.01949649,0.7159471,-0.0029353572,-0.027018757,0.024356642
3.1205,0.058273506,0.050909726,0.042195919,0.015616532,-0.69662075,0.017982553,0.71704413,-0.0025319727,-0.032135273,0.028930454
3.1305,0.058145727,0.050513599,0.042567861,0.013733452,-0.69559759,0.01636989,0.71811379,6.247596e-08,-0.045199919,0.04419618
3.1405,0.058028398,0.050019854,0.0430256,0.011748159,-0.69459679,0.014704017,0.71915303,0.00053224877,-0.052979138,0.044108019
3.1505,0.057923844,0.04947218,0.043535982,0.010045431,-0.69360652,0.012827827,0.72016979,0.0012374789,-0.058129121,0.044373208
3.1605,0.057834692,0.048847932,0.044084971,0.0082029091,-0.6927616,0.01099275,0.72103622,0.0041183937,-0.068632205,0.045098973
3.1705,0.057763667,0.048156902,0.044655481,0.0063768123,-0.69212457,0.0090565466,0.72169308,0.0053995703,-0.072246878,0.052086509
3.1805,0.057707175,0.047439001,0.045230359,0.0047557829,-0.69154806,0.0070502714,0.72228039,0.0052507056,-0.07273426,0.052164882
3.1905,0.057659687,0.046689528,0.045798443,0.003108349,-0.69129789,0.00506611,0.72254544,0.006369458,-0.078910394,0.0413297
3.2005,0.057632237,0.045898902,0.046301939,0.0015611572,-0.69151708,0.0029738039,0.72235231,0.0075570989,-0.079421549,0.051228611
3.2105,0.057625545,0.045130755,0.046913889,0.00013850472,-0.69199516,0.00091263112,0.72190155,0.0087651534,-0.075181057,0.065233647
3.2205,0.057635384,0.044356332,0.047464892,-0.001618335,-0.6929573,-0.00077592224,0.72097639,0.0092468996,-0.078223939,0.049307445
3.2305,0.057664511,0.043558443,0.047813932,-0.0030252704,-0.69458934,-0.0027966946,0.71939466,0.010143194,-0.080409982,0.030123171
3.2405,0.05770991,0.042769735,0.048101904,-0.0043859012,-0.69651257,-0.004720476,0.71751566,0.010833394,-0.077038081,0.02876768
3.2505,0.057779148,0.041997621,0.048284134,-0.0059412787,-0.69864618,-0.0062985598,0.71541495,0.013126228,-0.077838645,0.015727562
3.2605,0.057873376,0.041235993,0.048395314,-0.0074134428,-0.7009048,-0.0078734,0.71317285,0.014783174,-0.074279044,0.01427498
3.2705,0.057994915,0.040585865,0.048454978,-0.0084443585,-0.70326469,-0.0096685599,0.7108122,0.017826519,-0.057184593,0.0022761342
3.2805,0.058167134,0.040091826,0.048423305,-0.0096720767,-0.70576635,-0.011166068,0.70829063,0.023672009,-0.035807314,-0.015617104
3.2905,0.058398368,0.039772383,0.048125259,-0.010865763,-0.70838134,-0.012078402,0.70564292,0.023940219,-0.032466687,-0.025409509
3.3005,0.058592372,0.039459684,0.047939126,-0.012015511,-0.71078934,-0.01320113,0.7031784,0.019086366,-0.029059001,-0.010738477
3.3105,0.058727018,0.039187791,0.047867666,-0.012933912,-0.71283933,-0.014521239,0.70105773,0.013584474,-0.024157742,-0.011844473
3.3205,0.058810754,0.03898876,0.047706599,-0.013907197,-0.7149033,-0.015673619,0.69890929,0.0083633106,-0.016413046,-0.019455725
3.3305,0.058868747,0.038946535,0.047461987,-0.014680323,-0.71693523,-0.016482486,0.69679028,0.0053843313,0.0091679014,-0.02919065
3.3405,0.058957072,0.039014733,0.047150874,-0.015246991,-0.71897707,-0.01696491,0.69465941,0.0099797069,0.023606531,-0.037854364
3.3505,0.059110571,0.039324577,0.046734332,-0.015351301,-0.72112775,-0.016835666,0.69242737,0.012694279,0.034081621,-0.042002169
3.3605,0.059297864,0.039712282,0.046297103,-0.015187979,-0.72322831,-0.016515372,0.69024443,0.01418721,0.051501958,-0.046665378
3.3705,0.059528107,0.040207785,0.045807475,-0.014714573,-0.72538778,-0.015942271,0.68799847,0.017582183,0.058040872,-0.052617538
3.3805,0.059808312,0.040826782,0.045249263,-0.013959219,-0.72761433,-0.015003184,0.68568027,0.020084499,0.056104274,-0.054753675
3.3905,0.060113239,0.041427815,0.044694716,-0.013124107,-0.72975692,-0.014047688,0.68343636,0.022437974,0.063133775,-0.056023281
3.4005,0.060447979,0.042110861,0.044057821,-0.012221651,-0.73198851,-0.012762542,0.68108778,0.023648865,0.066243738,-0.065386099
3.4105,0.060778091,0.042701654,0.04339977,-0.011355853,-0.73421378,-0.011661246,0.67872321,0.022868177,0.046556459,-0.062310173
3.4205,0.061081919,0.043142938,0.042781473,-0.010723591,-0.73629745,-0.010846269,0.67648609,0.023369273,0.068757012,-0.073310458
3.4305,0.061381765,0.04368827,0.042043302,-0.010198197,-0.738507,-0.0096396155,0.67409975,0.019308479,0.047956804,-0.068557372
3.4405,0.061619917,0.044147278,0.041715174,-0.0097055482,-0.73980076,-0.0092291016,0.6726927,0.019351661,0.047848245,-0.0077087001
3.4505,0.061834896,0.044655068,0.04178316,-0.0096559761,-0.74014674,-0.0089162422,0.67231694,0.020235742,0.05345948,0.016962951
3.4605,0.062051157,0.045273438,0.042000722,-0.0095450221,-0.73984146,-0.0088087974,0.67265587,0.022867037,0.069149194,0.024268772
3.4705,0.062285164,0.046049837,0.042209177,-0.0094492273,-0.73913226,-0.008566655,0.67343955,0.024666464,0.097054136,0.0028349211
3.4805,0.062583987,0.047163154,0.042076845,-0.008696738,-0.73876024,-0.0074196977,0.67387137,0.025357552,0.10549606,-0.00060728623
3.4905,0.062858301,0.048208758,0.042147227,-0.0083451964,-0.73754552,-0.0067681637,0.67521193,0.02752124,0.11600621,0.00046808423
3.5005,0.063162123,0.049432386,0.042090632,-0.007600662,-0.7361126,-0.0056488674,0.67679285,0.027976108,0.1146401,0.0060786806
3.5105,0.063459551,0.050649637,0.042041258,-0.0069758941,-0.73445273,-0.0045347255,0.67860884,0.027637804,0.11428272,0.0043408823
3.5205,0.063753348,0.051874373,0.041992535,-0.0061253725,-0.73251081,-0.0033996819,0.68071935,0.026917849,0.11665651,0.00046328898
3.5305,0.064042661,0.053093079,0.041921546,-0.0051417459,-0.73032552,-0.0021891319,0.68307642,0.026451752,0.11819833,-0.0050290744
3.5405,0.064323913,0.054259172,0.041848955,-0.0041821033,-0.72805698,-0.0010381468,0.68550308,0.025971968,0.1155753,-0.0082412237
3.5505,0.064594881,0.055110178,0.04177104,-0.0036434375,-0.72561088,-1.9757166e-05,0.68809561,0.027729281,0.044879269,-0.005162196
3.5605,0.064834212,0.055182228,0.041693973,-0.0034860236,-0.72294774,0.00059905419,0.69089366,0.025333358,-0.021388804,-0.010003916
3.5705,0.065034559,0.054701372,0.041608742,-0.0033419597,-0.72017025,0.0010316033,0.69378857,0.021405285,-0.069270364,-0.00086885726
3.5805,0.065212548,0.053757164,0.041508204,-0.003163418,-0.71741192,0.0013316498,0.69664076,0.021421419,-0.11545083,-0.010213474
3.5905,0.06539056,0.052402167,0.04140329,-0.0029832238,-0.71474416,0.0014783622,0.69937808,0.021810788,-0.15148282,-0.0072170642
3.6005,0.065545153,0.050731946,0.041307091,-0.0028124557,-0.71212639,0.0014304057,0.7020442,0.012975268,-0.17596933,-0.0043938297
3.6105,0.065542548,0.048848726,0.041178581,-0.0025351812,-0.70931669,0.0011566157,0.70488443,-0.0013035605,-0.19617605,-0.010512584
3.6205,0.065414662,0.046806997,0.041056656,-0.0022367808,-0.70637123,0.00070824119,0.70783768,-0.010845524,-0.20886413,-0.0056024791
3.6305,0.065233246,0.044740652,0.041018805,-0.0018964744,-0.70348494,0.00015218454,0.71070762,-0.014220175,-0.18377865,0.015015668
3.6405,0.065039095,0.043169932,0.041370861,-0.00098395805,-0.70090334,0.00028735916,0.71325553,-0.021221767,-0.1484997,0.023993789
3.6505,0.064800176,0.041815015,0.041530209,-6.4437169e-05,-0.69889021,0.00063004425,0.71522868,-0.02471969,-0.11270875,0.026510823
3.6605,0.064553535,0.040785991,0.041694406,0.00099000006,-0.69718564,0.0011873641,0.71688897,-0.026367767,-0.086374538,0.021041782
3.6705,0.064321695,0.040088506,0.041864612,0.0022860448,-0.69556451,0.0019527391,0.71845735,-0.025035317,-0.049117325,0.023923102
3.6805,0.064134162,0.039746719,0.042115253,0.0039091475,-0.69390564,0.0029776061,0.72004917,-0.021680842,-0.025174445,0.020647673
3.6905,0.064001419,0.039596626,0.042369903,0.0056805512,-0.692394,0.0041373253,0.72148539,-0.016656128,-0.0087239065,0.024646829
3.7005,0.063930696,0.03960963,0.042689534,0.0076499616,-0.69078209,0.0054531667,0.72300197,-0.01127554,0.0081135345,0.031318258
3.7105,0.063918875,0.039780681,0.043104216,0.0097538755,-0.68893235,0.006978202,0.72472642,-0.0060340139,0.023257327,0.045365281
3.7205,0.063947114,0.040066786,0.043541711,0.011919294,-0.68706993,0.0085607753,0.72644309,-0.0032633522,0.032086965,0.040428465
3.7305,0.064024585,0.040472207,0.044037095,0.014138447,-0.68535457,0.010310804,0.72799925,0.00070517425,0.045675886,0.045456035
3.7405,0.064144072,0.04097947,0.044586908,0.016365479,-0.68383474,0.012270137,0.72935016,0.004252601,0.05428362,0.058517329
3.7505,0.06428738,0.0415472,0.045121997,0.018457,-0.68247892,0.014428118,0.73052973,0.0052140145,0.058996889,0.05575896
3.7605,0.064457166,0.042183539,0.045610936,0.020344279,-0.68153412,0.016889439,0.73130849,0.0069482866,0.068519135,0.049300738
3.7705,0.06465146,0.042883568,0.046070366,0.022097803,-0.68103541,0.019580176,0.73165503,0.007700049,0.071516097,0.054773497
3.7805,0.06488878,0.043445069,0.046616885,0.024584931,-0.68085117,0.021515766,0.73169279,0.014900448,0.042026518,0.048991791
3.7905,0.065203772,0.043796853,0.046940873,0.026792178,-0.68155616,0.023777247,0.73088852,0.02031494,0.032068182,0.025884733
3.8005,0.065560378,0.044167107,0.047206485,0.029070864,-0.68290689,0.025892031,0.72946739,0.021172063,0.041558144,0.026414488
3.8105,0.06592402,0.044603792,0.047490486,0.031140842,-0.6846147,0.028032175,0.72769991,0.021472293,0.046502384,0.030022343
3.8205,0.066297132,0.045103708,0.047685237,0.032872602,-0.68694393,0.030312964,0.7253334,0.022177395,0.055294642,0.0054593233
3.8305,0.066678008,0.045654233,0.047635081,0.034492477,-0.68998209,0.032363667,0.72227943,0.022410669,0.057465663,-0.00042252465
3.8405,0.067058989,0.046233298,0.047541591,0.036002376,-0.69334037,0.034247506,0.71889503,0.022678632,0.06049441,-0.018519893
3.8505,0.067441816,0.046844991,0.047344847,0.037275624,-0.69690806,0.036186716,0.71527631,0.023761794,0.064741659,-0.027755496
3.8605,0.06783737,0.04748152,0.047067665,0.038596354,-0.70057845,0.037888559,0.71152274,0.024904749,0.066260652,-0.029360617
3.8705,0.068236141,0.048130056,0.046720166,0.039681096,-0.70425181,0.039562252,0.70773556,0.025943309,0.066546246,-0.032989105
3.8805,0.068631253,0.048786128,0.046416911,0.040620182,-0.70767958,0.04127103,0.70415646,0.025788928,0.067868839,-0.030314671
3.8905,0.069018145,0.049447976,0.046150457,0.041473072,-0.71073663,0.04297973,0.70091809,0.026234674,0.067014931,-0.01654499
3.9005,0.069388095,0.050059305,0.046008469,0.042242676,-0.71315592,0.044641162,0.69830606,0.025404436,0.059195044,-0.0099245032
3.9105,0.069743375,0.050638685,0.046061818,0.04308423,-0.71487172,0.046304942,0.69638928,0.025017498,0.05708104,0.0055844825
3.9205,0.070084439,0.051181825,0.046229834,0.044082093,-0.71595219,0.04778133,0.69511594,0.02507232,0.052631464,0.018312465
3.9305,0.070408495,0.051569059,0.046451388,0.045462259,-0.71678137,0.048684891,0.69410909,0.020776285,0.0074567102,0.0080863523
3.9405,0.07061168,0.05118913,0.046358007,0.045774006,-0.71857753,0.048555929,0.69223796,0.013141564,-0.072764183,-0.02823111
3.9505,0.070700853,0.050190882,0.045923718,0.044821877,-0.72112708,0.047526138,0.68971589,0.0074626557,-0.12163576,-0.058289919
3.9605,0.070705161,0.048814276,0.045228797,0.043058988,-0.72407123,0.045744209,0.68685825,0.0039247551,-0.15177641,-0.079137916
3.9705,0.070675029,0.047148608,0.044316682,0.040719896,-0.7273128,0.043336065,0.68372507,0.0052404316,-0.18033809,-0.10329809
3.9805,0.070722439,0.045926613,0.043453702,0.039299725,-0.73036411,0.04189317,0.6806385,0.0098362456,-0.072793867,-0.07128639
3.9905,0.070904187,0.045489539,0.04287224,0.03937996,-0.73276386,0.042079186,0.67803812,0.016247404,-0.023596436,-0.049831036
4.0005,0.071117457,0.04500362,0.042248311,0.039322737,-0.73509447,0.04207649,0.67551419,0.017241387,-0.08000595,-0.079598006
4.0105,0.071305358,0.044277071,0.041694592,0.038689803,-0.73710993,0.041430259,0.67339111,0.021054015,-0.063097724,-0.021595959
4.0205,0.071521478,0.043612402,0.041701927,0.038373849,-0.73781526,0.041205941,0.6726501,0.022257082,-0.072043425,0.016086665
4.0305,0.071742393,0.042830579,0.041946388,0.038262678,-0.73803531,0.041024535,0.67242608,0.022767618,-0.083870137,0.029209099
4.0405,0.07196967,0.041939512,0.042247878,0.038216097,-0.73820301,0.040799515,0.67225832,0.02342441,-0.10028596,0.020033418
4.0505,0.072155046,0.040733233,0.042189879,0.037398324,-0.73906394,0.039656528,0.67142625,0.022902984,-0.12185781,-0.006174761
4.0605,0.072363782,0.039626802,0.042274836,0.036958619,-0.73921606,0.038897221,0.67132755,0.024463606,-0.10370333,0.015821072
4.0705,0.072547097,0.038491534,0.042265601,0.036377698,-0.73903378,0.037888464,0.6716176,0.022946141,-0.10888587,0.0017962749
4.0805,0.072725663,0.037444165,0.042282668,0.035940071,-0.73850681,0.037011672,0.6722694,0.021802285,-0.10462184,-0.002944738
4.0905,0.072888368,0.036448421,0.042293144,0.035553025,-0.7375542,0.036060861,0.67338651,0.021177014,-0.10741669,-0.0094386362
4.1005,0.073035462,0.035498612,0.042278469,0.035060262,-0.73623476,0.035075141,0.67490658,0.020839477,-0.099449026,-0.0089494538
4.1105,0.073172125,0.034609265,0.042235858,0.034502279,-0.73477008,0.034160448,0.67657637,0.020081952,-0.08546326,-0.0040723579
4.1205,0.073294054,0.033764042,0.042193612,0.033906399,-0.73301862,0.033137686,0.67855431,0.019805119,-0.088979167,-0.0075004029
4.1305,0.073400061,0.032942478,0.042138958,0.033124944,-0.73102837,0.03198674,0.68079153,0.019597459,-0.08910226,-0.0094779123
4.1405,0.073513991,0.032332075,0.042096178,0.032650412,-0.72895222,0.030843935,0.6830895,0.020017415,-0.031561287,-0.0066249135
4.1505,0.073675198,0.032376689,0.042041529,0.032469152,-0.72658773,0.030130633,0.68564435,0.025383001,0.031013963,-0.0061481695
4.1605,0.0738812,0.032935214,0.041952564,0.032267745,-0.72396731,0.029566069,0.68844461,0.029186221,0.07521417,-0.010554709
4.1705,0.074119367,0.033882539,0.04185912,0.03203917,-0.72124687,0.02913596,0.69132303,0.031750364,0.10973635,-0.010412171
4.1805,0.074408097,0.03516737,0.041748314,0.031781873,-0.71859879,0.028819117,0.69410024,0.038165374,0.14289005,-0.0055950009
4.1905,0.074758908,0.036747059,0.041633242,0.031528027,-0.71611333,0.02862537,0.69668376,0.042978216,0.17025815,-0.015750039
4.2005,0.075157835,0.038546724,0.041530184,0.031294507,-0.71382771,0.028558088,0.69903869,0.045956532,0.18739321,-0.0043119537
4.2105,0.0755783,0.040511881,0.04140485,0.031047343,-0.71171004,0.028612885,0.70120339,0.04467496,0.20286489,-0.013516427
4.2205,0.075867866,0.042549708,0.041271624,0.030772025,-0.70944596,0.028759135,0.70350013,0.024620236,0.20362844,-0.0091244
4.2305,0.076027164,0.044581815,0.04115138,0.030573965,-0.70708302,0.028854859,0.70587976,0.01881565,0.20490888,-0.022635302
4.2405,0.076141552,0.046565631,0.041034605,0.030302448,-0.70482189,0.029024813,0.70814223,0.014556464,0.19573894,-0.014156079
4.2505,0.076179518,0.048347374,0.040943136,0.029888054,-0.70277254,0.029266042,0.71018375,0.0033108122,0.14813866,0.0080519786
4.2605,0.076093729,0.049467383,0.041117913,0.028900673,-0.70136271,0.028735807,0.7116385,-0.0056416396,0.084435258,0.022907356
4.2705,0.075922902,0.050043791,0.041347873,0.027478726,-0.70035687,0.027629984,0.71272839,-0.0094863594,0.037014904,0.023494863
4.2805,0.075725183,0.050317194,0.041372281,0.025814928,-0.69970003,0.026435165,0.71348065,-0.010094413,0.013913042,0.005942208
4.2905,0.075541259,0.050361486,0.041424884,0.024027838,-0.69927715,0.025116983,0.71400509,-0.0074721231,-0.0023933444,0.0058698551
4.3005,0.075377789,0.050246622,0.041574822,0.022169672,-0.69873121,0.023635234,0.71464997,-0.0045245303,-0.018503851,0.02439948
4.3105,0.075228923,0.050003036,0.041845292,0.020156228,-0.6978677,0.02213578,0.71560073,-0.0026401407,-0.028960916,0.027165627
4.3205,0.075087479,0.049687439,0.042134269,0.018237182,-0.69683132,0.020570002,0.71670802,-0.0022495287,-0.033436143,0.032600141
4.3305,0.074953407,0.049282487,0.042529825,0.016235322,-0.69576715,0.018950877,0.71783379,-0.00067287505,-0.046217866,0.041105632
4.3405,0.074834229,0.048779389,0.042987885,0.014372826,-0.69478707,0.017043365,0.71886986,0.00067956593,-0.052970633,0.05240637
4.3505,0.074718428,0.048223857,0.043507462,0.012430522,-0.69375845,0.015289844,0.71993814,0.0012163541,-0.0572165,0.053834969
4.3605,0.074618912,0.04759907,0.044055028,0.010566148,-0.69291299,0.013392861,0.72081937,0.0031327623,-0.067127037,0.053103031
4.3705,0.074542135,0.046904051,0.044613528,0.0088502614,-0.6923005,0.011258378,0.72146721,0.0046746497,-0.070492557,0.061586664
4.3805,0.074474101,0.046183589,0.04521927,0.006982594,-0.69167161,0.0094072006,0.72211712,0.0059410109,-0.072868121,0.061387781
4.3905,0.074427625,0.045420934,0.0457637,0.0054137872,-0.69145231,0.0072683139,0.72236526,0.0064108677,-0.079414883,0.046819472
4.4005,0.074393323,0.044615735,0.04625856,0.0037340075,-0.69165959,0.0052154922,0.72219517,0.0072214139,-0.081419069,0.048832291
4.4105,0.074384481,0.043825523,0.046837742,0.0024308557,-0.69217065,0.0029454848,0.72172377,0.0089593822,-0.07756211,0.060868532
4.4205,0.074394845,0.043035327,0.047394266,0.00078971057,-0.69315636,0.001067991,0.72078603,0.0093940613,-0.081124322,0.03967925
4.4305,0.074424735,0.042231007,0.047815725,-0.0010566179,-0.69468929,-0.00059663692,0.71930892,0.010437058,-0.079305527,0.04307678
4.4405,0.074476507,0.041427203,0.048047147,-0.0021577415,-0.69667105,-0.0028015847,0.71738201,0.011396561,-0.079237939,0.023723429
4.4505,0.074545152,0.040637905,0.048264296,-0.0039418274,-0.69874282,-0.0042029194,0.71534975,0.012654625,-0.080216169,0.006769476
4.4605,0.074632045,0.039847703,0.048400167,-0.005147097,-0.7010117,-0.0061040949,0.71310507,0.014690922,-0.077660315,0.016307084
4.4705,0.074753608,0.039116797,0.048429752,-0.0065263801,-0.70332422,-0.0076259924,0.71079835,0.018699312,-0.064789863,-0.0039445628
4.4805,0.074922631,0.038552421,0.048378879,-0.007844708,-0.70580955,-0.0091320972,0.70829934,0.021551807,-0.050709653,-0.0065942697
4.4905,0.07512408,0.038146107,0.048187887,-0.0090362145,-0.70837551,-0.010331387,0.70570231,0.023112657,-0.033062446,-0.035082782
4.5005,0.075317324,0.037821911,0.047927352,-0.010168029,-0.7108321,-0.011366972,0.70319636,0.019103091,-0.030381587,-0.019571314
4.5105,0.075457402,0.037546415,0.047754502,-0.011201747,-0.71308959,-0.012552168,0.70087103,0.013506421,-0.025363532,-0.013545247
4.5205,0.075547123,0.037339562,0.047589064,-0.012175256,-0.71517127,-0.013708199,0.69870874,0.009067472,-0.017035956,-0.018987496
4.5305,0.075600234,0.037193692,0.047389511,-0.013138846,-0.71712875,-0.014718567,0.69666139,0.0063204851,-0.012729401,-0.020333218
4.5405,0.075683013,0.037171374,0.047125214,-0.01383994,-0.71909819,-0.015422759,0.69459944,0.010289228,0.023263851,-0.036061235
4.5505,0.075846521,0.037564849,0.046691966,-0.013769165,-0.72128126,-0.015168966,0.69233927,0.013008777,0.028668731,-0.040291462
4.5605,0.076033704,0.037938414,0.046257895,-0.013682721,-0.7233587,-0.01485048,0.69017711,0.013977218,0.046746809,-0.044759308
4.5705,0.076254962,0.038324137,0.045802312,-0.013340907,-0.72545392,-0.014544468,0.68798771,0.018824149,0.041893165,-0.048704207
4.5805,0.0765426,0.038901465,0.045253858,-0.012618705,-0.72766977,-0.013707344,0.68567455,0.021610103,0.063811559,-0.05702513
4.5905,0.076862191,0.039582948,0.044654489,-0.011789621,-0.72987052,-0.012481387,0.68336977,0.022646214,0.068127358,-0.058873832
4.6005,0.077187821,0.040208447,0.044034939,-0.010935279,-0.73208072,-0.011374711,0.68103514,0.023440063,0.059407557,-0.064569826
4.6105,0.077511805,0.040759534,0.043379197,-0.010225979,-0.73428245,-0.010311625,0.67868873,0.023363783,0.052180714,-0.064029164
4.6205,0.07783084,0.041292826,0.042715441,-0.0094974024,-0.73643708,-0.0092794196,0.67637572,0.021739735,0.039046001,-0.0602766
4.6305,0.078113459,0.041720675,0.042043724,-0.0089802362,-0.73856385,-0.0084873578,0.67407029,0.01847104,0.039359705,-0.063376139
4.6405,0.078338655,0.042100196,0.041739189,-0.0087219581,-0.73980224,-0.008017243,0.67272007,0.018526924,0.039615356,-0.007792248
4.6505,0.078559671,0.042567235,0.041802371,-0.0086372406,-0.74017904,-0.0077882038,0.67230925,0.021976773,0.05256792,0.015906474
4.6605,0.078783935,0.043180144,0.042033103,-0.0084092789,-0.73987708,-0.0078007207,0.67264429,0.023390917,0.068746797,0.02460275
4.6705,0.079037922,0.044008751,0.042177549,-0.0081457156,-0.73928661,-0.0074183446,0.67330077,0.025396985,0.11002474,-0.014544413
4.6805,0.079335465,0.045083901,0.042105647,-0.0075302542,-0.73879395,-0.0064255495,0.67385867,0.026326631,0.10056218,0.0071418844
4.6905,0.079629916,0.04620172,0.042105242,-0.0069844612,-0.7377027,-0.0054930595,0.67506724,0.027633394,0.12656097,-0.010585197
4.7005,0.079931405,0.047402841,0.042085626,-0.0063615026,-0.73618296,-0.0044571624,0.67673799,0.028366816,0.13209712,-0.013586225
4.7105,0.080232342,0.048620382,0.042043174,-0.0057677739,-0.73450315,-0.0033401199,0.67857255,0.027675969,0.12634036,-0.0092290121
4.7205,0.080522881,0.049839983,0.041982964,-0.0050029244,-0.73258013,-0.0022071493,0.68065884,0.026772027,0.12175743,-0.0048783917
4.7305,0.080802977,0.051035909,0.04192519,-0.0040756614,-0.73036618,-0.0011600246,0.68304267,0.026455762,0.1220285,-0.0082729749
4.7405,0.081082321,0.052198966,0.041851309,-0.0031325887,-0.72810302,-1.2058894e-05,0.68546056,0.025819116,0.11018683,-0.0038096477
4.7505,0.081340661,0.053031431,0.041775514,-0.0025392699,-0.72566414,0.0010118311,0.68804366,0.026368135,0.042035691,-0.006627025
4.7605,0.081570846,0.053076517,0.041696278,-0.0023563308,-0.72301277,0.0016465065,0.69082869,0.023944741,-0.024529561,-0.0058401382
4.7705,0.081764534,0.052572134,0.04160156,-0.0022035716,-0.72024984,0.0020953303,0.69370809,0.020538838,-0.071303056,-0.0061650489
4.7805,0.081934998,0.051609656,0.041509081,-0.002028342,-0.71747669,0.0023969496,0.69657544,0.021130979,-0.11614823,-0.0029997584
4.7905,0.082104342,0.05024112,0.041406043,-0.001848723,-0.71479675,0.0025430008,0.69932519,0.021386132,-0.1541172,-0.012773156
4.8005,0.082253075,0.048558699,0.041302604,-0.0016844281,-0.7121869,0.0024893799,0.70198347,0.012577386,-0.17907919,-0.012709572
4.8105,0.0822441,0.046669735,0.041177767,-0.0014118972,-0.70936513,0.0022068275,0.70483633,-0.0014322227,-0.19936468,-0.020081825
4.8205,0.082113082,0.04462678,0.04105564,-0.001117145,-0.7064172,0.0017535205,0.70779263,-0.011015905,-0.20902358,-0.0065662044
4.8305,0.081928106,0.042570355,0.041043179,-0.00077996238,-0.70348519,0.0011977583,0.71070848,-0.01458173,-0.18197917,0.020130158
4.8405,0.081728331,0.040992252,0.041391983,9.7821759e-05,-0.70085954,0.0013043499,0.71329811,-0.021430732,-0.15660882,0.011351419
4.8505,0.081488038,0.039613743,0.041516286,0.00096789106,-0.69885508,0.0016033752,0.71526084,-0.024579453,-0.113483,0.025575967
4.8605,0.08124334,0.038590722,0.041686721,0.0020214817,-0.69714081,0.0021563637,0.71692814,-0.026770383,-0.091210092,0.011768553
4.8705,0.081016271,0.03791931,0.041895948,0.0033441762,-0.69549377,0.0029429837,0.71851832,-0.025102693,-0.051104396,0.018949855
4.8805,0.080830479,0.037576811,0.042141148,0.0049610914,-0.69384556,0.0039588152,0.72009587,-0.021840359,-0.026533265,0.015829863
4.8905,0.080696446,0.037419301,0.042364388,0.0067028792,-0.6923614,0.0051069502,0.72150169,-0.016670496,-0.008967593,0.022689594
4.9005,0.080629348,0.037438097,0.042699356,0.0086818212,-0.69074837,0.0064100194,0.72301468,-0.011032924,0.0078169801,0.030750824
4.9105,0.080620188,0.037608792,0.043117678,0.010884447,-0.68891767,0.0078057377,0.72471584,-0.0056909857,0.02307404,0.045194248
4.9205,0.080651912,0.037895427,0.043570786,0.013071545,-0.68705779,0.0093499536,0.72642502,-0.0034478566,0.03155776,0.039116281
4.9305,0.080729784,0.038295767,0.044057027,0.015145761,-0.68534499,0.011225417,0.72797448,0.0010457197,0.045914762,0.050116273
4.9405,0.080848161,0.038803228,0.044590713,0.01732172,-0.68384209,0.013204599,0.72930487,0.0040344556,0.054397497,0.056465906
4.9505,0.080990271,0.039371843,0.045120224,0.019372704,-0.68250142,0.015372437,0.73046574,0.0050237155,0.059238146,0.053030755
4.9605,0.081160081,0.040009579,0.045597424,0.021181381,-0.68156521,0.017887069,0.73123202,0.0071632127,0.069016315,0.04449423
4.9705,0.081351417,0.040709436,0.046048002,0.022935052,-0.68107392,0.020534579,0.73156724,0.0074866938,0.070374454,0.055472974
4.9805,0.081590534,0.041271053,0.046605363,0.025477556,-0.68088359,0.022372434,0.73160639,0.015805727,0.042801189,0.05029865
4.9905,0.081903818,0.041623094,0.04694415,0.027697064,-0.6815737,0.024588176,0.73081159,0.019358969,0.033210068,0.023660239
5.0005,0.082250844,0.04199816,0.047186463,0.02984755,-0.68292163,0.026802571,0.72938932,0.020376772,0.042497174,0.025209341
5.0105,0.082605507,0.042441,0.047460987,0.031825706,-0.68463367,0.029003149,0.72761438,0.0206216,0.04784731,0.029344323
5.0205,0.082967145,0.042934686,0.047674629,0.033706226,-0.6869443,0.031071424,0.7252627,0.021076457,0.052380685,0.0011879634
5.0305,0.08333643,0.043475331,0.047677811,0.035413578,-0.68993871,0.033017566,0.7222467,0.021358865,0.05777022,-0.0005078944
5.0405,0.083706221,0.04405768,0.047524816,0.036681997,-0.69331941,0.035125853,0.71883851,0.021556271,0.060972517,-0.018958773
5.0505,0.084080889,0.044666587,0.047366068,0.038147415,-0.69686661,0.036844415,0.71523715,0.023672168,0.062011322,-0.019836914
5.0605,0.084466835,0.045315055,0.047076069,0.039315637,-0.70053437,0.03871196,0.71148244,0.02327873,0.070469746,-0.036453548
5.0705,0.084863402,0.045977964,0.046759787,0.040550536,-0.70418324,0.040272287,0.70771446,0.02586856,0.066929879,-0.032730193
5.0805,0.085257113,0.046654181,0.046375728,0.041253361,-0.70764064,0.042230761,0.70410187,0.025645802,0.071295299,-0.029372832
5.0905,0.08564698,0.047345309,0.046171552,0.042087748,-0.71065538,0.04409929,0.70089429,0.025775481,0.06794148,-0.022033963
5.1005,0.086013344,0.047965594,0.046034161,0.04278187,-0.71304804,0.045864466,0.69830413,0.025166944,0.060951932,0.0019876541
5.1105,0.086361405,0.048537338,0.046062276,0.043621885,-0.71476034,0.047463423,0.69639214,0.024665302,0.057623967,0.011514922
5.1205,0.086698977,0.049081739,0.046260649,0.044691381,-0.71581271,0.048895908,0.69514318,0.024532805,0.051438335,0.013311328
5.1305,0.087026189,0.049472716,0.046419539,0.046291131,-0.71674111,0.049701458,0.69402383,0.021882477,0.02529645,0.0013572993
5.1405,0.087257323,0.049248234,0.046274241,0.047092269,-0.71860863,0.049802662,0.69202864,0.013373915,-0.059022023,-0.033644902
5.1505,0.087361196,0.048365947,0.045794123,0.046419827,-0.72122221,0.048994061,0.68940794,0.0071582826,-0.11163257,-0.062642404
5.1605,0.087372218,0.047070812,0.045064268,0.044814697,-0.72421968,0.047392775,0.68647755,0.003480509,-0.14496921,-0.081926633
5.1705,0.087381153,0.04573001,0.044212687,0.043102985,-0.7273465,0.045718899,0.68338787,0.0076997608,-0.090620434,-0.076216206
5.1805,0.087540383,0.045186299,0.043575853,0.042976687,-0.72997228,0.045772389,0.68058678,0.014853965,-0.029839707,-0.055608927
5.1905,0.087720473,0.044595354,0.042924208,0.042690919,-0.73246402,0.045612654,0.67793321,0.014195472,-0.086525951,-0.074914858
5.2005,0.087892588,0.043883954,0.042217344,0.042200793,-0.73495169,0.045170291,0.67529604,0.017315674,-0.042775892,-0.060829741
5.2105,0.088121819,0.043405594,0.041863392,0.042225182,-0.73663242,0.045362966,0.67344778,0.020834798,-0.053113129,-0.0085955719
5.2205,0.088338548,0.042763731,0.041936502,0.042090184,-0.73724044,0.04545962,0.67278405,0.020457939,-0.072509751,0.018279191
5.2305,0.088545155,0.041959235,0.042179617,0.042090338,-0.7375058,0.04533722,0.6725014,0.02077753,-0.087024383,0.027120415
5.2405,0.088715557,0.04081097,0.042166547,0.041406032,-0.73831931,0.044369576,0.67171532,0.0205887,-0.12230906,-0.0054032965
5.2505,0.088908149,0.039677245,0.042263907,0.040916575,-0.73886465,0.043643028,0.67119307,0.022273334,-0.11419653,0.010408314
5.2605,0.089079732,0.038457649,0.042256103,0.04021913,-0.73919547,0.042570832,0.67093979,0.022480849,-0.11483773,0.0073044129
5.2705,0.089250323,0.037300969,0.042275795,0.039683156,-0.73893777,0.041579391,0.67131764,0.02173187,-0.11480007,-5.0328269e-06
5.2805,0.089415655,0.036218402,0.042305552,0.039275647,-0.73836587,0.040646018,0.67202766,0.021050602,-0.10393631,0.0041561435
5.2905,0.089559815,0.035156319,0.042301913,0.038738203,-0.73743352,0.03954568,0.67314731,0.020721625,-0.10332161,-0.00071577042
5.3005,0.089692298,0.034155295,0.042289032,0.038234833,-0.73609577,0.03841048,0.6747042,0.020247697,-0.098642554,-0.0034346239
5.3105,0.089816958,0.033224864,0.042246497,0.037549015,-0.73463191,0.037441853,0.67639052,0.019601142,-0.089529916,-0.0037689096
5.3205,0.089924503,0.032324847,0.042190734,0.036730806,-0.73291412,0.036329013,0.6783568,0.01918495,-0.088642365,-0.0051893651
5.3305,0.09002191,0.031466639,0.042138565,0.03593554,-0.73091436,0.035086572,0.68061866,0.019145494,-0.088960126,-0.0068076278
5.3405,0.090128583,0.030851979,0.042093577,0.035402841,-0.72883064,0.033866698,0.68293894,0.019716828,-0.026813667,-0.0016407561
5.3505,0.09028796,0.030919263,0.042032971,0.035209144,-0.72646648,0.033098215,0.68550075,0.025582145,0.031618404,-0.013646103
5.3605,0.09049613,0.031500393,0.041958547,0.0350245,-0.72381872,0.032501252,0.6883338,0.029634359,0.077806693,-0.0033180729
5.3705,0.090738284,0.032465816,0.041859309,0.034802081,-0.72110697,0.032029249,0.69120741,0.032317955,0.11143866,-0.013291701
5.3805,0.091030948,0.033765362,0.041758001,0.03455369,-0.718438,0.031681956,0.69400946,0.038763706,0.14470258,-0.0089761067
5.3905,0.091387934,0.035358358,0.041638929,0.034305208,-0.71595714,0.031461956,0.69659075,0.043780595,0.16973065,-0.0051918844
5.4005,0.091795514,0.037171515,0.041522955,0.034079843,-0.71369511,0.031373634,0.69892314,0.047378952,0.18994112,-0.012014668
5.4105,0.092232574,0.039144088,0.041416814,0.033834039,-0.71158041,0.031406432,0.70108645,0.04547756,0.20408009,-0.016336036
5.4205,0.092529894,0.041192083,0.041281601,0.033572586,-0.70931627,0.031505852,0.70338517,0.025803014,0.20515087,-0.011161435
5.4305,0.092700894,0.043237008,0.041157814,0.033381042,-0.7069585,0.03157397,0.70576091,0.019631877,0.20449828,-0.015939805
5.4405,0.092827665,0.045233221,0.041038175,0.033106249,-0.70470699,0.03172709,0.70801513,0.015450244,0.19534054,-0.007036842
5.4505,0.092876697,0.047030748,0.040973093,0.032537634,-0.70261255,0.031914528,0.71011152,0.0046473751,0.14807808,0.011925954
5.4605,0.092784714,0.048142697,0.041170316,0.031295729,-0.70114837,0.031189505,0.7116451,-0.0051206733,0.083558847,0.024407256
5.4705,0.092614488,0.048740402,0.041367718,0.029863795,-0.70014495,0.029820717,0.71275236,-0.009173644,0.046752528,0.00034879138
5.4805,0.092415451,0.049008106,0.041415051,0.02805782,-0.69946559,0.028541429,0.71354469,-0.009762941,0.012858876,0.0087760558
5.4905,0.092228272,0.049044836,0.041482712,0.026176072,-0.69903557,0.027158531,0.71409138,-0.0074486597,-0.0030337095,0.006603063
5.5005,0.092065457,0.048929846,0.041630581,0.024215205,-0.69850808,0.025670209,0.71473151,-0.0039756484,-0.018487978,0.022945323
5.5105,0.091919245,0.048690747,0.041877765,0.022247881,-0.69768265,0.024052841,0.71565733,-0.0022883128,-0.028128242,0.027527822
5.5205,0.091778041,0.04838385,0.042160192,0.020357432,-0.69667489,0.022413929,0.71674772,-0.002166899,-0.032738974,0.034428959
5.5305,0.091643198,0.047980901,0.042524948,0.018278502,-0.69565247,0.02084099,0.71784343,-4.6274532e-05,-0.045864821,0.044853498
5.5405,0.091521568,0.047484585,0.043004613,0.016275072,-0.69465474,0.019044652,0.71890696,0.00038144982,-0.05293487,0.050482362
5.5505,0.091411208,0.046931458,0.043515954,0.014480856,-0.69366666,0.017116587,0.71994715,0.0012569244,-0.057943394,0.047458372
5.5605,0.091310673,0.046308655,0.044068875,0.012572079,-0.69282459,0.015235728,0.72083556,0.0037273379,-0.067253262,0.053610275
5.5705,0.091231708,0.045616006,0.044644113,0.010715632,-0.69219676,0.013223611,0.72150811,0.0046998868,-0.07062478,0.062710968
5.5805,0.091171459,0.04489474,0.045223892,0.0091568689,-0.6916343,0.011052435,0.72210525,0.0049651211,-0.072127112,0.060870021
5.5905,0.091111528,0.044136926,0.045781008,0.007268147,-0.6913751,0.0092279225,0.72240051,0.0056577633,-0.079525598,0.047132037
5.6005,0.09107618,0.043321529,0.04625752,0.0057681037,-0.69163571,0.0069825431,0.72218973,0.0065587034,-0.081555557,0.050797283
5.6105,0.091056366,0.04253704,0.046864805,0.004140829,-0.69210062,0.005036277,0.72177158,0.0078605279,-0.076665427,0.063855291
5.6205,0.091059749,0.041754837,0.047424214,0.0026109461,-0.69310254,0.0030491531,0.72082782,0.0087213768,-0.081643488,0.026715982
5.6305,0.091086407,0.040942264,0.047756173,0.001259697,-0.69477333,0.00092533157,0.71922707,0.0099491581,-0.080635026,0.036666366
5.6405,0.091128562,0.040148345,0.048037247,-0.00067852647,-0.69662768,-0.00044384337,0.71743238,0.010802674,-0.078272103,0.019770168
5.6505,0.091184237,0.039356122,0.048256793,-0.0021293722,-0.69871404,-0.0022388757,0.7153944,0.011287535,-0.07956863,0.022488405
5.6605,0.091254638,0.038566574,0.048435493,-0.0032467164,-0.70096603,-0.0042729223,0.71317447,0.013123477,-0.078072877,0.015519884
5.6705,0.091363408,0.037849799,0.048474222,-0.0045743668,-0.70329311,-0.0058800476,0.71086096,0.01786298,-0.062649083,-0.00082263057
5.6805,0.091518076,0.037321649,0.048425883,-0.0059105577,-0.70580936,-0.007353809,0.708339,0.020301936,-0.04036677,-0.013347395
5.6905,0.091736726,0.037057418,0.048118079,-0.007000973,-0.70852831,-0.0081738064,0.70560032,0.023379988,-0.025359656,-0.031204294
5.7005,0.091925179,0.036794979,0.047918849,-0.0080503276,-0.71093232,-0.0092561237,0.70315344,0.017916136,-0.025740587,-0.010694692
5.7105,0.09205991,0.036566906,0.047776047,-0.0091090618,-0.71309841,-0.010403192,0.70092757,0.013613799,-0.019879459,-0.017700019
5.7205,0.092140938,0.036392561,0.047581807,-0.010196813,-0.71520739,-0.0114365,0.69874431,0.0080808506,-0.015288811,-0.019848217
5.7305,0.092187487,0.036256137,0.047376666,-0.011156039,-0.71717628,-0.012440193,0.69669144,0.0058236071,-0.01234794,-0.020719318
5.7405,0.092278079,0.036345111,0.047074782,-0.011642664,-0.71921452,-0.012931815,0.69457015,0.0098427765,0.038404088,-0.041515616
5.7505,0.092429887,0.036606498,0.046689686,-0.011735383,-0.72133505,-0.012987391,0.69236504,0.013144956,0.030077861,-0.041355253
5.7605,0.092608576,0.036841003,0.046308651,-0.011709399,-0.7233461,-0.013063732,0.69026274,0.015384516,0.026299046,-0.038140799
5.7705,0.092864926,0.037405855,0.045804993,-0.011098867,-0.72551406,-0.012312567,0.68800768,0.019338176,0.057657089,-0.052864054
5.7805,0.09316789,0.038065961,0.045224365,-0.010362791,-0.72775968,-0.011186195,0.68566269,0.021997031,0.073465625,-0.0603075
5.7905,0.093487855,0.038703525,0.044644758,-0.0095153207,-0.72994687,-0.010109212,0.68336288,0.023217566,0.049387802,-0.052555111
5.8005,0.09382766,0.039332883,0.044004059,-0.0087534218,-0.73215706,-0.0088615329,0.68102195,0.024384055,0.054538711,-0.062304376
5.8105,0.094154686,0.039819547,0.043382757,-0.0080269255,-0.73432855,-0.0080079986,0.6786995,0.02486408,0.063013362,-0.06950478
5.8205,0.094490086,0.040387068,0.042705457,-0.0072548092,-0.73650447,-0.0068545115,0.67635904,0.023047507,0.047144502,-0.062574751
5.8305,0.094772883,0.040803986,0.04203538,-0.00675813,-0.73861628,-0.006043486,0.67406512,0.01805495,0.036078974,-0.06089489
5.8405,0.094993285,0.041171941,0.041749675,-0.006505577,-0.73980957,-0.0056439176,0.6727612,0.01916481,0.040790906,-0.0061208666
5.8505,0.095200753,0.04162468,0.041824556,-0.0064402187,-0.74014364,-0.0054257233,0.67239607,0.01978118,0.049373016,0.016377146
5.8605,0.095417232,0.04221189,0.042027519,-0.0063982565,-0.73987084,-0.0052866583,0.67269774,0.022858473,0.066516961,0.023023369
5.8705,0.095659907,0.042987917,0.042193901,-0.0062634245,-0.73923838,-0.0049651144,0.67339642,0.02520671,0.10141254,-0.0074639241
5.8805,0.095952447,0.044025173,0.042126898,-0.0056755636,-0.73873969,-0.004034742,0.67395488,0.026291784,0.0977658,0.0065144049
5.8905,0.096246418,0.045120705,0.042112509,-0.0051046349,-0.73767705,-0.0031399536,0.67512714,0.027945492,0.11945453,-0.006084201
5.9005,0.096549937,0.046298612,0.042084462,-0.0044447055,-0.73617901,-0.0021574277,0.67676883,0.028534032,0.12447309,-0.0078159988
5.9105,0.096854513,0.047505676,0.042040492,-0.003725829,-0.73451138,-0.0011018026,0.67858524,0.027967416,0.11908621,-0.0032246439
5.9205,0.097150626,0.048712387,0.041988079,-0.0028313159,-0.73257675,-6.7707292e-05,0.68067855,0.027370986,0.12652986,-0.010954932
5.9305,0.097439448,0.049904884,0.041924464,-0.0019898784,-0.73034234,0.0011198908,0.68307749,0.026872123,0.11809825,-0.0062632464
5.9405,0.097725791,0.051059214,0.041845612,-0.0010477416,-0.72808476,0.0023066883,0.68548244,0.026404836,0.11287195,-0.0072871043
5.9505,0.097994869,0.051870344,0.041770507,-0.00051977748,-0.72563389,0.0032913891,0.68807293,0.027343442,0.040419899,-0.0045270231
5.9605,0.098228093,0.051904895,0.041693252,-0.00035218441,-0.72296947,0.0038880302,0.69086895,0.024393294,-0.024758289,-0.0096763054
5.9705,0.098418626,0.051394853,0.041609833,-0.00019525727,-0.72018484,0.0042962133,0.69376891,0.020619934,-0.071989254,-0.0059070542
5.9805,0.098586984,0.050426016,0.041501705,-3.3632855e-06,-0.71743526,0.0045742912,0.69661016,0.020639839,-0.11735377,-0.0080656162
5.9905,0.098752096,0.049052344,0.041402906,0.00018890623,-0.71475716,0.0046978309,0.69935692,0.020336888,-0.15444433,-0.012402641
6.0005,0.098892368,0.047364542,0.041298466,0.00036705086,-0.71214963,0.0046255359,0.70201238,0.011746949,-0.17917318,-0.01115187
6.0105,0.09887327,0.045472844,0.041180081,0.00065767723,-0.70932247,0.0043294502,0.70487052,-0.0032216375,-0.19683954,-0.009683917
6.0205,0.098726778,0.043421662,0.041054856,0.00095407109,-0.70638325,0.0038543895,0.70781844,-0.012649051,-0.20926244,-0.0039075551
6.0305,0.098530045,0.041367428,0.041025046,0.0013309028,-0.70352111,0.0032805511,0.71066554,-0.015622437,-0.18112603,0.016104188
6.0405,0.098323964,0.039806758,0.041366419,0.002266958,-0.70097993,0.0033996798,0.71316929,-0.022712019,-0.15150027,0.016801563
6.0505,0.098075669,0.038464224,0.041526276,0.003196441,-0.69898519,0.0037426677,0.71511921,-0.025499476,-0.11121268,0.027226331
6.0605,0.097818354,0.037423243,0.041652346,0.0042241486,-0.69731574,0.0042740701,0.71673889,-0.027273502,-0.087807241,0.017250956
6.0705,0.09758376,0.036747408,0.041847104,0.0055368661,-0.69567956,0.0050561712,0.71831311,-0.025717107,-0.051528559,0.018052285
6.0805,0.097395436,0.036409101,0.042111762,0.0071586616,-0.69401479,0.0060801022,0.71989947,-0.021235576,-0.022406816,0.02801773
6.0905,0.09725905,0.03625189,0.042337639,0.0088991195,-0.6925157,0.0072303577,0.72131167,-0.017072603,-0.0097686328,0.020198753
6.1005,0.097190531,0.036268095,0.042668604,0.010801527,-0.69088654,0.0086074489,0.72283126,-0.010518594,0.0099699501,0.039382457
6.1105,0.097177308,0.036439029,0.04307778,0.012932337,-0.68903956,0.010071778,0.72453833,-0.0065150405,0.02241723,0.04071218
6.1205,0.097207019,0.03672618,0.043524305,0.015100001,-0.68716773,0.011624723,0.72624884,-0.0030271818,0.032175992,0.041929342
6.1305,0.097285048,0.037128756,0.044029755,0.017309043,-0.68543599,0.013350678,0.72780468,0.0014013559,0.045625043,0.053274794
6.1405,0.097403275,0.037631269,0.044584137,0.019553537,-0.68390295,0.015246241,0.72915153,0.0033027405,0.053254378,0.048521763
6.1505,0.097544929,0.038190555,0.045130656,0.021656547,-0.68252778,0.017342598,0.73033284,0.0056847338,0.058445091,0.057108339
6.1605,0.097712208,0.03881862,0.045625428,0.023550457,-0.68156426,0.019737857,0.73111281,0.00704552,0.067765924,0.052723028
6.1705,0.097903946,0.039513001,0.046060735,0.02522416,-0.68106509,0.02245027,0.73144382,0.0079350439,0.071701602,0.051519495
6.1805,0.098136238,0.04005604,0.04656204,0.027551418,-0.68092651,0.024501699,0.73142305,0.014896548,0.040810081,0.046646145
6.1905,0.098469752,0.040400796,0.046927086,0.029913616,-0.6815966,0.026554211,0.73063406,0.021539073,0.033379663,0.026379816
6.2005,0.098835372,0.040792967,0.047191808,0.032003531,-0.68288443,0.028793497,0.72925686,0.022168406,0.045103937,0.027640034
6.2105,0.099206477,0.041258619,0.047484368,0.033904478,-0.6845603,0.031040061,0.72750546,0.022419413,0.049345811,0.031856715
6.2205,0.099585782,0.041771444,0.047687908,0.035828136,-0.68684982,0.03301079,0.72516477,0.023031054,0.055473629,0.0085746441
6.2305,0.099978677,0.04234495,0.04768765,0.037364601,-0.68983652,0.035152527,0.72214525,0.024597988,0.059552499,-0.0003730967
6.2405,0.10038063,0.042948411,0.047578164,0.038808524,-0.6931794,0.037091595,0.71876312,0.0247543,0.064203802,-0.01608019
6.2505,0.10078955,0.043573086,0.047382315,0.040188724,-0.69673577,0.038877429,0.71514521,0.026536802,0.064199826,-0.022818615
6.2605,0.10120658,0.044220673,0.047069538,0.041312062,-0.70041327,0.040744488,0.71137504,0.027072683,0.066512098,-0.036050839
6.2705,0.10162836,0.044871693,0.046778264,0.04258589,-0.70406081,0.042212437,0.70760366,0.029365292,0.066123974,-0.027398136
6.2805,0.10205279,0.045570296,0.04639831,0.043312787,-0.70750302,0.044180358,0.70399685,0.028530221,0.073617805,-0.029777416
6.2905,0.10246837,0.046276303,0.046174491,0.044032718,-0.71051635,0.04615438,0.70078343,0.028134823,0.069592681,-0.01998965
6.3005,0.10285819,0.046911032,0.046050053,0.044628537,-0.71289069,0.048022293,0.69820414,0.027377943,0.061662288,-0.0058505238
6.3105,0.10323134,0.047505238,0.046103056,0.045456704,-0.71458441,0.049668276,0.69630157,0.027006092,0.059165407,0.010061637
6.3205,0.10359108,0.048062488,0.046284391,0.046492209,-0.71564305,0.051089474,0.69504199,0.027083949,0.054298874,0.022339179
6.3305,0.10391649,0.048334154,0.046491884,0.047792572,-0.71658596,0.051607349,0.69394317,0.021921215,-0.014212015,0.0015786211
6.3405,0.10410259,0.047782965,0.046350492,0.047949993,-0.71852654,0.050925358,0.69197328,0.012405675,-0.087446557,-0.033726091
6.3505,0.10416787,0.046667468,0.045871075,0.046829621,-0.7211711,0.0495723,0.68939236,0.0060606573,-0.13160161,-0.062844555
6.3605,0.10414853,0.045212125,0.045136272,0.044918962,-0.72418249,0.047596764,0.68649585,0.0022372857,-0.15830439,-0.08339102
6.3705,0.10410184,0.043524815,0.044201692,0.042522534,-0.72745558,0.045140254,0.68334659,0.0045453883,-0.15562071,-0.096388572
6.3805,0.10418161,0.042579029,0.043432995,0.041629272,-0.73032517,0.044315785,0.68038831,0.010679136,-0.055667446,-0.064605663
6.3905,0.10438373,0.04223425,0.042890728,0.041858953,-0.73263284,0.044706671,0.67786301,0.016579653,-0.030989597,-0.052349869
6.4005,0.10456861,0.041567819,0.042185663,0.041431128,-0.73508761,0.044318656,0.67525219,0.016423453,-0.082919653,-0.080569731
6.4105,0.10477207,0.040984283,0.041731038,0.04098371,-0.7368937,0.044085756,0.67332344,0.020723134,-0.054927949,-0.014008063
6.4205,0.10498315,0.040354124,0.041787578,0.04081598,-0.73754609,0.043945797,0.67262812,0.020707709,-0.067727,0.017155067
6.4305,0.10518914,0.039599626,0.042034939,0.040819572,-0.73773554,0.043738784,0.6724336,0.021255772,-0.082346271,0.028301335
6.4405,0.10539592,0.038679261,0.042273493,0.040688058,-0.7380247,0.043371444,0.672148,0.021357938,-0.11240771,0.0024049478
6.4505,0.10556539,0.037457411,0.042186497,0.039808134,-0.73894269,0.042189219,0.67126678,0.022085562,-0.11559601,0.0024707374
6.4605,0.10576749,0.036371853,0.042300692,0.039416629,-0.73903985,0.041517988,0.67122476,0.022559466,-0.11382774,0.0028309107
6.4705,0.10593887,0.035229895,0.042289408,0.038806398,-0.73886363,0.040501765,0.67151635,0.022390353,-0.10494594,0.0075799486
6.4805,0.10610279,0.034155486,0.042279446,0.038279449,-0.73839269,0.039540566,0.67212162,0.021182599,-0.10217465,0.0015695834
6.4905,0.10625762,0.0331543,0.04228704,0.037813772,-0.73745378,0.038625153,0.67323112,0.020708918,-0.10086227,-0.0028705356
6.5005,0.10639449,0.032187175,0.042270504,0.037355709,-0.73613169,0.037540933,0.67476319,0.020311453,-0.093227096,-0.00208821
6.5105,0.1065259,0.031300491,0.0422399,0.036823488,-0.73466237,0.036624408,0.67644207,0.019607138,-0.08534941,-0.0038151613
6.5205,0.10663842,0.03044017,0.042181512,0.036033717,-0.73294517,0.035660903,0.67839609,0.019215743,-0.0847106,-0.0050581123
6.5305,0.10673667,0.029605213,0.042128564,0.035240849,-0.73094708,0.0344681,0.68065145,0.0189464,-0.07807362,-0.0036336031
6.5405,0.10685453,0.029040246,0.042088596,0.034885505,-0.72884804,0.033442911,0.68296787,0.019681833,-0.025833172,-0.0031697823
6.5505,0.10701856,0.029114149,0.042032631,0.034756402,-0.72647449,0.032740989,0.68553252,0.025782346,0.033339934,-0.0064829571
6.5605,0.10723036,0.029692118,0.041949944,0.034597589,-0.72383913,0.032165587,0.68834969,0.029828984,0.076806812,-0.010906429
6.5705,0.10747587,0.030651373,0.041854321,0.034397249,-0.72112047,0.031711925,0.69122822,0.032583097,0.11072938,-0.010191101
6.5805,0.10777451,0.031944348,0.041741987,0.034165578,-0.7184754,0.031375233,0.6940039,0.03907154,0.14399066,-0.011002037
6.5905,0.1081356,0.033527513,0.041629523,0.033931689,-0.71598328,0.031165439,0.69659551,0.044130545,0.16923747,-0.0085434056
6.6005,0.10854729,0.035328887,0.041520644,0.033717554,-0.71370826,0.031084403,0.6989402,0.047776516,0.18981912,-0.016441353
6.6105,0.10898474,0.037292095,0.041406329,0.033493176,-0.71158561,0.031126485,0.70111003,0.045512178,0.20178352,-0.010455079
6.6205,0.10928457,0.039326158,0.041275381,0.033275694,-0.7093104,0.031217595,0.70341804,0.026257711,0.20461022,-0.01530946
6.6305,0.10945599,0.041353515,0.041154555,0.033045846,-0.7069534,0.031342692,0.7057921,0.019408392,0.2019528,-0.0118759
6.6405,0.10958545,0.043336081,0.041015728,0.032764418,-0.70472911,0.031527591,0.70801793,0.01520171,0.19466779,-0.011662494
6.6505,0.10963215,0.045101656,0.040945866,0.032324941,-0.70264898,0.031745897,0.71009275,0.004722259,0.14661785,0.0092800677
6.6605,0.10955012,0.046197052,0.041124416,0.031303936,-0.70123791,0.031155762,0.71155799,-0.0052004084,0.082200133,0.022825255
6.6705,0.10938459,0.046762934,0.041356522,0.029883851,-0.70023085,0.029993867,0.71265987,-0.0090459181,0.03586827,0.02365989
6.6805,0.10918927,0.047027095,0.041379833,0.028192,-0.69957751,0.028796131,0.71341944,-0.0098711788,0.013171287,0.0057661922
6.6905,0.10900642,0.047066246,0.04142983,0.026395021,-0.69916461,0.027473081,0.71394495,-0.0073943213,-0.0028382559,0.005603863
6.7005,0.1088471,0.046952725,0.041574022,0.024495522,-0.69864018,0.026026693,0.71457993,-0.0039346691,-0.018390396,0.022935787
6.7105,0.10869927,0.046713448,0.041845307,0.022540608,-0.69778688,0.024471079,0.71553236,-0.0038109388,-0.027415721,0.022094438
6.7205,0.10855295,0.046405365,0.042126666,0.020671244,-0.69676585,0.022875751,0.71663572,-0.0028456917,-0.032834528,0.035745588
6.7305,0.10841355,0.046003361,0.042513296,0.018719511,-0.6957223,0.021228511,0.71775303,-0.0012500434,-0.045514904,0.044942511
6.7405,0.10828191,0.045504082,0.042972315,0.016769982,-0.69473607,0.019432123,0.71880662,-0.0003965977,-0.052930084,0.052680109
6.7505,0.10815559,0.044951893,0.043498946,0.014881088,-0.69371672,0.017647472,0.71987793,-0.00034688317,-0.05669736,0.056646401
6.7605,0.10804604,0.044323174,0.044048592,0.013045518,-0.69288396,0.01573709,0.72075931,0.0027138413,-0.067433378,0.05915856
6.7705,0.10796152,0.04362288,0.044613963,0.011317765,-0.69227273,0.013622501,0.7214186,0.0036201321,-0.072793671,0.052219605
6.7805,0.1078872,0.042893742,0.045194716,0.009550089,-0.6916911,0.011688731,0.72203573,0.0050634117,-0.075131337,0.053786899
6.7905,0.10782792,0.04211694,0.045760433,0.0077875978,-0.69144086,0.0097410963,0.72232541,0.0053762776,-0.081036957,0.052670541
6.8005,0.10778926,0.041292277,0.04625815,0.0062783774,-0.69168557,0.0075243085,0.72213229,0.0070694859,-0.082674356,0.052200773
6.8105,0.1077719,0.040498025,0.046892439,0.0047737219,-0.69213829,0.005477025,0.72172835,0.0077904341,-0.077483137,0.068000093
6.8205,0.10777338,0.039695725,0.047428751,0.0029675776,-0.69309944,0.0037826803,0.72082595,0.0086516325,-0.080925261,0.049131783
6.8305,0.10779669,0.03887234,0.047794823,0.001571974,-0.69473544,0.0016886145,0.71926167,0.0095626018,-0.082604236,0.029009376
6.8405,0.10783792,0.03806514,0.04806431,0.00013757295,-0.69666147,-0.00017221722,0.71739999,0.010239118,-0.078306056,0.024443208
6.8505,0.1078924,0.037271444,0.0482823,-0.001337746,-0.69875878,-0.0018743364,0.71535367,0.011896924,-0.079260727,0.021958181
6.8605,0.10797748,0.036490265,0.048365151,-0.0029077401,-0.70101922,-0.0033414598,0.71312863,0.014058151,-0.075792928,0.0070697304
6.8705,0.10809837,0.035842749,0.048433037,-0.0040937987,-0.70336128,-0.0050532967,0.7108028,0.01705221,-0.056453999,0.0012787884
6.8805,0.10825815,0.03534542,0.048412586,-0.0051837242,-0.70587386,-0.0067190625,0.70828672,0.021578442,-0.038837429,-0.013131974
6.8905,0.10848821,0.03505354,0.048128958,-0.0064415661,-0.70850362,-0.0074634859,0.7056383,0.0241332,-0.029660354,-0.024885826
6.9005,0.10867956,0.034761277,0.047987493,-0.0074742212,-0.71081192,-0.0086373778,0.70328938,0.018624646,-0.028042416,-0.0076525439
6.9105,0.10881804,0.034513052,0.047857873,-0.008487038,-0.71297508,-0.0098526326,0.70106878,0.014800705,-0.021057892,-0.018045252
6.9205,0.1089149,0.034351101,0.047663399,-0.0095126991,-0.71507523,-0.010832271,0.69889884,0.0096899779,-0.00044165974,-0.024060109
6.9305,0.1090023,0.034432864,0.047386289,-0.01002147,-0.71716961,-0.011362302,0.69673396,0.0065769528,0.0020999682,-0.025699242
6.9405,0.10909495,0.034455154,0.047103549,-0.010608994,-0.71918171,-0.011954599,0.69463818,0.010776411,0.019972329,-0.035503632
6.9505,0.10926019,0.034794946,0.046690075,-0.010568629,-0.72135142,-0.011824215,0.69238762,0.013585477,0.022580101,-0.037651728
6.9605,0.10945608,0.035181716,0.046257569,-0.010381852,-0.72344993,-0.011512742,0.69020278,0.015009788,0.04502501,-0.044954354
6.9705,0.10969296,0.035655206,0.045772625,-0.009990065,-0.72558341,-0.010926418,0.68797495,0.019315901,0.072571136,-0.058808576
6.9805,0.10997327,0.036141683,0.045250718,-0.0094095464,-0.72774801,-0.010272528,0.68570312,0.02224423,0.045913911,-0.050955396
6.9905,0.11031407,0.036888909,0.044633136,-0.008424717,-0.72997589,-0.008900359,0.68336301,0.023683258,0.076577632,-0.061352061
7.0005,0.11064793,0.037522679,0.04400984,-0.0075871443,-0.73218465,-0.0077334787,0.68102001,0.023506721,0.053307181,-0.061761721
7.0105,0.11097778,0.038067343,0.043358518,-0.0068564645,-0.73438793,-0.0066942341,0.67866232,0.024150067,0.05795574,-0.067208789
7.0205,0.11129796,0.038574502,0.042701804,-0.0062052858,-0.7365265,-0.0056728882,0.67635643,0.023672208,0.059930065,-0.069601455
7.0305,0.11158251,0.039011615,0.042031523,-0.0056397407,-0.73864137,-0.0048327121,0.67405768,0.018350742,0.034478058,-0.057933215
7.0405,0.11180946,0.039402656,0.041780237,-0.0053732303,-0.73980244,-0.0044889364,0.67278773,0.019144304,0.043802342,-0.0028497962
7.0505,0.11202064,0.039871522,0.041868611,-0.0053993739,-0.74009932,-0.0042027769,0.67246277,0.020855937,0.051421726,0.017521565
7.0605,0.11224275,0.040472444,0.042086479,-0.005251799,-0.73982192,-0.004160459,0.67276938,0.023726529,0.067591812,0.023288077
7.0705,0.11250973,0.041334499,0.042148958,-0.0048712045,-0.73938148,-0.0036002451,0.67325949,0.025943744,0.11222178,-0.02136651
7.0805,0.11280414,0.042357039,0.042113759,-0.0043446354,-0.73882088,-0.002742908,0.67388227,0.026629121,0.096314921,0.0091051506
7.0905,0.11310354,0.043452114,0.042107511,-0.0037877656,-0.73773992,-0.0018376905,0.67507191,0.02834175,0.12207104,-0.0090084951
7.1005,0.11340876,0.044616134,0.042096672,-0.0031853214,-0.73620241,-0.00088787436,0.67675333,0.029009279,0.12827853,-0.012726917
7.1105,0.11371476,0.045805024,0.042056199,-0.0025496669,-0.73452576,0.0001549243,0.678576,0.028449613,0.11904631,-0.0040294754
7.1205,0.11401565,0.046999746,0.041995559,-0.0017958198,-0.73257541,0.0012724829,0.68068232,0.027867162,0.12604808,-0.012593373
7.1305,0.11430903,0.048180686,0.041921499,-0.00082849066,-0.730382,0.002366524,0.68303429,0.02730993,0.12458742,-0.014713155
7.1405,0.11459569,0.049312099,0.041845594,6.8857535e-05,-0.72810886,0.0035023738,0.68545256,0.026931486,0.11716541,-0.012478081
7.1505,0.11486278,0.050147325,0.041783346,0.00053034054,-0.72562272,0.0045196264,0.68807773,0.027749374,0.04493218,-0.0057572287
7.1605,0.11509886,0.050222232,0.041699246,0.00069980986,-0.72296548,0.0051280377,0.69086477,0.024821647,-0.022028655,-0.0049432537
7.1705,0.11529018,0.049741287,0.041609805,0.00086410209,-0.72018975,0.0055260371,0.69375459,0.020665415,-0.06943142,-0.011837299
7.1805,0.11545593,0.048798049,0.041511583,0.0010681967,-0.71742783,0.0057894263,0.69660796,0.020059668,-0.11456426,-0.0033827827
7.1905,0.11561701,0.047442417,0.041406354,0.0012725469,-0.7147579,0.0059038909,0.69934589,0.01991812,-0.15450978,-0.019558993
7.2005,0.11575173,0.045767956,0.041298111,0.0014627388,-0.71215383,0.0058242314,0.70199776,0.011303809,-0.18028483,-0.019391415
7.2105,0.11572468,0.043883771,0.041177729,0.0017591518,-0.70932626,0.005515922,0.70485654,-0.0037103781,-0.19843174,-0.017328227
7.2205,0.11556997,0.041835956,0.041049311,0.0020634641,-0.70639034,0.0050299551,0.70780162,-0.01320531,-0.21135931,-0.011783577
7.2305,0.11536135,0.039775365,0.041020731,0.0023968734,-0.70352121,0.0044016178,0.71065659,-0.016506279,-0.18234319,0.017549005
7.2405,0.11514105,0.038190778,0.041354793,0.0032437353,-0.7009638,0.0044235361,0.71317576,-0.023811148,-0.15729737,0.010464016
7.2505,0.11488364,0.036839744,0.041528325,0.0041341535,-0.69894388,0.0047155091,0.71514902,-0.025989224,-0.11166765,0.028753185
7.2605,0.11461877,0.035787346,0.041657024,0.0051355029,-0.69725908,0.0052086381,0.71678189,-0.027646954,-0.087913893,0.018958035
7.2705,0.11437933,0.035105209,0.041856799,0.0064395857,-0.69560691,0.0059695128,0.71836893,-0.025970186,-0.051509856,0.019515932
7.2805,0.11418864,0.034766205,0.042130775,0.0080670039,-0.69392376,0.0069856312,0.7199694,-0.021399209,-0.022506046,0.028535094
7.2905,0.11404932,0.034600894,0.042346403,0.0098057279,-0.6924214,0.0081240086,0.72138093,-0.017034368,-0.0095465556,0.022148707
7.3005,0.1139797,0.034616377,0.042679752,0.011766642,-0.69078151,0.0094522013,0.72290601,-0.011462464,0.0076495432,0.028557827
7.3105,0.113969,0.034785472,0.043087477,0.013977315,-0.68892757,0.010851667,0.72461416,-0.0056759945,0.023039874,0.044941486
7.3205,0.11400536,0.035075593,0.043575926,0.016201275,-0.6870214,0.012392461,0.72635084,-0.0038019358,0.030907866,0.037159889
7.3305,0.11408242,0.035472718,0.044064913,0.018352422,-0.68528826,0.014198776,0.72790218,0.0016960206,0.045871,0.055333342
7.3405,0.11420191,0.035975452,0.044592911,0.02058846,-0.68376514,0.016130229,0.72923328,0.0044139115,0.053995631,0.056861812
7.3505,0.11434819,0.036539132,0.04512729,0.022642885,-0.68239178,0.018321415,0.73040611,0.0053863374,0.058791093,0.053557811
7.3605,0.11452193,0.03717153,0.045618171,0.024490645,-0.68142816,0.020823713,0.73117867,0.0071272097,0.068229301,0.045982241
7.3705,0.11471935,0.037865038,0.04609046,0.026373107,-0.68090705,0.023368719,0.73152166,0.0080868302,0.070076584,0.056758341
7.3805,0.11495553,0.038395515,0.046624482,0.028868566,-0.68075879,0.025303702,0.73150105,0.013827691,0.040037745,0.045293607
7.3905,0.11525653,0.038736361,0.04692434,0.030943429,-0.68147623,0.02771697,0.73066027,0.017379427,0.03577348,0.026326142
7.4005,0.11558282,0.039135187,0.047197184,0.033184572,-0.68277874,0.029847537,0.72926065,0.018057371,0.044811966,0.02763646
7.4105,0.11591668,0.039592182,0.047498448,0.035213325,-0.68443972,0.032013213,0.72751457,0.018660884,0.048612294,0.031566899
7.4205,0.11626126,0.040106804,0.047676231,0.036978419,-0.68675063,0.034214093,0.72514521,0.019616056,0.056543562,0.0025073771
7.4305,0.11661917,0.040669899,0.04767362,0.038660387,-0.68974796,0.036211218,0.72210933,0.02060768,0.058462439,-0.0060016949
7.4405,0.11698229,0.041258344,0.047574681,0.040079758,-0.69309066,0.03820494,0.71872063,0.020830385,0.063195264,-0.014382983
7.4505,0.11735229,0.041873014,0.047340129,0.041259977,-0.69667302,0.040213291,0.71507147,0.021923497,0.064033324,-0.017777083
7.4605,0.11774053,0.042507274,0.047135949,0.042841225,-0.70030025,0.041677765,0.7113418,0.023807061,0.064652325,-0.036720565
7.4705,0.11812203,0.04316017,0.046707668,0.043528724,-0.70401571,0.043736048,0.70749861,0.025459607,0.066369509,-0.034118569
7.4805,0.11851758,0.043819791,0.046420858,0.04482085,-0.70742488,0.045113484,0.7039218,0.025838706,0.068928466,-0.028381791
7.4905,0.11890696,0.044494079,0.046156322,0.045666692,-0.7104567,0.046910395,0.70068912,0.026220557,0.067165157,-0.020266306
7.5005,0.11927879,0.045107498,0.04603753,0.046406668,-0.71284949,0.048664469,0.69808581,0.025450365,0.0593286,-0.0073337213
7.5105,0.11963296,0.045676374,0.046069535,0.047196473,-0.71456955,0.050353805,0.69615181,0.025063559,0.056786875,0.008766139
7.5205,0.11997481,0.046212326,0.046245251,0.048193558,-0.71564633,0.0518426,0.69486694,0.025135672,0.052050224,0.019966159
7.5305,0.12028123,0.046506466,0.046465807,0.049351433,-0.71650969,0.05257968,0.6938398,0.019165093,-0.010213482,0.0069300528
7.5405,0.12044837,0.045978338,0.046357883,0.049304206,-0.71836236,0.052165086,0.69195623,0.011123452,-0.085522149,-0.029570264
7.5505,0.12050458,0.044875047,0.045909874,0.048105388,-0.72095248,0.050930702,0.68943415,0.0053645747,-0.13059828,-0.059541094
7.5605,0.12048014,0.043426447,0.045204315,0.046172173,-0.72392661,0.049007966,0.68658329,0.0020801987,-0.15783152,-0.079577619
7.5705,0.1204243,0.041714146,0.044282484,0.043717283,-0.72719357,0.046510521,0.68345818,0.0032247285,-0.18412587,-0.1041593
7.5805,0.12046361,0.04052895,0.043436638,0.04235529,-0.73021647,0.045164994,0.68040433,0.0091585347,-0.070503238,-0.070011718
7.5905,0.12064295,0.04010373,0.042863842,0.042450932,-0.73259519,0.04539353,0.67782124,0.016077954,-0.0229757,-0.049198686
7.6005,0.12085283,0.039623739,0.042244376,0.042397608,-0.73491242,0.04541897,0.67530978,0.016569722,-0.079221201,-0.079152714
7.6105,0.12103546,0.038907708,0.041692703,0.041749489,-0.73690491,0.044815245,0.67321596,0.020361505,-0.060098326,-0.02209306
7.6205,0.12124563,0.038245394,0.041702425,0.041421735,-0.73760622,0.044611403,0.67248132,0.021542173,-0.071832913,0.016232676
7.6305,0.12145872,0.037465571,0.041947392,0.041314674,-0.73782737,0.044429979,0.67225727,0.021910296,-0.083684852,0.029169354
7.6405,0.1216769,0.036576727,0.042248438,0.041274336,-0.73799764,0.044201398,0.6720879,0.022448219,-0.10002711,0.019956799
7.6505,0.12185117,0.035375163,0.04218954,0.040465992,-0.73886569,0.043065424,0.67125655,0.021710533,-0.12140331,-0.0063054844
7.6605,0.12204922,0.034273118,0.042273392,0.0400353,-0.73902266,0.042307202,0.67115779,0.023454747,-0.10336803,0.015697173
7.6705,0.12222199,0.03314279,0.042262919,0.039464725,-0.73884688,0.041301113,0.67144772,0.02189495,-0.10843051,0.0016565164
7.6805,0.12239087,0.032101049,0.042279317,0.039038915,-0.73832429,0.040427403,0.67210031,0.020476267,-0.10774344,-0.0080794033
7.6905,0.12255102,0.031140168,0.042308827,0.03876463,-0.73733412,0.039604362,0.67325122,0.020717589,-0.09597903,0.00047559836
7.7005,0.12268493,0.030176643,0.042272719,0.038215674,-0.73606148,0.038546142,0.67473496,0.020380492,-0.087128935,0.0025850512
7.7105,0.12281202,0.029288812,0.042232763,0.037625392,-0.73459969,0.037630438,0.6764108,0.019276087,-0.082371644,-0.00057293075
7.7205,0.12291937,0.028422026,0.042183681,0.036891776,-0.73287267,0.036538955,0.67838157,0.018873386,-0.08381494,-0.0042702183
7.7305,0.12301386,0.027588067,0.042128095,0.036061765,-0.73088934,0.035325607,0.6806265,0.018669904,-0.079254607,-0.004483295
7.7405,0.12312867,0.027041782,0.042092146,0.035737218,-0.72878392,0.034270508,0.68295123,0.01975618,-0.022790208,-0.0016114126
7.7505,0.12329644,0.027137004,0.042031215,0.035608382,-0.72643022,0.033556422,0.68549628,0.026293003,0.034027983,-0.013102463
7.7605,0.1235149,0.027733621,0.041953698,0.035452687,-0.72379784,0.032993711,0.6883104,0.030274062,0.078507523,-0.0080210814
7.7705,0.1237626,0.028706154,0.041854292,0.035246274,-0.72107671,0.032552892,0.691192,0.032308417,0.11192097,-0.013830361
7.7805,0.1240607,0.030006914,0.041745473,0.035013464,-0.71840883,0.03223299,0.69399125,0.039424897,0.14507779,-0.015414337
7.7905,0.12442679,0.031595061,0.04162156,0.034780597,-0.71593071,0.032035926,0.69656818,0.044642034,0.1688548,-0.0052841956
7.8005,0.12484369,0.033393049,0.041530354,0.034566226,-0.71362559,0.031960756,0.69894364,0.048362797,0.18647991,-0.0013237339
7.8105,0.12529556,0.035353406,0.041412349,0.034319585,-0.71153865,0.032028535,0.70107709,0.04704773,0.20313771,-0.018377063
7.8205,0.12560413,0.037386244,0.041270095,0.034077584,-0.70929113,0.032139178,0.70335758,0.027407816,0.20587702,-0.02194313
7.8305,0.12578436,0.03940986,0.041155112,0.033929679,-0.70691172,0.032188721,0.70575384,0.019997267,0.20072739,-0.009238367
7.8405,0.12591931,0.041382814,0.041029582,0.033679477,-0.70465637,0.032341508,0.70801068,0.016002976,0.19342663,-0.01017629
7.8505,0.12598124,0.043157673,0.040952551,0.033188277,-0.70258438,0.03261666,0.71007737,0.0053295806,0.14685828,0.011222368
7.8605,0.1259032,0.044257443,0.041141946,0.03213513,-0.70114429,0.032070999,0.71157253,-0.004910098,0.082817544,0.023677028
7.8705,0.12573683,0.044826901,0.041364166,0.030803267,-0.70013989,0.030857348,0.71267322,-0.0098337533,0.039957096,0.009157302
7.8805,0.12554074,0.045086495,0.041379647,0.029170131,-0.69948915,0.029627838,0.71343271,-0.009928728,0.012539864,0.0063985019
7.8905,0.1253582,0.045123324,0.041434287,0.027387678,-0.69907385,0.028315206,0.71396353,-0.0074069412,-0.002850724,0.0059327065
7.9005,0.12519814,0.045010346,0.041584473,0.025461585,-0.69854235,0.026926957,0.71460844,-0.0041874388,-0.01814743,0.024252064
7.9105,0.12505209,0.044770452,0.041853078,0.023625518,-0.69768815,0.025282696,0.71556541,-0.0036214859,-0.028168035,0.019887195
7.9205,0.12490588,0.04446149,0.042131146,0.021778734,-0.69667629,0.023695821,0.71666334,-0.0027531768,-0.033156186,0.034402764
7.9305,0.12476434,0.04405711,0.04251832,0.019692689,-0.69562645,0.022209584,0.7177902,-0.0011182656,-0.045971925,0.04556122
7.9405,0.12463978,0.04355284,0.042981524,0.017801625,-0.69465663,0.020371689,0.71883257,-0.0001611434,-0.053574605,0.048924314
7.9505,0.12451318,0.043001676,0.04350271,0.015876079,-0.69363557,0.018647144,0.71990966,-5.6591969e-05,-0.057023538,0.054136252
7.9605,0.12440772,0.042372073,0.044053666,0.014099567,-0.69281282,0.016694663,0.72078629,0.0026730244,-0.067353715,0.057822713
7.9705,0.12432184,0.041669681,0.044634888,0.012267853,-0.69218374,0.014706768,0.72146717,0.0042403473,-0.073107397,0.05407573
7.9805,0.12425335,0.040937356,0.045216208,0.010574753,-0.69160253,0.01269336,0.72208932,0.0042982094,-0.074682372,0.055521691
7.9905,0.12419574,0.04015712,0.045759524,0.0089191797,-0.6913843,0.010636081,0.72235384,0.0053379553,-0.082453012,0.040370029
8.0005,0.12415638,0.039339544,0.046275248,0.0073219297,-0.69160092,0.0085140487,0.72219254,0.0065989533,-0.0815384,0.05714134
8.0105,0.1241375,0.038552046,0.04693083,0.0058261275,-0.69203855,0.0064634079,0.72180809,0.0078427707,-0.077111491,0.068856285
8.0205,0.12413989,0.037744292,0.047441012,0.0041392249,-0.69303031,0.0046590797,0.72088151,0.0089208069,-0.081935945,0.047222577
8.0305,0.12416612,0.036918922,0.047791479,0.0028086211,-0.69468353,0.0025205491,0.7193056,0.010150797,-0.082572572,0.032157612
8.0405,0.12421115,0.036119103,0.048107218,0.0009907196,-0.6965389,0.0010537077,0.71751757,0.010795276,-0.078164832,0.027563545
8.0505,0.12427017,0.035320567,0.048297004,-0.00027127118,-0.69866604,-0.00085196674,0.71544739,0.011670196,-0.079958231,0.017687989
8.0605,0.1243524,0.034539641,0.048395535,-0.00178862,-0.70091461,-0.0023811861,0.71323897,0.014287103,-0.073295748,0.0076328429
8.0705,0.12448061,0.033905258,0.048464446,-0.0031677864,-0.70328001,-0.0039390883,0.71089499,0.018907327,-0.052478842,-0.0046802611
8.0805,0.12465391,0.03353835,0.048346782,-0.0040142103,-0.70596957,-0.0053483052,0.70821059,0.020124011,-0.036003775,-0.012814295
8.0905,0.12484092,0.033138555,0.048217737,-0.0052447031,-0.70836779,-0.0064228688,0.70579481,0.021610261,-0.038508121,-0.013808392
8.1005,0.12501104,0.032807994,0.048062934,-0.0063374104,-0.7106922,-0.007526956,0.70343428,0.016858729,-0.028686887,-0.013600855
8.1105,0.12513861,0.03255278,0.047896306,-0.0073307158,-0.71292126,-0.0086905757,0.70115192,0.013234297,-0.02280989,-0.017559894
8.1205,0.12525413,0.032526649,0.04764995,-0.0080242718,-0.7151253,-0.0093905409,0.69888714,0.010060782,0.0034705164,-0.027047798
8.1305,0.12532864,0.032500452,0.047401683,-0.0087813929,-0.7171533,-0.010083074,0.69678717,0.0065486079,-0.005890591,-0.023274006
8.1405,0.12542941,0.032611177,0.047087851,-0.0092340814,-0.7192109,-0.010482274,0.69465137,0.010695499,0.022717942,-0.03656603
8.1505,0.12558878,0.032885258,0.046695494,-0.0093177103,-0.72134502,-0.010476788,0.69243396,0.013628097,0.030377037,-0.040410699
8.1605,0.12578301,0.033244299,0.046272289,-0.0091763716,-0.72343038,-0.010220286,0.6902607,0.015312718,0.032618897,-0.039754132
8.1705,0.12603986,0.033794321,0.045780662,-0.0085933609,-0.72558774,-0.0094942393,0.6880105,0.019322147,0.045504716,-0.047654084
8.1805,0.12633446,0.034354226,0.045241339,-0.0079043727,-0.72776914,-0.0086480882,0.68572211,0.022740355,0.072684094,-0.059985537
8.1905,0.12666693,0.035022564,0.044656057,-0.0070128756,-0.72996306,-0.0074810274,0.68340968,0.02412823,0.07505924,-0.060901295
8.2005,0.12701046,0.035691972,0.044011029,-0.0061683846,-0.73219359,-0.0061810379,0.68104059,0.023629932,0.050654885,-0.060999633
8.2105,0.12734185,0.036224788,0.043364504,-0.0054392494,-0.73439208,-0.0051732278,0.67868396,0.024267896,0.057101156,-0.066823973
8.2205,0.12766247,0.036713136,0.04270496,-0.0047525341,-0.73651019,-0.0042199631,0.67639659,0.02233385,0.033453228,-0.0582016
8.2305,0.12794531,0.037078037,0.042057664,-0.004342244,-0.73860687,-0.0035412844,0.67411312,0.023290522,0.060327406,-0.077638554
8.2405,0.12821258,0.037575102,0.041663195,-0.0039622174,-0.73993257,-0.002730065,0.67266384,0.020696371,0.047274666,-0.01178593
8.2505,0.12845764,0.038087257,0.041709841,-0.0038369531,-0.74030168,-0.0023838916,0.67225963,0.023365926,0.054846272,0.01640857
8.2605,0.12869781,0.038710084,0.04195762,-0.0035102048,-0.73995004,-0.0024332227,0.67264827,0.024948542,0.068802355,0.026222333
8.2705,0.12895046,0.039473287,0.042193872,-0.0033677787,-0.73918809,-0.0022740641,0.67348679,0.026908363,0.092909872,0.0077021169
8.2805,0.12927133,0.040570787,0.042066652,-0.0026390327,-0.73879662,-0.001138459,0.67392232,0.027511471,0.10513641,-0.0017881948
8.2905,0.12956403,0.041594249,0.042142387,-0.0023381965,-0.73756456,-0.00050055019,0.67527239,0.029501027,0.10759171,0.0074185277
8.3005,0.1298923,0.042813597,0.04206338,-0.0015706426,-0.73616033,0.00070170603,0.676805,0.029683227,0.11635925,0.0020582446
8.3105,0.13020389,0.04399719,0.042035821,-0.0010163279,-0.73444389,0.0018077651,0.67866625,0.029017916,0.11601665,2.4760017e-06
8.3205,0.13050636,0.045178679,0.041995421,-0.00028500065,-0.73248485,0.0028928516,0.68077713,0.028263254,0.11639193,-0.0018454437
8.3305,0.13080846,0.046363757,0.041921535,0.00068409549,-0.73030531,0.0040492125,0.68310855,0.028021702,0.11685113,-0.0074279131
8.3405,0.1311039,0.047501112,0.041844203,0.0017493139,-0.72805877,0.0051200044,0.68549337,0.02724446,0.11264827,-0.0088071105
8.3505,0.13137476,0.048316627,0.041770997,0.0022469455,-0.72559471,0.0061392905,0.68809125,0.027661864,0.042487376,-0.0055273206
8.3605,0.13160962,0.048365595,0.041693984,0.0023998404,-0.7229259,0.0067582877,0.69088835,0.024617441,-0.023389217,-0.010728641
8.3705,0.13179832,0.047866216,0.041610277,0.0025565792,-0.72013851,0.0071651373,0.69378862,0.020115061,-0.071043104,-0.0065491063
8.3805,0.13195936,0.04690597,0.041496176,0.0027540128,-0.71739868,0.0074352312,0.69661774,0.019447198,-0.11747956,-0.015438939
8.3905,0.13211421,0.045541367,0.041411645,0.0029591658,-0.71469679,0.0075471647,0.69938744,0.019291955,-0.15141083,-0.00040446529
8.4005,0.13224406,0.043853249,0.041300612,0.0031352596,-0.71210524,0.0074589923,0.70202611,0.011076184,-0.18148782,-0.018630709
8.4105,0.13221357,0.04195602,0.04117638,0.0034228387,-0.70929673,0.00714203,0.70486554,-0.0036835981,-0.19943058,-0.016246417
8.4205,0.1320553,0.039895855,0.041048773,0.0037196329,-0.70636667,0.0066434138,0.70780517,-0.013841839,-0.21213858,-0.010078347
8.4305,0.13184101,0.037844424,0.041068116,0.0041319549,-0.7034248,0.0060492174,0.71073193,-0.016990796,-0.18043772,0.022087827
8.4405,0.13162175,0.036230263,0.04135852,0.0050338273,-0.70087589,0.0060665169,0.71323968,-0.022612228,-0.16366027,8.3743337e-05
8.4505,0.13138399,0.034906396,0.041565965,0.0059842011,-0.6988522,0.0064272437,0.71521219,-0.025558825,-0.11774607,0.016779964
8.4605,0.13112997,0.033861432,0.041692885,0.0070025441,-0.69719275,0.0069446588,0.71681588,-0.026701324,-0.08540871,0.021524963
8.4705,0.13089562,0.033174846,0.041869019,0.0082985408,-0.69558249,0.0077022007,0.71835702,-0.025230324,-0.048673617,0.023210693
8.4805,0.13070616,0.032830402,0.042103431,0.0099068564,-0.69394762,0.0087028323,0.71990472,-0.021625149,-0.02479937,0.020925019
8.4905,0.13057426,0.032681206,0.042357502,0.011670446,-0.69244948,0.0098426782,0.72130482,-0.016502113,-0.0086658954,0.024448105
8.5005,0.13050622,0.032698281,0.042674778,0.013610657,-0.6908394,0.01116497,0.7227939,-0.010493252,0.010065339,0.036638743
8.5105,0.13049799,0.032875582,0.043083424,0.015747459,-0.68901066,0.012616385,0.72447025,-0.0055131992,0.023800221,0.044185657
8.5205,0.13053499,0.03316606,0.043527053,0.017888325,-0.68712522,0.014192635,0.72618008,-0.0022625502,0.032573607,0.04483828
8.5305,0.13061497,0.033567711,0.044041235,0.020131792,-0.68538458,0.015864671,0.72773003,0.0011312362,0.045260715,0.05123054
8.5405,0.13073468,0.034067075,0.044603626,0.022397501,-0.68383853,0.017720731,0.7290742,0.0039638976,0.053226941,0.057529432
8.5505,0.13087758,0.034623204,0.04515982,0.024517787,-0.68245086,0.019782215,0.73025226,0.0052909008,0.057988086,0.052457789
8.5605,0.13104706,0.035247047,0.045667523,0.026427061,-0.68147107,0.022157862,0.73103202,0.0076069861,0.067409236,0.052231296
8.5705,0.1312392,0.035939042,0.046073326,0.028081829,-0.6809837,0.024871078,0.73133716,0.0084336123,0.072684098,0.048244816
8.5805,0.13145252,0.036531347,0.046576179,0.03032663,-0.68080316,0.026979447,0.73134087,0.01161868,0.042870626,0.04676656
8.5905,0.13175838,0.036893803,0.046949548,0.032602798,-0.68145946,0.029119346,0.73054919,0.01891317,0.036925748,0.029538343
8.6005,0.13209516,0.037303884,0.047185783,0.034621276,-0.68277682,0.031400499,0.72913044,0.019344046,0.045636574,0.028032974
8.6105,0.13243903,0.037766801,0.047494951,0.036629837,-0.68442407,0.033512499,0.72739182,0.019920781,0.049454204,0.032079382
8.6205,0.13279264,0.038285797,0.047679555,0.038491082,-0.68673813,0.035523998,0.72501533,0.020528186,0.056145282,0.0010127595
8.6305,0.13315538,0.038844755,0.047695007,0.040077915,-0.68971611,0.037574075,0.72199282,0.020802031,0.060191782,-0.00039938996
8.6405,0.13352191,0.039441118,0.047547103,0.041319245,-0.69308714,0.039680249,0.71857388,0.021399021,0.061759481,-0.01158292
8.6505,0.13390509,0.040061977,0.047402315,0.042880846,-0.69661452,0.04129842,0.71497125,0.023435241,0.066055981,-0.020183929
8.6605,0.13429799,0.04070721,0.047061636,0.043921958,-0.7003061,0.043242899,0.71117669,0.02457977,0.066133451,-0.027628197
8.6705,0.13469689,0.041345363,0.046741392,0.045127866,-0.70396918,0.044744986,0.70738162,0.026316481,0.065908474,-0.038134598
8.6805,0.13510111,0.042004131,0.046407689,0.045834822,-0.70740922,0.046690847,0.70376937,0.027069787,0.067897603,-0.031265018
8.6905,0.13550062,0.042658954,0.046134746,0.046659978,-0.71046345,0.048413506,0.70051457,0.027627173,0.066135476,-0.015885217
8.7005,0.13588386,0.043259918,0.045998066,0.047420258,-0.71287527,0.050078202,0.69789135,0.02688837,0.059061503,-0.001514995
8.7105,0.13625062,0.043820734,0.046035721,0.048248437,-0.71459599,0.051697459,0.69595405,0.02657569,0.057272605,0.014404543
8.7205,0.13660525,0.044351626,0.046207078,0.049286574,-0.71567483,0.053116206,0.6946647,0.026688637,0.052921603,0.026412661
8.7305,0.13694675,0.04477297,0.046405425,0.050698714,-0.716477,0.054076477,0.69366136,0.023159024,0.029292848,0.0059336435
8.7405,0.13718077,0.044565724,0.046298888,0.051291077,-0.71822678,0.054314477,0.69178715,0.013605423,-0.058296143,-0.028721861
8.7505,0.13727948,0.043681804,0.045863499,0.050526421,-0.7207668,0.053540426,0.68925737,0.0065657284,-0.11233085,-0.058063057
8.7605,0.13727762,0.042376571,0.045172424,0.04887667,-0.72372019,0.051928927,0.68639897,0.002063318,-0.14635651,-0.078651184
8.7705,0.13723095,0.040763307,0.04427051,0.046617736,-0.72697288,0.049656378,0.68327993,0.0032953047,-0.15858125,-0.096390741
8.7805,0.13730476,0.039801381,0.043498189,0.045691911,-0.72987552,0.048808839,0.68030263,0.010682289,-0.05646951,-0.065286046
8.7905,0.13750425,0.039430451,0.04294232,0.045869652,-0.73222003,0.049149565,0.67774193,0.016058144,-0.041077615,-0.05571417
8.8005,0.13766814,0.038668044,0.042207705,0.045257382,-0.73475326,0.048566188,0.67507832,0.014813228,-0.091528661,-0.083484344
8.8105,0.13785381,0.0380303,0.041729562,0.04480554,-0.73665341,0.048148245,0.67306461,0.019571107,-0.059015923,-0.017110579
8.8205,0.13805882,0.037385431,0.041766428,0.04459301,-0.73733689,0.047985996,0.67234152,0.020444791,-0.071147287,0.017317453
8.8305,0.13826009,0.036612421,0.042012834,0.044541327,-0.73753238,0.047804413,0.67214344,0.020651236,-0.083626127,0.028618212
8.8405,0.13846023,0.035683112,0.042271885,0.044411125,-0.73777289,0.04748137,0.67191095,0.020384853,-0.1126092,0.0065017249
8.8505,0.13861429,0.034429632,0.042192034,0.043487129,-0.73868322,0.046267575,0.67105535,0.020741823,-0.1199709,0.0016281513
8.8605,0.13880165,0.033306236,0.042304291,0.043058499,-0.73878926,0.04555187,0.67101521,0.021479585,-0.11765884,0.0036656848
8.8705,0.13895221,0.032106128,0.042268687,0.042350476,-0.73866934,0.044419792,0.67126815,0.020933544,-0.11043356,0.0057585683
8.8805,0.1391057,0.03101134,0.042281273,0.041855223,-0.73815937,0.043483159,0.6719212,0.019656431,-0.10906174,-0.002704861
8.8905,0.13924713,0.029977272,0.042286558,0.041383469,-0.73722934,0.042542917,0.67303076,0.019033856,-0.11148641,-0.010056846
8.9005,0.13937548,0.028996024,0.042284743,0.04093782,-0.73588522,0.041517623,0.67459123,0.019240097,-0.10115934,-0.0048595892
8.9105,0.1394916,0.028062563,0.042254257,0.040390317,-0.73442892,0.040451053,0.67627398,0.018760261,-0.088226645,-0.0018455914
8.9205,0.13958973,0.027162897,0.042193306,0.039549461,-0.73271816,0.039404789,0.6782383,0.0183079,-0.083051622,-0.001990483
8.9305,0.13967811,0.026307768,0.042141045,0.038830828,-0.73071392,0.038168103,0.68050902,0.017918154,-0.083590784,-0.0054796366
8.9405,0.13978406,0.025674096,0.042079408,0.038351327,-0.72866494,0.037023908,0.68279266,0.019575238,-0.031298042,-0.0030226479
8.9505,0.13994643,0.025711157,0.042032613,0.038219758,-0.72627961,0.036324573,0.68537414,0.025674394,0.030510678,-0.0030251562
8.9605,0.14015892,0.02625953,0.041955554,0.038062165,-0.72363545,0.035741331,0.68820459,0.030138254,0.074619053,-0.0030553039
8.9705,0.14040822,0.027193956,0.041854985,0.037858054,-0.72092462,0.035265998,0.69107942,0.033140368,0.10842518,-0.012933767
8.9805,0.14071541,0.028465321,0.041749285,0.037627132,-0.71827911,0.034906472,0.6938594,0.040510792,0.1423159,-0.014217459
8.9905,0.14109192,0.030030412,0.04163761,0.03739042,-0.71580855,0.034669217,0.69643243,0.045853986,0.16707651,-0.0049063272
9.0005,0.14151532,0.031817346,0.041524666,0.037167344,-0.71353795,0.034563966,0.69877572,0.048817118,0.1862849,-0.0067327549
9.0105,0.14196385,0.033765378,0.041413529,0.036925211,-0.71140812,0.034580683,0.70095591,0.047297269,0.1988842,-0.001548191
9.0205,0.14228395,0.035789962,0.041285839,0.03665236,-0.70914601,0.034687266,0.70325339,0.027215222,0.20185101,-0.006320655
9.0305,0.14247531,0.037815907,0.041158168,0.036497804,-0.70679882,0.034725555,0.70561851,0.021202183,0.20126931,-0.010804369
9.0405,0.14262187,0.039794154,0.041030446,0.036247445,-0.70456462,0.034855874,0.70785583,0.017584983,0.19417659,-0.010835606
9.0505,0.14270674,0.041597025,0.0409192,0.035843134,-0.70255114,0.035128731,0.70986135,0.006161086,0.15165448,0.0051829261
9.0605,0.14264812,0.042729356,0.041076019,0.035043905,-0.70112014,0.034819085,0.71132981,-0.0045360135,0.084627983,0.022186907
9.0705,0.14249322,0.043309886,0.041307494,0.033765867,-0.70010744,0.033751557,0.71243966,-0.0089381285,0.03630276,0.023678169
9.0805,0.14229868,0.043530326,0.041439558,0.032087854,-0.69939052,0.032511583,0.71327853,-0.0098467889,0.011246445,0.0081714675
9.0905,0.14211433,0.043556724,0.041498021,0.03027236,-0.69898046,0.031160382,0.71381996,-0.007438382,-0.0039067315,0.0054113892
9.1005,0.14194945,0.043437317,0.041613686,0.028328744,-0.69848622,0.029676556,0.71444649,-0.0046056229,-0.0187177,0.017599524
9.1105,0.14179537,0.043197241,0.041846,0.026334695,-0.697669,0.028052014,0.71538628,-0.00315337,-0.028504081,0.025525166
9.1205,0.14164743,0.042883921,0.042137374,0.024362982,-0.69667464,0.026415275,0.71648665,-0.0027660632,-0.033740336,0.030278088
9.1305,0.14150884,0.042472501,0.042512453,0.022316191,-0.69567529,0.024707982,0.71758442,0.00024432449,-0.046838068,0.042749499
9.1405,0.14138353,0.041964847,0.042968944,0.020379283,-0.69472713,0.022733955,0.71862512,3.0463283e-05,-0.05374473,0.05219888
9.1505,0.14125592,0.041404422,0.043485969,0.018334547,-0.69373984,0.020957526,0.7196872,0.00024191232,-0.057576291,0.054948589
9.1605,0.14114865,0.040772388,0.044027267,0.016441656,-0.69293008,0.018946832,0.72056824,0.002981819,-0.068078382,0.054452616
9.1705,0.14106329,0.040067392,0.044594107,0.014516829,-0.69231826,0.01689232,0.72124846,0.0043133558,-0.073463298,0.052704202
9.1805,0.140997,0.039333773,0.045184893,0.012856278,-0.6917577,0.014717161,0.72186523,0.0052020244,-0.075375649,0.053335204
9.1905,0.14093764,0.038554663,0.045726076,0.011083756,-0.6915462,0.012671696,0.72213602,0.0052992646,-0.079902086,0.056071023
9.2005,0.14089195,0.037736086,0.046220571,0.0093858749,-0.69177457,0.010538991,0.72197561,0.0062476748,-0.083598479,0.040531057
9.2105,0.14086865,0.036937572,0.046762667,0.0079692749,-0.69232389,0.0083062512,0.72149506,0.0075683344,-0.078107295,0.059670222
9.2205,0.14086347,0.036157991,0.047385069,0.0063532852,-0.69329859,0.0063235555,0.72059469,0.008235692,-0.078993599,0.056042139
9.2305,0.1408735,0.035344353,0.047739594,0.0042167747,-0.69483284,0.00488456,0.71914232,0.0087217026,-0.079663081,0.038615735
9.2405,0.14090492,0.034546015,0.048049227,0.0028535049,-0.69674958,0.0028429128,0.71730314,0.0097015553,-0.082133264,0.0049313845
9.2505,0.14094955,0.033748122,0.048233378,0.0016565199,-0.69889956,0.00077819329,0.71521748,0.010330079,-0.07783837,0.024113731
9.2605,0.14101641,0.032975048,0.048387989,0.00014247655,-0.70111631,-0.0008386005,0.71304642,0.013008479,-0.076565182,0.0024654748
9.2705,0.14112418,0.032283461,0.048428631,-0.0013057681,-0.70345083,-0.0022919547,0.71073903,0.016479978,-0.059785195,0.0016749525
9.2805,0.14128331,0.031840235,0.048357917,-0.0023766904,-0.70602591,-0.0037091387,0.70817231,0.020688875,-0.02420189,-0.023597977
9.2905,0.14149725,0.031567735,0.048080105,-0.0034176602,-0.70869151,-0.0046326416,0.70549501,0.022394372,-0.029633112,-0.022892557
9.3005,0.14167982,0.031273673,0.047955753,-0.0045635848,-0.71097177,-0.0057490075,0.70318224,0.018274437,-0.027959253,-0.005873333
9.3105,0.14180487,0.03101688,0.047878352,-0.0055481589,-0.71302662,-0.0070179572,0.70107989,0.012568207,-0.022619603,-0.01427676
9.3205,0.14188938,0.03089075,0.047676974,-0.0064545519,-0.7151673,-0.0080053313,0.69887767,0.0085678518,0.0083042769,-0.028722553
9.3305,0.14196864,0.03097265,0.04737831,-0.0070977801,-0.71727708,-0.0084665834,0.69670046,0.0061428936,0.00095767203,-0.026378164
9.3405,0.14205808,0.031002078,0.047082222,-0.0077505135,-0.71929874,-0.0090034627,0.6945993,0.01065224,0.022930537,-0.037248745
9.3505,0.14221868,0.031296113,0.046676255,-0.0078290128,-0.72144906,-0.0089443298,0.69236548,0.01362826,0.028907697,-0.040297905
9.3605,0.14241342,0.031657278,0.046246891,-0.0077060395,-0.7235387,-0.0086730192,0.69018632,0.015371266,0.041493198,-0.043975589
9.3705,0.14265978,0.032096879,0.045781027,-0.0072692053,-0.72564829,-0.0082081666,0.68797845,0.02037207,0.03137583,-0.044023588
9.3805,0.14297633,0.032747788,0.045204148,-0.0065068607,-0.72787718,-0.007096748,0.68563993,0.023541994,0.086343015,-0.06503933
9.3905,0.14330888,0.033406529,0.044619151,-0.0056751744,-0.73006679,-0.0059248477,0.68332655,0.024643608,0.080964326,-0.062543388
9.4005,0.14364883,0.034047084,0.043990424,-0.0048133057,-0.7322723,-0.0047382932,0.68097846,0.023812985,0.049104873,-0.061376502
9.4105,0.14397224,0.034521094,0.043367597,-0.0041448381,-0.7344277,-0.0038837469,0.67866316,0.024147518,0.047291252,-0.062470488
9.4205,0.14430928,0.035084434,0.042678497,-0.0034587778,-0.73660705,-0.0026800772,0.67630681,0.024504599,0.0644478,-0.07187405
9.4305,0.14459412,0.035524804,0.041990754,-0.0030235288,-0.73872153,-0.0017646014,0.67400167,0.017872163,0.031661533,-0.055680163
9.4405,0.14482326,0.035905131,0.041757263,-0.0027193671,-0.73987265,-0.0015524738,0.67273966,0.019972084,0.042925589,-0.002091647
9.4505,0.14503759,0.036348065,0.041834998,-0.0027987216,-0.7401633,-0.0012567656,0.67242016,0.021747127,0.049694004,0.016362739
9.4605,0.14526785,0.036933889,0.042049506,-0.0026913072,-0.73987837,-0.0011927695,0.67273422,0.024780598,0.066427752,0.023522515
9.4705,0.14553377,0.037734381,0.042182142,-0.0024474232,-0.73930967,-0.00081589521,0.67336064,0.027022863,0.10677433,-0.015581491
9.4805,0.14584725,0.038777293,0.04210199,-0.0018271193,-0.73883082,0.00013642606,0.67388846,0.027855705,0.097421904,0.0062796583
9.4905,0.14615318,0.039836683,0.042121029,-0.0013418763,-0.73770506,0.00092031888,0.67512117,0.029587513,0.12569294,-0.015499688
9.5005,0.14646889,0.040991869,0.042103371,-0.00072070437,-0.73618591,0.0018535177,0.67677644,0.029910714,0.11831673,-0.0024556661
9.5105,0.14678736,0.042185471,0.042043477,2.2802472e-05,-0.73456661,0.0029157934,0.67853032,0.029292348,0.12039602,-0.0070757756
9.5205,0.14709147,0.043359516,0.041993335,0.00074367029,-0.73260704,0.0039885816,0.68063975,0.028659555,0.12061002,-0.0072914275
9.5305,0.14739165,0.044528836,0.041927248,0.0016735243,-0.73039517,0.0050657845,0.68300397,0.028084713,0.11220708,-0.0033044209
9.5405,0.14768681,0.045654659,0.041854035,0.0026108028,-0.72811776,0.0061826922,0.68541921,0.027553635,0.11199041,-0.0079744879
9.5505,0.14796189,0.046393464,0.041780821,0.0031369583,-0.7256572,0.0071361327,0.68801226,0.027280703,0.032842498,-0.0071798621
9.5605,0.14819198,0.046362137,0.041698717,0.0033357037,-0.72297954,0.007713577,0.69081833,0.023744984,-0.031193861,-0.0048615051
9.5705,0.14837585,0.045799807,0.041603943,0.0035173002,-0.72019578,0.0081054707,0.69371462,0.019914315,-0.076707374,-0.0098787156
9.5805,0.14853348,0.04478693,0.041498246,0.0037198361,-0.71742394,0.0083509849,0.69657686,0.019444365,-0.12289619,-0.018379847
9.5905,0.14868647,0.043378214,0.041405401,0.0039210653,-0.71472399,0.0084424837,0.69934467,0.019180975,-0.15707686,-0.0089691358
9.6005,0.14881114,0.041661132,0.041300622,0.0040991217,-0.71211069,0.0083366017,0.70200574,0.010410854,-0.18314009,-0.015598982
9.6105,0.14877756,0.039744917,0.041177911,0.004387508,-0.70928635,0.0080078955,0.70486133,-0.004006725,-0.20031865,-0.01424162
9.6205,0.14861932,0.037675049,0.041052532,0.004680758,-0.70634395,0.0075004897,0.70781358,-0.013410467,-0.21496403,-0.01764114
9.6305,0.14840819,0.035615226,0.041045615,0.0050523344,-0.7034389,0.0069154728,0.71070414,-0.017111231,-0.18087888,0.019006395
9.6405,0.14818731,0.034047194,0.041385475,0.0059594893,-0.70087477,0.0070292729,0.71322481,-0.023887741,-0.15561935,0.010969092
9.6505,0.14793176,0.032712305,0.041558527,0.0068896239,-0.69886844,0.0073714068,0.71517907,-0.026084375,-0.11011846,0.028370065
9.6605,0.14766977,0.031689867,0.04170752,0.0079388877,-0.6971863,0.0079008792,0.71680249,-0.028301477,-0.091580896,0.0082082252
9.6705,0.14742881,0.03101232,0.041883345,0.0092450013,-0.69556949,0.0086519675,0.71834724,-0.025555076,-0.046724425,0.025407357
9.6805,0.14723663,0.03067393,0.04211972,0.010861599,-0.69392993,0.0096453869,0.719896,-0.021618892,-0.023714935,0.022896613
9.6905,0.14710493,0.030530254,0.042381766,0.012634069,-0.69242595,0.010779599,0.72129778,-0.016942907,-0.010233841,0.018585681
9.7005,0.14703723,0.030540066,0.042685589,0.014599822,-0.69083101,0.012044742,0.72276848,-0.010414797,0.0087230708,0.033574566
9.7105,0.14703204,0.030713586,0.04310432,0.016706272,-0.68898773,0.013513836,0.7244544,-0.0058512886,0.022586396,0.039936879
9.7205,0.14706574,0.03099873,0.043533985,0.018821921,-0.68713067,0.015076998,0.7261335,-0.0026417617,0.032171891,0.041560891
9.7305,0.14714641,0.031399045,0.044020971,0.020932897,-0.68541078,0.016858352,0.72766041,0.0019037607,0.045786835,0.052869066
9.7405,0.14726793,0.031900654,0.044556275,0.023088677,-0.68388648,0.018800603,0.72898061,0.0043366573,0.053795617,0.052579991
9.7505,0.14741395,0.032460499,0.045086085,0.025073359,-0.68251541,0.020975782,0.73013975,0.0057478339,0.058498382,0.055602269
9.7605,0.14758502,0.033088308,0.045563286,0.026866647,-0.6815591,0.023428069,0.73089432,0.0074739633,0.068007669,0.048776232
9.7705,0.14777856,0.0337753,0.046053563,0.028779681,-0.68102108,0.0258295,0.73124199,0.0080541254,0.069243982,0.058875864
9.7805,0.14801573,0.034286441,0.046613484,0.031377766,-0.68086003,0.027550741,0.73122227,0.013821324,0.037442749,0.047648743
9.7905,0.14831585,0.034623524,0.046947438,0.033523129,-0.68154245,0.029775467,0.73040366,0.017497185,0.037727355,0.025824805
9.8005,0.1486392,0.035041197,0.04714412,0.035325542,-0.68284949,0.032234332,0.7289922,0.018416059,0.046131688,0.024572914
9.8105,0.14897097,0.035514155,0.047421762,0.037159551,-0.68451502,0.03447668,0.72723429,0.01875256,0.05094594,0.030934753
9.8205,0.14931727,0.036036913,0.047692016,0.03926267,-0.68677069,0.036233566,0.72490799,0.021189233,0.05342658,0.020432756
9.8305,0.14968596,0.036603111,0.047836788,0.041397861,-0.68966305,0.03773062,0.72196087,0.021358376,0.06212516,-0.0093449782
9.8405,0.15005062,0.037213545,0.047537776,0.042089486,-0.69310079,0.040326406,0.71848003,0.021308784,0.064613622,-0.025039054
9.8505,0.15043112,0.037839691,0.047337221,0.043356341,-0.69666248,0.042212539,0.71484244,0.02382525,0.064362921,-0.015324353
9.8605,0.15082765,0.038480914,0.047102637,0.044743178,-0.70029934,0.043809092,0.71109749,0.02495109,0.067667358,-0.028119453
9.8705,0.15122239,0.039130399,0.046730514,0.04568161,-0.7039745,0.045576166,0.70728771,0.026631823,0.064790511,-0.029782629
9.8805,0.15162369,0.039790706,0.046411629,0.046773557,-0.70738626,0.047101408,0.70370333,0.026652872,0.070975091,-0.033783602
9.8905,0.15202172,0.040475268,0.046145887,0.047502413,-0.71041416,0.049004988,0.70046681,0.027163698,0.067794753,-0.02335607
9.9005,0.15240161,0.041093263,0.045999519,0.048193651,-0.71282226,0.05074673,0.69784423,0.02640357,0.059929693,-0.0081504718
9.9105,0.15276621,0.04167218,0.046048293,0.048980239,-0.7145336,0.052442038,0.69591127,0.02584079,0.056003176,-0.0017120462
9.9205,0.15311646,0.04221099,0.046204446,0.049961045,-0.71562088,0.053899401,0.69461176,0.026380599,0.054277298,0.029017502
9.9305,0.15345429,0.042629396,0.04642089,0.051338787,-0.71641454,0.054872855,0.69361625,0.022301477,0.017769661,0.004931656
9.9405,0.15366905,0.042329236,0.046306834,0.051784871,-0.71818962,0.054886292,0.69174381,0.012688936,-0.066309293,-0.029664157
9.9505,0.15375232,0.041381398,0.045863705,0.050913489,-0.72074702,0.05396329,0.68921659,0.0058037009,-0.11762745,-0.058898074
9.9605,0.15374008,0.04003592,0.045167886,0.049191488,-0.72370986,0.052259216,0.6863623,0.0017125729,-0.14948925,-0.078641695
9.9705,0.15368842,0.038415499,0.044264148,0.046919714,-0.72696241,0.049968551,0.68324764,0.0033044493,-0.15092112,-0.093938498
9.9805,0.15376791,0.037498826,0.043508089,0.046083764,-0.72983141,0.049220302,0.68029388,0.010850095,-0.053750746,-0.06415559
9.9905,0.1539683,0.037130698,0.042954143,0.046265168,-0.73216758,0.04956637,0.67774135,0.015656644,-0.044238074,-0.057665857
10.0005,0.15412898,0.036357512,0.042211779,0.045632216,-0.73471135,0.048962185,0.6750701,0.014925563,-0.085880482,-0.081145605
10.0105,0.15432016,0.035754325,0.041747007,0.045246329,-0.73658877,0.048621252,0.67307186,0.019756187,-0.056532835,-0.016585287
10.0205,0.1545298,0.035144998,0.041775526,0.045035576,-0.73724374,0.048508166,0.6723767,0.021273687,-0.068209541,0.016141466
10.0305,0.15474344,0.034382165,0.042011867,0.044876174,-0.73747826,0.048439162,0.6721351,0.021798505,-0.083075738,0.028595191
10.0405,0.15494954,0.033447475,0.042250708,0.044661425,-0.73778302,0.048136335,0.67183663,0.020595448,-0.1143403,0.0022327119
10.0505,0.15510759,0.03220352,0.042163231,0.043754528,-0.73871561,0.046943623,0.67095536,0.021056014,-0.11790495,0.0026731793
10.0605,0.15529824,0.031094968,0.042283407,0.043372687,-0.7388097,0.04624523,0.67092504,0.021552825,-0.1163988,0.0042475346
10.0705,0.15544977,0.029907321,0.042252471,0.042718814,-0.73868134,0.045108523,0.67118567,0.020883327,-0.10944097,0.0059045918
10.0805,0.15560317,0.028819591,0.042266996,0.042318854,-0.7381628,0.044120092,0.67184687,0.01951147,-0.10895622,-0.0031535231
10.0905,0.15575148,0.027821677,0.042306554,0.042040624,-0.7371569,0.043253347,0.6730241,0.019451173,-0.10652175,-0.0048392866
10.1005,0.15587102,0.0268137,0.04226525,0.041445898,-0.73590124,0.042126123,0.67450499,0.019460823,-0.089713424,0.003283351
10.1105,0.15598956,0.025903346,0.042247298,0.04100176,-0.73441731,0.04109784,0.6762108,0.018520513,-0.085399778,-0.00025815396
10.1205,0.15608657,0.025005944,0.042194281,0.040188606,-0.73269871,0.040035283,0.67818482,0.018175665,-0.083854725,-0.0024600106
10.1305,0.15617137,0.024145282,0.042134394,0.039357754,-0.73072142,0.03880311,0.68043478,0.017857886,-0.083375168,-0.0055065955
10.1405,0.15627642,0.023582041,0.042103665,0.03904634,-0.72860724,0.037636826,0.68278133,0.019272775,-0.024780842,-0.00510708
10.1505,0.15643777,0.023676207,0.042046714,0.03892308,-0.72623249,0.036878935,0.68535487,0.025923537,0.033865677,-0.013101508
10.1605,0.1566539,0.024271979,0.041960471,0.038752031,-0.72360095,0.036291569,0.68817357,0.030570568,0.078209377,-0.012597337
10.1705,0.15690929,0.025246095,0.041861453,0.03853867,-0.7208871,0.035840692,0.69105137,0.033739877,0.11194697,-0.012030478
10.1805,0.15722399,0.02654907,0.041754022,0.038300069,-0.71824412,0.035508672,0.69382824,0.041266277,0.14504717,-0.013114341
10.1905,0.15760706,0.028138817,0.041639689,0.038059281,-0.71576894,0.035298378,0.6964053,0.046274683,0.1711634,-0.016998471
10.2005,0.15803808,0.02994411,0.041527007,0.037838974,-0.71349442,0.035219288,0.6987514,0.049387116,0.18912607,-0.012445688
10.2105,0.15849581,0.03190724,0.041411386,0.037606259,-0.71136925,0.035263567,0.70092513,0.048281858,0.20124378,-0.007380773
10.2205,0.1588249,0.033941271,0.041281091,0.037337005,-0.70910802,0.035395611,0.70322038,0.028060332,0.20183042,-0.0032703084
10.2305,0.15902727,0.035974805,0.041139059,0.03717552,-0.70678423,0.03546638,0.70556089,0.021940296,0.20069198,-0.0068930918
10.2405,0.15918077,0.037949646,0.041028846,0.036925087,-0.70452019,0.035602942,0.70782786,0.018237932,0.19349831,-0.008230876
10.2505,0.15926015,0.039721735,0.040961641,0.036480049,-0.70245709,0.035821335,0.70988737,0.0060017694,0.14479516,0.012248433
10.2605,0.15918579,0.040804409,0.041155201,0.035428106,-0.70100803,0.035244185,0.71140034,-0.0045733906,0.081226652,0.023627137
10.2705,0.15902326,0.041375122,0.04135618,0.034057556,-0.70001474,0.03404544,0.71250288,-0.009189028,0.045701096,-0.0016082335
10.2805,0.15882974,0.041637518,0.041390795,0.032377271,-0.69936187,0.032816153,0.7132796,-0.009723171,0.012467618,0.0077495983
10.2905,0.1586464,0.041673588,0.041452386,0.030569642,-0.69894885,0.031476596,0.71382437,-0.0074269228,-0.0030760723,0.006205562
10.3005,0.15848475,0.041560542,0.041599063,0.028656257,-0.69843086,0.030021155,0.71447315,-0.0041980676,-0.018321552,0.023002949
10.3105,0.15833467,0.04132693,0.041858186,0.026704035,-0.6975885,0.028445221,0.71543557,-0.0029496557,-0.027786495,0.028393005
10.3205,0.15818908,0.041022536,0.042141127,0.024795719,-0.69658917,0.026867345,0.71653809,-0.0024939913,-0.032873671,0.034081632
10.3305,0.15805181,0.04062021,0.04251382,0.022796057,-0.69558192,0.025244078,0.71764118,-0.00061209353,-0.046181371,0.042354783
10.3405,0.15792514,0.040120991,0.042971216,0.020860049,-0.69462477,0.023405014,0.71868873,-2.5102941e-05,-0.053505562,0.049071775
10.3505,0.15780472,0.039568598,0.04348017,0.019019884,-0.6936445,0.021543344,0.71974401,0.00026662507,-0.057401796,0.052518571
10.3605,0.15769935,0.038934698,0.044016692,0.017134931,-0.69284317,0.019650573,0.72061681,0.0031386264,-0.068294228,0.055580503
10.3705,0.15761584,0.038227565,0.044597716,0.015247332,-0.69222888,0.017665246,0.72130066,0.0044838702,-0.072809668,0.060116622
10.3805,0.15755072,0.037494468,0.045194204,0.013639556,-0.69167128,0.015538049,0.72191646,0.0050377053,-0.073066422,0.062797309
10.3905,0.15749289,0.036729257,0.045747111,0.011928611,-0.6914508,0.013548614,0.72219798,0.0050552921,-0.079071377,0.055437947
10.4005,0.15745114,0.035913366,0.046250821,0.010257049,-0.69167896,0.011495804,0.72204076,0.0062467688,-0.081484959,0.055421546
10.4105,0.15743495,0.03511271,0.046854558,0.0089058363,-0.69218335,0.0092789891,0.7216071,0.0079565992,-0.078464151,0.063907309
10.4205,0.15743759,0.034309657,0.04738823,0.0071871137,-0.69317239,0.0074862003,0.72069712,0.0087845472,-0.080708558,0.04977076
10.4305,0.15746055,0.033490646,0.047767285,0.0056719595,-0.69479129,0.0055087004,0.71916796,0.009632507,-0.083395335,0.020601243
10.4405,0.15750344,0.032686674,0.048044164,0.0041290639,-0.69669975,0.0037542604,0.71734115,0.010628907,-0.07715516,0.029628205
10.4505,0.15755773,0.031893545,0.04825193,0.0026208836,-0.69878586,0.0020759374,0.7153231,0.01106665,-0.081200433,0.012856156
10.4605,0.15763068,0.031101543,0.048422178,0.0013124581,-0.70102961,0.00027336522,0.7131309,0.013011086,-0.078822449,-0.00057827842
10.4705,0.15774337,0.03039655,0.048463032,-0.00016194087,-0.70333906,-0.0011655208,0.71085356,0.018240175,-0.061600048,0.0035045159
10.4805,0.15793204,0.030038248,0.048324897,-0.0010356629,-0.70602256,-0.0023411151,0.70818472,0.020531182,-0.025637551,-0.023582186
10.4905,0.15814346,0.029710128,0.048186753,-0.0021964709,-0.70847584,-0.0032310988,0.70572425,0.024356565,-0.036833913,-0.0015345185
10.5005,0.15834365,0.029466537,0.048041563,-0.0030605932,-0.71072739,-0.0040996368,0.70344894,0.018342096,-0.022893954,-0.01659755
10.5105,0.15848378,0.029241548,0.047857591,-0.0039790386,-0.71299908,-0.0051410904,0.70113483,0.012964874,-0.02118199,-0.020354286
10.5205,0.1585677,0.029050812,0.047667287,-0.0048930618,-0.71514743,-0.0062544368,0.69892853,0.0081777501,-0.016689258,-0.020304278
10.5305,0.15863979,0.029047368,0.047395844,-0.0056189048,-0.71722531,-0.0069025475,0.6967845,0.0063289768,-0.00035664197,-0.026395919
10.5405,0.15873286,0.029084918,0.047094806,-0.0062228082,-0.71926549,-0.0074288879,0.69466772,0.010874023,0.025672168,-0.038591373
10.5505,0.15889458,0.029359054,0.046692679,-0.0063274992,-0.72141546,-0.0074057372,0.692434,0.013934703,0.033157913,-0.042092646
10.5605,0.15909296,0.029728127,0.046262043,-0.0061714825,-0.72351227,-0.0071258832,0.69024715,0.015589615,0.039495709,-0.042955844
10.5705,0.15934026,0.030207735,0.045770336,-0.0057629638,-0.72564718,-0.0065032832,0.68801212,0.019381239,0.039014308,-0.047747319
10.5805,0.15963601,0.030743594,0.045234642,-0.005100408,-0.72783471,-0.0057287468,0.68570971,0.023162565,0.068073717,-0.059097297
10.5905,0.15997141,0.031406749,0.044635899,-0.0042955175,-0.73003153,-0.0045154973,0.68338505,0.024219568,0.064365496,-0.05852491
10.6005,0.16032112,0.032063987,0.043987054,-0.00346712,-0.73227351,-0.0032438309,0.6809941,0.024695753,0.053827615,-0.062622009
10.6105,0.16065449,0.032580273,0.043338219,-0.0027634838,-0.73446954,-0.0022641438,0.67863225,0.024473975,0.054303774,-0.067367604
10.6205,0.16097872,0.033068426,0.042682757,-0.0021489529,-0.73660909,-0.0012733546,0.67631414,0.022805392,0.038395272,-0.059340454
10.6305,0.16126062,0.033479268,0.042001448,-0.0017014155,-0.73870689,-0.00044565562,0.67402451,0.01777252,0.032974083,-0.058349857
10.6405,0.1614753,0.033817948,0.041726273,-0.0014961639,-0.73987282,-9.9031632e-05,0.67274509,0.018360949,0.035891795,-0.006733327
10.6505,0.16169741,0.034251083,0.041796624,-0.00138662,-0.74024192,4.6161299e-05,0.67233919,0.022068779,0.048883251,0.01572394
10.6605,0.16192577,0.034813632,0.041992309,-0.00141292,-0.73995116,0.00023080128,0.67265907,0.024200603,0.064120503,0.022908073
10.6705,0.16217589,0.035539174,0.042198143,-0.00138545,-0.73922494,0.00046051576,0.67345702,0.026886902,0.089887412,0.0055147434
10.6805,0.16248884,0.036566117,0.042117318,-0.00078107708,-0.73874279,0.0014129764,0.67398552,0.02823374,0.098503434,0.0032909317
10.6905,0.16279986,0.037629498,0.042120698,-0.00025380973,-0.73764554,0.002225473,0.67518445,0.029997262,0.12581371,-0.01588216
10.7005,0.16311893,0.03877924,0.04210772,0.0003805627,-0.73612108,0.0031361417,0.6768425,0.030391105,0.11476025,0.0015593522
10.7105,0.16344061,0.039966312,0.042055081,0.001126985,-0.73449434,0.0041627639,0.67860111,0.029720407,0.11335931,0.0010354781
10.7205,0.1637562,0.041164742,0.041989628,0.0019904958,-0.73257561,0.0052853609,0.68066224,0.029117943,0.12354337,-0.010039022
10.7305,0.16406183,0.042334145,0.041925745,0.0029412351,-0.73035596,0.006370198,0.6830307,0.028489488,0.11007129,-0.0015850312
10.7405,0.16436378,0.043462839,0.041852583,0.003918063,-0.72808895,0.0074907977,0.68543054,0.027745805,0.10968197,-0.006800732
10.7505,0.16463358,0.044204018,0.041778147,0.0043597563,-0.72561718,0.0085290276,0.68803194,0.026865687,0.031977683,-0.0027330458
10.7605,0.16485691,0.044171462,0.041697671,0.0045227333,-0.72293913,0.0091209387,0.69083672,0.023174488,-0.03105405,-0.0068297457
10.7705,0.16503349,0.043607975,0.041609687,0.004707059,-0.72015136,0.0094921306,0.69373609,0.019254647,-0.077010971,-0.012830188
10.7805,0.16518508,0.04259668,0.041511183,0.0049314218,-0.71738133,0.0097174788,0.69659549,0.018689262,-0.12073309,-0.0028736724
10.7905,0.1653314,0.041184068,0.041404281,0.0051469867,-0.71471014,0.0097854812,0.69933338,0.018536431,-0.15778183,-0.011708167
10.8005,0.16545363,0.039463178,0.041291001,0.0053571,-0.71213038,0.0096443248,0.70196054,0.010451062,-0.18424482,-0.018559603
10.8105,0.16541636,0.037548145,0.041179595,0.0056890369,-0.70930949,0.0092845322,0.70481308,-0.0042082051,-0.20137371,-0.01708484
10.8205,0.16525499,0.035472922,0.04103923,0.0059900781,-0.7064,0.0087593576,0.70773331,-0.01408316,-0.21281041,-0.010067602
10.8305,0.16503609,0.033409245,0.041029904,0.0063361709,-0.70350182,0.0081418079,0.71061857,-0.017716326,-0.1818573,0.017859047
10.8405,0.16480742,0.031845479,0.041380449,0.0072153266,-0.70093675,0.0082260182,0.7131395,-0.024636298,-0.15183336,0.017552898
10.8505,0.16453465,0.030469814,0.041492891,0.0080720983,-0.69896875,0.0084947766,0.7150562,-0.027240822,-0.11350745,0.02397685
10.8605,0.16426695,0.029456071,0.041664077,0.0091199202,-0.69726526,0.0090256437,0.71669835,-0.028881383,-0.091292852,0.0099083134
10.8705,0.16402511,0.028802676,0.04189224,0.010449529,-0.69560456,0.0097985106,0.71828204,-0.026536595,-0.051787029,0.015381392
10.8805,0.16382619,0.028438945,0.042092209,0.012029986,-0.69398591,0.010761294,0.71980763,-0.021734422,-0.02397316,0.024368808
10.8905,0.16369339,0.028293186,0.04236863,0.013798464,-0.69246811,0.011893219,0.72121846,-0.016504121,-0.0085805228,0.025841924
10.9005,0.16362047,0.028297676,0.042662329,0.015720186,-0.69087631,0.013173279,0.72268199,-0.010543287,0.0087837731,0.035032743
10.9105,0.16361204,0.028469765,0.043066505,0.017751376,-0.68903034,0.0147018,0.72436588,-0.0061100861,0.022191611,0.034695235
10.9205,0.16364823,0.028755869,0.043495828,0.019939028,-0.68716688,0.016184991,0.72604557,-0.0020601617,0.032348737,0.044849299
10.9305,0.16373322,0.02915582,0.044018907,0.022100115,-0.68541586,0.017921186,0.72759571,0.001537701,0.045070916,0.047730335
10.9405,0.16385682,0.029651745,0.044583068,0.024306537,-0.68386324,0.019808584,0.72893613,0.0044512145,0.052726855,0.055705915
10.9505,0.16400299,0.030202426,0.045132193,0.026383451,-0.68246862,0.021876642,0.73011089,0.0062979334,0.057643038,0.057261745
10.9605,0.164174,0.030820455,0.045628195,0.028240232,-0.68148588,0.02424782,0.73088407,0.0075204485,0.066905742,0.052173646
10.9705,0.16436992,0.031499554,0.046055017,0.029889845,-0.6809705,0.02692041,0.73120521,0.0099970881,0.066669248,0.052054733
10.9805,0.16462528,0.031973025,0.046538703,0.032251532,-0.68088433,0.028896665,0.73110967,0.015565471,0.034971899,0.044405124
10.9905,0.16496575,0.032285222,0.04690767,0.034557926,-0.68159521,0.03096267,0.73025682,0.022544611,0.033630717,0.031322842
11.0005,0.16533703,0.032672021,0.047126484,0.036558042,-0.68294318,0.033204715,0.72880009,0.022763059,0.043466457,0.019135998
11.0105,0.1657128,0.033117967,0.047371658,0.038447621,-0.68464313,0.035361835,0.7270042,0.023213117,0.047999986,0.028613051
11.0205,0.16609833,0.033620756,0.047608529,0.04021975,-0.68692998,0.037457912,0.72464231,0.023688701,0.054770209,0.020332255
11.0305,0.16648952,0.034169848,0.047601711,0.041971167,-0.68991231,0.039226711,0.72160979,0.023967884,0.057648884,-0.0006791331
11.0405,0.16688328,0.034758202,0.047510751,0.043214564,-0.69323416,0.041305131,0.71822892,0.024329711,0.062662394,-0.023660373
11.0505,0.16728336,0.035376615,0.047304372,0.044501386,-0.69677754,0.043128985,0.71460519,0.026492998,0.063996753,-0.017286332
11.0605,0.16769785,0.03602447,0.047023499,0.045720149,-0.70042353,0.044866517,0.71084706,0.026645867,0.068794827,-0.042175355
11.0705,0.16811171,0.036684155,0.046674205,0.046645742,-0.70407475,0.046647232,0.70705513,0.029445817,0.065696754,-0.028200971
11.0805,0.16854043,0.037373942,0.046381986,0.047823545,-0.70744653,0.048141413,0.70350176,0.028897447,0.071913812,-0.039810934
11.0905,0.16895991,0.038073045,0.046107843,0.048530581,-0.71044998,0.050060765,0.70028532,0.029252677,0.070536865,-0.010689597
11.1005,0.16935895,0.038707613,0.046000912,0.049235319,-0.71281283,0.051830716,0.69770146,0.028380659,0.062099022,0.0015719227
11.1105,0.16973864,0.039287965,0.04603611,0.050009106,-0.71451333,0.053481199,0.69577981,0.028095167,0.059922092,0.018509401
11.1205,0.17010701,0.039836715,0.046215727,0.050991172,-0.71557161,0.05494749,0.69450554,0.028006922,0.053777816,0.022162637
11.1305,0.17045955,0.04024041,0.046405904,0.052389435,-0.71640486,0.055838913,0.69347057,0.023515454,0.013908531,0.0057004459
11.1405,0.1706789,0.0399128,0.046298127,0.05282345,-0.71820035,0.05577189,0.69158328,0.013009913,-0.068406312,-0.0294941
11.1505,0.17076099,0.038949356,0.045854957,0.05191176,-0.72076039,0.054819094,0.68906059,0.0057151833,-0.11885408,-0.058994104
11.1605,0.1707448,0.037594353,0.04515558,0.050144854,-0.72372167,0.053106482,0.68621581,0.0014108432,-0.15027254,-0.078906153
11.1705,0.17068641,0.03595364,0.044244782,0.047803793,-0.72697878,0.050784951,0.68310873,0.0025605065,-0.16048652,-0.097024923
11.1805,0.17075296,0.034978329,0.043469194,0.046829809,-0.72987677,0.049923694,0.68014299,0.010262484,-0.057420384,-0.06523353
11.1905,0.17095044,0.034612123,0.042920136,0.047002494,-0.73220019,0.050290999,0.67760199,0.016187194,-0.036724543,-0.053552862
11.2005,0.17111898,0.033891005,0.042203636,0.046454897,-0.73469193,0.049808843,0.67497318,0.014860184,-0.087766097,-0.08186632
11.2105,0.17130749,0.03326613,0.041737858,0.046024235,-0.73655902,0.049451893,0.67299115,0.019971658,-0.058562927,-0.015066416
11.2205,0.17151488,0.03262472,0.041782282,0.045757997,-0.73719379,0.049363513,0.67232043,0.021040668,-0.071142133,0.017484718
11.2305,0.17172241,0.031839211,0.042026886,0.045635599,-0.73742407,0.049251043,0.67208442,0.02098274,-0.085008437,0.028729281
11.2405,0.1719194,0.030880839,0.042254212,0.045429843,-0.7377519,0.048862891,0.67176683,0.019903261,-0.11761483,-0.00056440047
11.2505,0.17207343,0.02963369,0.042173851,0.044536582,-0.73866731,0.047665967,0.67090614,0.020795158,-0.11712329,0.0044530364
11.2605,0.17225828,0.0285146,0.042281678,0.044119742,-0.73878224,0.046929889,0.67085903,0.020695238,-0.12166467,-0.0029597346
11.2705,0.17241408,0.027356117,0.04228551,0.043544571,-0.7385792,0.045899234,0.6711914,0.021028482,-0.10593971,0.0097171983
11.2805,0.17256046,0.026255709,0.042277765,0.043025402,-0.73810752,0.044878715,0.67181247,0.019785454,-0.10299527,0.0044076125
11.2905,0.17269186,0.025202747,0.042289905,0.042625208,-0.73715496,0.043704326,0.67296032,0.019078524,-0.10711694,-0.0041021396
11.3005,0.17281471,0.024220824,0.042282105,0.042127817,-0.73582838,0.04264223,0.67450981,0.018581826,-0.10156176,-0.0077108755
11.3105,0.17292794,0.023300537,0.04223806,0.041468202,-0.73438825,0.041673736,0.67617866,0.017906636,-0.094469856,-0.010093481
11.3205,0.17303493,0.022462235,0.042193192,0.040838857,-0.73265305,0.040799945,0.67814973,0.017790092,-0.090073193,-0.0083907103
11.3305,0.17312066,0.021621466,0.042130391,0.040067963,-0.73068261,0.039602474,0.68038895,0.017664888,-0.087210814,-0.0077249236
11.3405,0.17322419,0.021049036,0.042092315,0.039699463,-0.728585,0.038482132,0.68272028,0.019136043,-0.026416648,-0.0053383803
11.3505,0.17338677,0.021129723,0.042036958,0.03956803,-0.72621515,0.037736257,0.68528965,0.026167031,0.033297857,-0.008892022
11.3605,0.17360542,0.021713294,0.041953709,0.039407729,-0.72358541,0.037132912,0.68810779,0.030909204,0.077786644,-0.0029149628
11.3705,0.17386378,0.022678137,0.041855942,0.039212677,-0.72087586,0.036659656,0.69098222,0.03410673,0.1113664,-0.018248083
11.3805,0.17417607,0.02397572,0.04174069,0.038987807,-0.71822447,0.036310767,0.69376876,0.040844603,0.14439725,-0.013148736
11.3905,0.17455686,0.02556074,0.041629411,0.038764441,-0.71572944,0.036087862,0.69636654,0.04624772,0.17065602,-0.016950634
11.4005,0.17499092,0.027360663,0.041526511,0.038556917,-0.71344409,0.035992392,0.69872416,0.05013076,0.18597246,0.0010692734
11.4105,0.1754623,0.02932233,0.041405935,0.038330323,-0.71136628,0.036022561,0.70085032,0.04873827,0.20236749,-0.015065251
11.4205,0.17578984,0.031354571,0.041275806,0.038095982,-0.70910218,0.036108983,0.70314929,0.028584319,0.20338924,-0.010446893
11.4305,0.17598706,0.033382267,0.041154316,0.037926125,-0.70674363,0.03616634,0.70552607,0.021592779,0.20051246,-0.0064189583
11.4405,0.17613722,0.035360327,0.041028908,0.037661943,-0.70449188,0.036319749,0.70778079,0.017058894,0.19556695,-0.017088357
11.4505,0.17621743,0.037146232,0.040934746,0.037214709,-0.70244462,0.036601576,0.70982177,0.007243695,0.14880626,0.0070576192
11.4605,0.17615915,0.038259411,0.041099822,0.036274706,-0.7010591,0.036100272,0.71126441,-0.0038202707,0.083591506,0.022197028
11.4705,0.17600511,0.038835311,0.041327061,0.034949127,-0.70008051,0.034927959,0.71235236,-0.0084864145,0.036451785,0.02325376
11.4805,0.17581299,0.039080742,0.041400206,0.033269363,-0.6994135,0.033694111,0.71314698,-0.0097127522,0.01236734,0.0069845996
11.4905,0.17562968,0.039116064,0.041454164,0.031465222,-0.69901026,0.032357933,0.7136859,-0.0074896667,-0.0031735917,0.0054813135
11.5005,0.17546693,0.039001912,0.041594455,0.029545408,-0.69849909,0.030897187,0.71433288,-0.0043020244,-0.018490726,0.022462041
11.5105,0.17531129,0.038771204,0.041805572,0.02759038,-0.69768286,0.029318913,0.71527463,-0.0032814836,-0.027739924,0.026457028
11.5205,0.17516543,0.038464779,0.042119189,0.025662666,-0.6966689,0.027723395,0.71639744,-0.0024501086,-0.033160418,0.036191734
11.5305,0.17502389,0.038064714,0.042500223,0.023652804,-0.69565057,0.026079354,0.71751703,-0.00098416893,-0.045249766,0.047523116
11.5405,0.17489211,0.037564303,0.042959498,0.021653734,-0.6946896,0.024274696,0.71857373,6.7005644e-05,-0.053725313,0.05258515
11.5505,0.17477102,0.037008661,0.043470967,0.019835252,-0.69371149,0.022366153,0.71963232,-0.00067366558,-0.056995626,0.05517905
11.5605,0.17466325,0.03637698,0.044017929,0.017974501,-0.69289668,0.020422377,0.72052344,0.0030039149,-0.068395243,0.053988096
11.5705,0.17457667,0.035671492,0.044592106,0.016167793,-0.69229225,0.018336023,0.72120305,0.0039689381,-0.072487357,0.060101207
11.5805,0.17450032,0.034934081,0.045166232,0.014381462,-0.69172768,0.016367949,0.72182968,0.0051770601,-0.075916745,0.052940138
11.5905,0.17444008,0.034154092,0.045734592,0.012653349,-0.6914947,0.014345056,0.72212824,0.004883337,-0.080252082,0.057256564
11.6005,0.17439783,0.033326258,0.046233312,0.011073317,-0.69173915,0.012163889,0.72196009,0.0069061569,-0.08312105,0.053966924
11.6105,0.17437759,0.032529629,0.04688207,0.0095002792,-0.69216592,0.010151394,0.72160449,0.0076975592,-0.077692485,0.069745811
11.6205,0.17437564,0.031729293,0.047369606,0.0079925228,-0.69318723,0.0081667692,0.72066697,0.0080888926,-0.081387422,0.042253539
11.6305,0.1743871,0.03091714,0.047770367,0.0063240604,-0.69475859,0.0063263562,0.71918738,0.0085206404,-0.081400601,0.033158562
11.6405,0.17441586,0.030108092,0.048045396,0.0048926094,-0.69667159,0.0044156118,0.71735993,0.0093608071,-0.081307148,0.015567562
11.6505,0.17445876,0.029314631,0.04829501,0.003498124,-0.69876813,0.0025753959,0.71533505,0.010725244,-0.078733372,0.02670945
11.6605,0.17453106,0.028533728,0.048391361,0.0019489227,-0.70102526,0.0010658811,0.71313298,0.013553745,-0.076309078,0.0097909509
11.6705,0.17464121,0.027874887,0.04844494,0.00068527163,-0.70339654,-0.0005326101,0.71079713,0.016617124,-0.057541732,-1.3110462e-05
11.6805,0.17479923,0.027367832,0.04841476,-0.00049715194,-0.70592317,-0.0021118923,0.70828509,0.022029999,-0.040607517,-0.012360809
11.6905,0.17503615,0.027077821,0.048085212,-0.0017673374,-0.70859464,-0.0028633967,0.70560776,0.02473181,-0.028510141,-0.031471121
11.7005,0.17523648,0.026789743,0.047852849,-0.0029878847,-0.71104979,-0.0038401079,0.70312483,0.019066101,-0.027589997,-0.013625654
11.7105,0.17536563,0.026534626,0.047755233,-0.0038584282,-0.71319974,-0.0051971494,0.70093097,0.012825342,-0.023090859,-0.013647502
11.7205,0.17545013,0.026347167,0.047580869,-0.0049424409,-0.71528389,-0.0062458923,0.6987886,0.0085908336,-0.015611292,-0.019312449
11.7305,0.17549885,0.026208892,0.047377821,-0.0059638379,-0.7172454,-0.0071973736,0.69675797,0.0059261591,-0.012387645,-0.020338933
11.7405,0.17557814,0.026169463,0.047119029,-0.0067190073,-0.71921114,-0.0079111157,0.69471405,0.010666564,0.019885888,-0.035061429
11.7505,0.17575113,0.026577089,0.046684492,-0.0065854074,-0.72140754,-0.0076390345,0.69243731,0.01341494,0.03342275,-0.041284351
11.7605,0.17593894,0.02688437,0.046280494,-0.0065553485,-0.72345556,-0.00748217,0.69029928,0.015426317,0.051275816,-0.046745405
11.7705,0.17618825,0.02741861,0.04578183,-0.0060386077,-0.72561281,-0.0067863842,0.68804327,0.019427929,0.054905896,-0.053035678
11.7805,0.1764767,0.027936026,0.04524515,-0.0054563528,-0.72777961,-0.0060236697,0.68576292,0.022996253,0.072640358,-0.060704643
11.7905,0.17680885,0.028584945,0.044662373,-0.0046111792,-0.72996076,-0.0048901757,0.683456,0.024287552,0.069161395,-0.058900252
11.8005,0.17715524,0.02924331,0.044021669,-0.0037705978,-0.73217766,-0.0036173787,0.68109365,0.024316949,0.052819356,-0.061631782
11.8105,0.17748833,0.02977336,0.043375807,-0.0030721851,-0.7343627,-0.0025881474,0.67874538,0.024926233,0.060001715,-0.068051689
11.8205,0.17781616,0.030292321,0.042721447,-0.002378556,-0.73650226,-0.0015454068,0.67642913,0.023162457,0.048697623,-0.063884226
11.8305,0.17810776,0.030726408,0.042043156,-0.001847302,-0.73861608,-0.00065057433,0.67412347,0.018565234,0.034616027,-0.059953861
11.8405,0.17834161,0.031106692,0.041769233,-0.0016068329,-0.7398034,-0.00024677171,0.67282114,0.019790979,0.040835322,-0.0053074457
11.8505,0.17856353,0.03156924,0.041845771,-0.001555209,-0.74013616,-1.7626958e-05,0.67245524,0.021279591,0.049821328,0.01638405
11.8605,0.17879355,0.032158703,0.042044596,-0.0015545543,-0.73984596,0.00015734811,0.67277449,0.024487479,0.066873912,0.022800037
11.8705,0.17905897,0.032951978,0.042191389,-0.0013839976,-0.73924119,0.00052678756,0.67343913,0.02736138,0.1048634,-0.011717987
11.8805,0.17937247,0.033985574,0.042135007,-0.00080028857,-0.73871902,0.0014251269,0.67401152,0.028311147,0.097278513,0.0074403094
11.8905,0.17968937,0.035084873,0.042122682,-0.00020224872,-0.73765201,0.0023094401,0.67517711,0.030190506,0.11419288,0.00032534605
11.9005,0.18001868,0.036277523,0.042084347,0.00053272314,-0.73617344,0.0033337131,0.67678451,0.030646336,0.11754215,0.00085125191
11.9105,0.18034613,0.037484365,0.042040946,0.0013098561,-0.73452295,0.004384986,0.67856842,0.030133307,0.11562584,0.0013033737
11.9205,0.18066612,0.038691636,0.041993789,0.0021966439,-0.73256895,0.0054516623,0.68066746,0.029445157,0.11506534,-0.0001404131
11.9305,0.18097789,0.039890698,0.041920971,0.0031699672,-0.73036054,0.0065875982,0.68302272,0.028873721,0.11781619,-0.0061315168
11.9405,0.18127948,0.041032023,0.041850399,0.0041062095,-0.72808562,0.0076986854,0.68543067,0.028450702,0.11424896,-0.0079673186
11.9505,0.18155646,0.041840328,0.041772753,0.0047130982,-0.72562682,0.0086494721,0.68801794,0.02715544,0.039904933,-0.0063297716
11.9605,0.18179066,0.041869912,0.041690495,0.0049161092,-0.72297154,0.0092406609,0.69079852,0.024126251,-0.025266216,-0.010084358
11.9705,0.18197294,0.041353792,0.041605612,0.0050854385,-0.72017639,0.0096432565,0.69370535,0.020525115,-0.072773723,-0.010609831
11.9805,0.18213218,0.040377135,0.041504056,0.0052832056,-0.71740568,0.0099145479,0.69656506,0.019428781,-0.11818316,-0.0079100034
11.9905,0.18227964,0.038996281,0.041406111,0.0054827731,-0.71471512,0.010030277,0.69932227,0.018921381,-0.15372718,-0.0051597056
12.0005,0.18239585,0.037302502,0.041300801,0.0056685319,-0.71210038,0.0099481587,0.70198429,0.0093669253,-0.18180214,-0.01828879
12.0105,0.18234951,0.035403626,0.041177353,0.0059610522,-0.70927703,0.0096292298,0.70483888,-0.0056209756,-0.19967001,-0.017559574
12.0205,0.18217437,0.033346741,0.041046572,0.0062651501,-0.70634267,0.0091284251,0.70778348,-0.015295059,-0.21207303,-0.011923153
12.0305,0.18194332,0.031281977,0.041018092,0.0065821589,-0.70346972,0.0084900122,0.71064403,-0.018715856,-0.18253291,0.018213344
12.0405,0.18170364,0.029708065,0.041373712,0.007412459,-0.70088889,0.0085185379,0.71318109,-0.025301937,-0.15307314,0.01812834
12.0505,0.18142298,0.028319626,0.041492292,0.0082455275,-0.6989027,0.0087512464,0.71511569,-0.027732167,-0.11480513,0.024557643
12.0605,0.18115129,0.027301978,0.041687648,0.0092977186,-0.69716697,0.0092734158,0.71678851,-0.028833334,-0.0891289,0.016906881
12.0705,0.18090233,0.02661454,0.041884301,0.01060431,-0.69551164,0.01001265,0.71836679,-0.026267817,-0.04879258,0.025190354
12.0805,0.18070261,0.026255691,0.042115527,0.012215869,-0.69384933,0.010989373,0.71993271,-0.022078779,-0.02475495,0.024073413
12.0905,0.18056662,0.026102745,0.04238511,0.014001914,-0.69231187,0.012124389,0.72136067,-0.017316143,-0.010786388,0.019719942
12.1005,0.1804961,0.026107115,0.042695369,0.016000842,-0.69068835,0.013385175,0.72285158,-0.010818727,0.0087443696,0.033585488
12.1105,0.18048949,0.026279804,0.04310595,0.018102537,-0.6888303,0.014904501,0.72454328,-0.0056196711,0.022935597,0.040564093
12.1205,0.18053004,0.026568309,0.04354876,0.020248193,-0.68692656,0.016512587,0.72625701,-0.0021067666,0.032191781,0.040735813
12.1305,0.18061673,0.026968069,0.044055784,0.022496104,-0.68517003,0.018227576,0.72780746,0.0020000713,0.045302577,0.053927352
12.1405,0.18074408,0.027465186,0.044615692,0.024773575,-0.68361103,0.020122261,0.72914836,0.0043464636,0.053053911,0.053060878
12.1505,0.18089492,0.02801867,0.045165209,0.026906475,-0.68221495,0.022222092,0.73031841,0.0062436226,0.057813501,0.054736731
12.1605,0.18107187,0.028639089,0.045662583,0.028829064,-0.68123111,0.024628699,0.73108582,0.0080451769,0.067248395,0.04786402
12.1705,0.18127417,0.029324038,0.046095749,0.030512187,-0.68071377,0.027374313,0.73140168,0.0089089376,0.068230876,0.04919569
12.1805,0.18153624,0.029819647,0.046572072,0.032863498,-0.68061898,0.029460944,0.73130694,0.016698906,0.037767321,0.044729327
12.1905,0.18188717,0.03014238,0.046938873,0.035264686,-0.68132175,0.031532688,0.7304538,0.023214923,0.031786332,0.029796259
12.2005,0.18227388,0.030515102,0.047173496,0.037360621,-0.68264707,0.033817467,0.7290086,0.023973351,0.043067236,0.019782432
12.2105,0.18266544,0.03095349,0.047414362,0.039253106,-0.68436238,0.036102212,0.72718908,0.024394716,0.04725529,0.028129982
12.2205,0.18306628,0.031445125,0.047645073,0.041069555,-0.68665833,0.038265002,0.72480992,0.025203562,0.053667139,0.019129712
12.2305,0.18347572,0.031988617,0.047638944,0.042821778,-0.68964486,0.040161086,0.72176405,0.02548607,0.058454691,-0.0021150576
12.2405,0.18388739,0.032576119,0.047502418,0.044093095,-0.69300487,0.042287568,0.71833962,0.025740379,0.061737642,-0.017133481
12.2505,0.18430597,0.033184142,0.047329663,0.045629699,-0.69654501,0.043924016,0.71471229,0.027683664,0.063095648,-0.025598095
12.2605,0.18473155,0.03382858,0.047027543,0.046715003,-0.70021297,0.04587138,0.71092567,0.027534838,0.06697318,-0.024443362
12.2705,0.18515943,0.03447465,0.046688357,0.047818375,-0.70386972,0.04750764,0.70712364,0.029149034,0.066147081,-0.034240376
12.2805,0.18558797,0.035152104,0.04635875,0.048395391,-0.70729829,0.049664784,0.70350581,0.028904885,0.07309183,-0.024060786
12.2905,0.18600763,0.035839194,0.046093823,0.049057093,-0.71031653,0.051659246,0.70026791,0.029029739,0.068336939,-0.016908697
12.3005,0.18640713,0.03646063,0.046004911,0.049745041,-0.71265214,0.053491116,0.69770413,0.028163214,0.060073424,-0.0059759861
12.3105,0.18678827,0.037036107,0.046053336,0.050612115,-0.71432805,0.055102468,0.69579995,0.027844913,0.057322716,0.010243407
12.3205,0.18715615,0.037572845,0.046222723,0.051675002,-0.71537556,0.056491343,0.69453311,0.028034377,0.052933325,0.023803928
12.3305,0.18750048,0.037895149,0.046465345,0.053149305,-0.71622656,0.057112879,0.69349317,0.023128023,-0.0064674679,0.0052574931
12.3405,0.18769666,0.037406434,0.046363936,0.053520899,-0.71807785,0.056534681,0.69159493,0.012002685,-0.082217531,-0.030237764
12.3505,0.18775723,0.036334329,0.045917282,0.052488316,-0.72066715,0.055295316,0.68907638,0.0046949603,-0.12793381,-0.059831343
12.3605,0.18772461,0.03490898,0.045213071,0.050601572,-0.72364254,0.053422392,0.68624122,0.00057018711,-0.15591344,-0.079651154
12.3705,0.18765153,0.033212222,0.044288864,0.048137557,-0.72691925,0.050984694,0.68313377,0.0011016813,-0.18300478,-0.10428232
12.3805,0.18767854,0.032034119,0.043437801,0.046739652,-0.72995191,0.04969432,0.68008535,0.0084839465,-0.070124133,-0.070452229
12.3905,0.1878545,0.031610522,0.04286082,0.046799437,-0.73233044,0.049964376,0.67749945,0.015900113,-0.02273005,-0.049301266
12.4005,0.18805239,0.031089729,0.042215931,0.046621839,-0.73468572,0.049938699,0.67495883,0.015420781,-0.083395171,-0.081043469
12.4105,0.18822795,0.030374029,0.04169273,0.045901908,-0.73661045,0.049399944,0.67294703,0.02004448,-0.062857083,-0.017971572
12.4205,0.1884263,0.029685394,0.041736115,0.045636704,-0.73727235,0.049144232,0.67225859,0.02019103,-0.074134267,0.018017841
12.4305,0.18862421,0.028903726,0.041984747,0.045554646,-0.73745065,0.048943421,0.67208322,0.020571028,-0.083961396,0.028942377
12.4405,0.18882896,0.027995871,0.042266661,0.045464514,-0.73764645,0.04868395,0.67189326,0.020756715,-0.10600197,0.012775629
12.4505,0.18898361,0.026758577,0.042174561,0.044547136,-0.73858889,0.04746745,0.67100584,0.020372226,-0.12228019,-0.005723549
12.4605,0.18916811,0.025649617,0.042262958,0.0440986,-0.73874281,0.046720318,0.67091847,0.02228694,-0.10411206,0.01624417
12.4705,0.18932858,0.024518498,0.042264788,0.04353013,-0.73855435,0.045732131,0.67123109,0.020251465,-0.11306873,-0.0031528561
12.4805,0.18948547,0.023475605,0.042291598,0.043112137,-0.73802037,0.044872104,0.6719031,0.019178065,-0.10914524,-0.0088396078
12.4905,0.18963046,0.022494532,0.042297373,0.042740934,-0.73709133,0.044013372,0.67300253,0.019128431,-0.10252617,-0.006200588
12.5005,0.18975659,0.021543031,0.042266878,0.042278392,-0.73581278,0.043002764,0.67449452,0.018681816,-0.094494558,-0.0057602652
12.5105,0.18987821,0.020677094,0.042250419,0.041892828,-0.73432048,0.042080453,0.6762009,0.01808356,-0.082040582,-0.0018537899
12.5205,0.18997455,0.019809252,0.042190665,0.041082388,-0.7326119,0.041057628,0.67816393,0.01789986,-0.083682558,-0.0042452749
12.5305,0.19005859,0.018974762,0.042131184,0.040260321,-0.73063819,0.039855301,0.68041054,0.017702125,-0.08328604,-0.0055064592
12.5405,0.19015809,0.018366481,0.042069666,0.039770434,-0.72858868,0.038640441,0.68270328,0.019577983,-0.027883155,-0.0027813272
12.5505,0.19032154,0.018434141,0.042017225,0.039638766,-0.72621449,0.037899764,0.68527723,0.026050613,0.032410618,-0.0062902086
12.5605,0.19054008,0.019010063,0.041951105,0.039504415,-0.72355521,0.037315512,0.68812412,0.030851807,0.076884322,-0.002022529
12.5705,0.19079836,0.019965606,0.041848364,0.039318331,-0.72085029,0.036842008,0.6909932,0.034049965,0.11020629,-0.011412629
12.5805,0.19111701,0.021253564,0.041738358,0.039108113,-0.71821312,0.036491398,0.69376426,0.041698352,0.1427955,-0.0059514098
12.5905,0.19150745,0.022830747,0.041630789,0.038897362,-0.71573774,0.036267236,0.69634127,0.047189079,0.16984939,-0.015877228
12.6005,0.19194561,0.024625036,0.041523099,0.038696622,-0.71345605,0.036174812,0.69869479,0.050350771,0.18807101,-0.011930141
12.6105,0.19241438,0.026581243,0.041403313,0.038491019,-0.71134659,0.036201614,0.70085228,0.049498249,0.20371807,-0.023298579
12.6205,0.19274816,0.028608337,0.04127535,0.038293565,-0.70907362,0.036274212,0.70315886,0.029929795,0.20484841,-0.018821277
12.6305,0.19295355,0.030632849,0.0411456,0.038089148,-0.70673853,0.036385842,0.70551111,0.022863677,0.20205799,-0.014632163
12.6405,0.1931109,0.032605363,0.041029794,0.037822155,-0.70448152,0.036552825,0.70777056,0.018098187,0.19512694,-0.016823159
12.6505,0.19318896,0.034377579,0.040924569,0.037440154,-0.70245238,0.036820159,0.70979093,0.0070212696,0.14926244,0.0074599057
12.6605,0.19313481,0.035493558,0.04109276,0.036612716,-0.70104993,0.036402097,0.71124074,-0.0038621406,0.083788375,0.022328579
12.6705,0.1929844,0.036071207,0.041321752,0.035339911,-0.70005789,0.035307789,0.71233658,-0.0085539097,0.036407685,0.023180571
12.6805,0.19279455,0.036317225,0.041395022,0.033712827,-0.69938458,0.034110825,0.7131347,-0.0096956357,0.01249705,0.0070044087
12.6905,0.19261323,0.036354316,0.041449615,0.03194134,-0.6989777,0.032804563,0.71367625,-0.0074548086,-0.0029724739,0.0055707765
12.7005,0.19245174,0.036242613,0.041590934,0.03004326,-0.69846439,0.031367075,0.71432556,-0.004323472,-0.018213668,0.022584861
12.7105,0.1923001,0.036017264,0.041814327,0.028056376,-0.69764712,0.02985991,0.71526899,-0.0028906867,-0.027037018,0.026934499
12.7205,0.19215595,0.035715905,0.042126188,0.026166568,-0.69662747,0.028258113,0.7163986,-0.0030155861,-0.032667593,0.030883929
12.7305,0.19201633,0.035318312,0.042505673,0.024216885,-0.69561134,0.026576732,0.717518,-0.0006959127,-0.04554556,0.046605892
12.7405,0.19188666,0.034817152,0.042961655,0.022269554,-0.69466542,0.024738129,0.71856248,6.2464768e-05,-0.05381603,0.052041122
12.7505,0.19176492,0.034255488,0.04347101,0.020352831,-0.693683,0.0229291,0.71962763,0.00029845747,-0.057896584,0.054715994
12.7605,0.19166274,0.033621034,0.044005511,0.01860435,-0.6929008,0.020882123,0.72049031,0.0026390168,-0.068729814,0.051279822
12.7705,0.1915708,0.03292185,0.04458337,0.016627081,-0.6922733,0.018985269,0.721194,0.0037829075,-0.071701151,0.061498382
12.7805,0.19149852,0.032188738,0.045169806,0.014953378,-0.69171922,0.016913347,0.72181359,0.0045082091,-0.073250839,0.063460842
12.7905,0.19143641,0.031422925,0.045723632,0.013302443,-0.69150186,0.014822127,0.72210008,0.0053581057,-0.080936297,0.043968603
12.8005,0.19138693,0.030612107,0.04622919,0.011532752,-0.6917049,0.012843308,0.72197394,0.0053303491,-0.081250058,0.053537676
12.8105,0.19136113,0.029813989,0.046816627,0.01008921,-0.69219361,0.01069554,0.72156207,0.0071263206,-0.078080492,0.062806567
12.8205,0.19135612,0.029020522,0.04738832,0.0084514744,-0.69316526,0.0087911262,0.72067553,0.0079244095,-0.082079861,0.038454239
12.8305,0.19137167,0.0281994,0.047769838,0.006810942,-0.69475851,0.0068933147,0.7191778,0.0091479447,-0.081195159,0.039165354
12.8405,0.19140908,0.02738756,0.048031966,0.0056117248,-0.69672745,0.0047532112,0.71729825,0.0099972287,-0.079660546,0.026790626
12.8505,0.19145967,0.026598064,0.048271578,0.0037259877,-0.69873471,0.0034334491,0.71536294,0.010823643,-0.079063259,0.013499023
12.8605,0.19152292,0.025812575,0.048423402,0.0024027348,-0.70093709,0.0016488657,0.71321715,0.012593188,-0.075188339,0.01274777
12.8705,0.19163463,0.025175021,0.048520941,0.0013211669,-0.70330668,-0.00020464136,0.71088531,0.017726752,-0.052641413,-0.0055268123
12.8805,0.19182941,0.024899544,0.04830158,0.00011441433,-0.70606576,-0.00095312117,0.70814562,0.021981708,-0.018223548,-0.028222512
12.8905,0.19203958,0.024639574,0.048086869,-0.0011068314,-0.70865613,-0.0016328324,0.70555127,0.021466326,-0.02634276,-0.017221199
12.9005,0.19221165,0.02436996,0.047980018,-0.0020214588,-0.71090561,-0.0027902307,0.703279,0.016815694,-0.025821662,-0.0074119644
12.9105,0.19232246,0.024122834,0.047940405,-0.0027281975,-0.71290255,-0.0042202081,0.7012451,0.011097359,-0.022875359,-0.0098046538
12.9205,0.19242134,0.024107004,0.047752228,-0.0032686275,-0.71502628,-0.005068609,0.69907156,0.0087120904,0.0081207643,-0.025363145
12.9305,0.1924891,0.02411679,0.04750145,-0.0039581791,-0.71707966,-0.005729973,0.69695643,0.0061805739,-0.0026578263,-0.025033812
12.9405,0.19259163,0.024262825,0.047161809,-0.0044823146,-0.71916299,-0.0059716429,0.6948013,0.010719621,0.018232658,-0.036018248
12.9505,0.19275641,0.024574731,0.046741751,-0.0045896471,-0.72133487,-0.0058248526,0.69254676,0.013840291,0.032977286,-0.04239544
12.9605,0.19295547,0.024948532,0.046298796,-0.0044894355,-0.72344884,-0.005485289,0.69034161,0.015781119,0.040198577,-0.043787288
12.9705,0.19321406,0.025476004,0.045787455,-0.0040247479,-0.72563095,-0.0047444275,0.68805597,0.020526067,0.063032064,-0.056211146
12.9805,0.1935209,0.026095448,0.045201698,-0.0033801141,-0.72788224,-0.0036811225,0.68568394,0.022526978,0.061345003,-0.059447088
12.9905,0.19384556,0.026673116,0.044633303,-0.0026253935,-0.73003871,-0.0027127272,0.68339537,0.024867356,0.068778628,-0.059479319
13.0005,0.19419556,0.027312647,0.043997922,-0.0017974212,-0.73225369,-0.0014853572,0.68102797,0.0254241,0.064168214,-0.069072245
13.0105,0.1945253,0.02778704,0.043369929,-0.0011696098,-0.73441596,-0.00058823285,0.67869837,0.025787697,0.061194347,-0.070153204
13.0205,0.19486276,0.028320882,0.042690497,-0.00046300175,-0.73658573,0.00051519993,0.67634384,0.023056963,0.040854889,-0.062503711
13.0305,0.19515121,0.028718733,0.042008413,-8.4219241e-05,-0.73869084,0.0013823673,0.67404297,0.019846948,0.038658443,-0.061868224
13.0405,0.19539952,0.029135143,0.041727977,0.00022250231,-0.73988489,0.0017665548,0.67273114,0.021002485,0.04510165,-0.0042054309
13.0505,0.19562955,0.029605878,0.041811565,0.00026749418,-0.74019073,0.0020140725,0.6723939,0.022973468,0.051437647,0.017559482
13.0605,0.19587008,0.030203345,0.042035929,0.00043553457,-0.73989278,0.0020457976,0.67272156,0.025313376,0.066904032,0.023966075
13.0705,0.19614265,0.030993708,0.042192095,0.00063699632,-0.73928078,0.0023836486,0.67339279,0.028140561,0.10406619,-0.011080987
13.0805,0.19646917,0.032045073,0.042101848,0.0012657846,-0.73881513,0.0033820434,0.67389848,0.028992437,0.098289301,0.0053934565
13.0905,0.19678637,0.033104216,0.042121639,0.0017402563,-0.73768153,0.0041782772,0.67513368,0.030962449,0.12180737,-0.010186161
13.1005,0.19712053,0.034281248,0.042079969,0.0024303514,-0.73620152,0.0052114685,0.67673795,0.031240238,0.12510145,-0.01003213
13.1105,0.19744909,0.035465784,0.042037527,0.003099656,-0.73452477,0.0062857597,0.67854568,0.030575391,0.12363784,-0.0099939187
13.1205,0.19776436,0.036631525,0.041994718,0.003840217,-0.73255947,0.0073179282,0.68065286,0.030087632,0.12785568,-0.01422712
13.1305,0.19807355,0.03779127,0.041935206,0.0047803011,-0.73032913,0.0083457144,0.68302771,0.029105426,0.11555393,-0.0068331045
13.1405,0.19837752,0.038916819,0.041855403,0.0057561331,-0.72806684,0.0094357677,0.68541703,0.028360235,0.11120179,-0.0083460455
13.1505,0.19865183,0.039694731,0.04177483,0.0063161629,-0.72562619,0.010492319,0.68798013,0.026566636,0.034946915,-0.0024630323
13.1605,0.198875,0.039689067,0.041700518,0.0065075944,-0.72294608,0.011085666,0.69078487,0.022904603,-0.029439958,-0.001062634
13.1705,0.19904849,0.039146169,0.041612443,0.0066965129,-0.7201514,0.011468547,0.69368984,0.018443345,-0.075293844,-0.013161549
13.1805,0.19919057,0.03815088,0.041507533,0.0069145027,-0.71738301,0.011704196,0.69654635,0.017553307,-0.12013249,-0.010008906
13.1905,0.19932486,0.036753946,0.041407221,0.0071300567,-0.71469322,0.011783524,0.69930244,0.017575159,-0.15543049,-0.0064663841
13.2005,0.1994321,0.035044471,0.041300639,0.007342496,-0.71208999,0.011647035,0.70195319,0.0087151406,-0.18159851,-0.011802881
13.2105,0.19938052,0.033133163,0.041177215,0.0076738099,-0.70927786,0.01128307,0.70479693,-0.0056391443,-0.20150317,-0.019181778
13.2205,0.19920331,0.031061858,0.041041252,0.0079834216,-0.70635315,0.010754775,0.70773288,-0.0155755,-0.21370717,-0.013127834
13.2305,0.19896772,0.02898825,0.041014391,0.0083046772,-0.70347635,0.010101048,0.71059836,-0.019136951,-0.18324007,0.016831828
13.2405,0.19872574,0.027423676,0.04137493,0.0091592092,-0.70090428,0.01014728,0.71312435,-0.025396733,-0.14774886,0.024479551
13.2505,0.19844038,0.026046183,0.041486567,0.0099996404,-0.69892984,0.010386515,0.7150449,-0.028252104,-0.11431905,0.022825538
13.2605,0.1981641,0.025034353,0.041663617,0.011043971,-0.69721144,0.010905855,0.71669749,-0.029738179,-0.092229305,0.0083337546
13.2705,0.19791601,0.024380469,0.041893693,0.012374336,-0.69553621,0.01167269,0.71828964,-0.026153399,-0.04543657,0.028667956
13.2805,0.1977171,0.024035707,0.042132647,0.013989172,-0.69387466,0.012656233,0.71984865,-0.021842172,-0.022944006,0.026151561
13.2905,0.19757977,0.023883962,0.042379725,0.015754506,-0.69235686,0.013786202,0.72125149,-0.016914447,-0.0090466046,0.023015449
13.3005,0.19750876,0.023894164,0.042688273,0.017687274,-0.6907384,0.015095768,0.72273076,-0.010401431,0.0096790391,0.0369943
13.3105,0.19750121,0.024068486,0.043099421,0.019815526,-0.68887817,0.016555099,0.7244171,-0.00536194,0.023854541,0.044920491
13.3205,0.19753579,0.024358148,0.043545525,0.021989735,-0.6869916,0.018089782,0.72610726,-0.0027319574,0.032197145,0.039615437
13.3305,0.19761863,0.024758811,0.044047098,0.024208154,-0.68524177,0.019796974,0.72764398,0.0018310756,0.045448695,0.051327143
13.3405,0.19774262,0.02525684,0.044602571,0.026447055,-0.68368347,0.021692706,0.7289766,0.004412217,0.053264003,0.059006091
13.3505,0.19789017,0.025811875,0.045129982,0.028561892,-0.68229278,0.023768247,0.73013413,0.0059731823,0.057844803,0.056341534
13.3605,0.19806719,0.026432755,0.045620156,0.030358591,-0.68129163,0.026276672,0.73091012,0.0078643008,0.067362382,0.047608909
13.3705,0.19826527,0.02711223,0.046081973,0.032152111,-0.68076423,0.028865389,0.73122712,0.0094087989,0.065789321,0.052273809
13.3805,0.19852258,0.027578363,0.046569093,0.034508408,-0.68069472,0.030908603,0.7311009,0.016052151,0.035066226,0.044480321
13.3905,0.19885502,0.027898394,0.0469031,0.036774424,-0.68141557,0.033043216,0.73022504,0.020391312,0.03654398,0.029548494
13.4005,0.19920585,0.028308081,0.047121271,0.038825519,-0.68272747,0.035257407,0.72878851,0.020773943,0.045380715,0.02305408
13.4105,0.19956259,0.028772563,0.04739858,0.040789903,-0.68438465,0.037387929,0.72701855,0.021232642,0.049631426,0.030845305
13.4205,0.19992945,0.029288542,0.047651343,0.042586758,-0.68664105,0.039513054,0.72467175,0.021725839,0.056374849,0.020350837
13.4305,0.20030435,0.029851907,0.047627964,0.044242537,-0.68961995,0.041441689,0.72162976,0.022231625,0.059252633,-0.0032338901
13.4405,0.20068263,0.030447998,0.047534561,0.045496974,-0.69294112,0.043556023,0.71823777,0.022801383,0.063309852,-0.023526406
13.4505,0.20106881,0.031068304,0.047339814,0.046863522,-0.6964792,0.045334105,0.71460853,0.024994178,0.063932877,-0.022682156
13.4605,0.2014662,0.031728911,0.047013264,0.047837468,-0.70014391,0.04736934,0.71082081,0.024574507,0.070640991,-0.032701548
13.4705,0.20187952,0.032398368,0.046743999,0.049252722,-0.70376866,0.04873155,0.70704249,0.027886794,0.067862116,-0.027081586
13.4805,0.20228898,0.03310284,0.046349397,0.049796867,-0.70720195,0.050893929,0.70341701,0.027143555,0.073999406,-0.027702848
13.4905,0.20268997,0.033806888,0.046117723,0.05048691,-0.71020744,0.052881978,0.70018567,0.026614963,0.069067825,-0.026896975
13.5005,0.20306608,0.034441131,0.046007342,0.05110875,-0.71256703,0.054739489,0.69759566,0.026131465,0.062586597,0.0037661413
13.5105,0.20342194,0.035021656,0.046029014,0.051916537,-0.71427125,0.056334931,0.69566344,0.025708108,0.059372631,0.014293923
13.5205,0.20376725,0.035572583,0.046200624,0.052952917,-0.71532978,0.057737698,0.69438149,0.025652515,0.053582113,0.019133544
13.5305,0.20410072,0.035964233,0.046417825,0.054532853,-0.71618711,0.058479124,0.69331262,0.022014468,0.0090841196,0.0044927868
13.5405,0.20430417,0.035602087,0.046304748,0.05511179,-0.71802421,0.058203788,0.69138718,0.011514644,-0.071380289,-0.031289851
13.5505,0.20437029,0.034616658,0.045846731,0.054232671,-0.72061699,0.057164122,0.68884122,0.004213702,-0.12072101,-0.060892078
13.5605,0.20433797,0.033247512,0.045128956,0.052450561,-0.72360947,0.055418838,0.68597888,-0.00025344586,-0.15147419,-0.081279748
13.5705,0.20427301,0.031651811,0.044219572,0.050186315,-0.72686231,0.053212064,0.682877,0.002654285,-0.13525888,-0.089949739
13.5805,0.20436059,0.030829181,0.043490168,0.049490447,-0.72966574,0.052707465,0.67997098,0.011040277,-0.048082129,-0.062260005
13.5905,0.20455617,0.030440244,0.042923667,0.049594064,-0.7320079,0.053041732,0.67741527,0.014299372,-0.055097114,-0.062871122
13.6005,0.20470673,0.02967485,0.042177586,0.048956657,-0.73455136,0.052494618,0.67474578,0.015108438,-0.063067443,-0.071284953
13.6105,0.20491401,0.029187531,0.041779611,0.048739547,-0.73626401,0.052548789,0.6728881,0.019847084,-0.048866823,-0.011025016
13.6205,0.20511766,0.028584055,0.041845555,0.048573567,-0.73686958,0.052571494,0.67223513,0.019682047,-0.069149456,0.018279172
13.6305,0.20531255,0.027808564,0.04209247,0.048533862,-0.73711639,0.05245285,0.67197663,0.019468856,-0.084705041,0.028113351
13.6405,0.20547915,0.026772228,0.042206481,0.04811806,-0.73768179,0.051797948,0.67143667,0.017249607,-0.13012103,-0.018584692
13.6505,0.20563204,0.025573783,0.042201438,0.047390855,-0.73844819,0.050812738,0.67072084,0.019951455,-0.11176179,0.01282049
13.6605,0.20579088,0.024400969,0.042250814,0.046818752,-0.73868499,0.049908247,0.67056816,0.018852549,-0.12416967,-0.005330619
13.6705,0.2059409,0.023257932,0.042288818,0.046331531,-0.73840937,0.048971388,0.67097451,0.018433047,-0.12165185,-0.0093274799
13.6805,0.20608026,0.022162889,0.042304502,0.045884784,-0.73788467,0.048007816,0.67165173,0.018967645,-0.10339088,0.0058429175
13.6905,0.20620203,0.021100964,0.04230509,0.045503875,-0.73695223,0.046859775,0.67278152,0.017971358,-0.10728726,-0.0044384757
13.7005,0.20631496,0.020106959,0.042289181,0.045009578,-0.73563898,0.045795753,0.67432349,0.017972199,-0.095319649,-0.0014062414
13.7105,0.20641907,0.01917436,0.042239245,0.04431974,-0.73420247,0.04486971,0.67599498,0.017688968,-0.086822649,-0.0016109921
13.7205,0.20650937,0.018285399,0.042186918,0.043601771,-0.73248702,0.043807239,0.67796945,0.01691646,-0.090281492,-0.0068567117
13.7305,0.20658871,0.017439478,0.042131572,0.042882728,-0.73050291,0.042620667,0.68022794,0.016979608,-0.084672117,-0.0059829654
13.7405,0.20669019,0.016870421,0.042090771,0.042546415,-0.728406,0.041542788,0.6825604,0.01928719,-0.027327653,-0.0081089984
13.7505,0.20685408,0.016952206,0.042034047,0.04243968,-0.72603451,0.04080115,0.68513359,0.026281115,0.033775623,-0.0066319503
13.7605,0.20707563,0.017535414,0.041952549,0.042301075,-0.7233989,0.040189664,0.68796035,0.031254853,0.076892755,-0.011698667
13.7705,0.2073388,0.018496925,0.041856562,0.042117557,-0.7206848,0.039699172,0.69084261,0.03467379,0.11054791,-0.0056894592
13.7805,0.20766428,0.019788889,0.041747664,0.041903846,-0.71804905,0.039324723,0.69361603,0.042464273,0.14383022,-0.012521087
13.7905,0.20805858,0.02136908,0.041634144,0.041683987,-0.71557158,0.039078298,0.69619871,0.047692905,0.17010865,-0.016994491
13.8005,0.20850571,0.023166366,0.041519061,0.041480177,-0.7133089,0.038966309,0.69853521,0.051068545,0.18804085,-0.012035397
13.8105,0.20898229,0.025120863,0.041408545,0.041252675,-0.71118801,0.03898042,0.70070704,0.050206097,0.20046769,-0.0069640119
13.8205,0.20932986,0.027151336,0.041271318,0.040997404,-0.70894583,0.039087522,0.70298448,0.030446817,0.20325581,-0.011473171
13.8305,0.2095463,0.02917655,0.041149455,0.04084909,-0.70659382,0.039119932,0.70535535,0.023602745,0.20060889,-0.0080469284
13.8405,0.20971726,0.031153026,0.04102358,0.040611684,-0.70436106,0.039239316,0.70759202,0.020477231,0.19529151,-0.01720748
13.8505,0.20981727,0.032953429,0.040934185,0.040219851,-0.70229157,0.039478942,0.70965507,0.0083015704,0.15224151,0.0056036465
13.8605,0.20977849,0.034119458,0.041100191,0.039308549,-0.70088085,0.039006585,0.71112542,-0.0022296865,0.088282195,0.023003472
13.8705,0.20963629,0.034734762,0.04133687,0.037965495,-0.69989123,0.03785228,0.71223458,-0.0074360278,0.039898007,0.024327972
13.8805,0.20945045,0.035018358,0.041384061,0.036296115,-0.69923837,0.036615913,0.71302704,-0.0094536866,0.015243766,0.0044276836
13.8905,0.20926769,0.03507261,0.041427897,0.034485989,-0.69884212,0.035269332,0.71357304,-0.007489427,-0.0020667855,0.0054607188
13.9005,0.20910404,0.034969091,0.041571979,0.032548965,-0.69833441,0.033789245,0.71423239,-0.0042769451,-0.017612738,0.023083855
13.9105,0.20895054,0.03473804,0.041851474,0.030518487,-0.69749701,0.032218021,0.71521224,-0.003333836,-0.027771681,0.026900937
13.9205,0.20879763,0.034432815,0.042128582,0.028580159,-0.69650272,0.030594369,0.71633171,-0.0030880477,-0.033127907,0.034890943
13.9305,0.20865494,0.034028572,0.04250482,0.026635502,-0.69550565,0.028832914,0.71744763,-0.00094053004,-0.046643002,0.041750203
13.9405,0.20852034,0.033520165,0.042961522,0.02457357,-0.69455592,0.027037943,0.71851038,-0.00046220032,-0.054553526,0.049993453
13.9505,0.20839734,0.032952021,0.043467432,0.022673777,-0.69359377,0.02514804,0.71957012,6.3388111e-05,-0.059195721,0.050848962
13.9605,0.20829217,0.03230697,0.0440137,0.020802135,-0.69279916,0.023148815,0.72045869,0.0025452785,-0.069811019,0.052804032
13.9705,0.20820705,0.031591098,0.044596731,0.018935106,-0.69219827,0.021063233,0.72115141,0.003888273,-0.074973712,0.054092723
13.9805,0.20813445,0.030844904,0.045175492,0.017178696,-0.69165208,0.019014471,0.7217761,0.0047573118,-0.075576033,0.056608632
13.9905,0.20807799,0.030067899,0.045740041,0.015538596,-0.69143936,0.016873018,0.72207026,0.0056417863,-0.080144199,0.05742161
14.0005,0.20803084,0.029240553,0.046238714,0.013789734,-0.69167463,0.014823703,0.72192541,0.0064274507,-0.083348469,0.052968593
14.0105,0.20801026,0.028441393,0.046865768,0.012376925,-0.69216544,0.012608581,0.72152258,0.0077738992,-0.078380979,0.066137839
14.0205,0.20800808,0.027635634,0.047395761,0.010554565,-0.69314698,0.010875522,0.72063693,0.0086447654,-0.081234003,0.049787217
14.0305,0.20802939,0.026811349,0.047753311,0.0091031032,-0.69479507,0.0088008317,0.7190963,0.0096961676,-0.082982353,0.030940092
14.0405,0.20806696,0.02600211,0.04805299,0.0075318301,-0.69670128,0.0070116051,0.71728756,0.010184124,-0.078691405,0.031550069
14.0505,0.20811755,0.025211347,0.048239513,0.0060067225,-0.69883742,0.0053605391,0.71523524,0.010640553,-0.079276478,0.015218346
14.0605,0.20818425,0.02443498,0.048334579,0.0044453533,-0.7010941,0.0038650473,0.71304444,0.012187634,-0.07576403,0.0077855986
14.0705,0.20829323,0.023776942,0.048439631,0.0031851358,-0.70342466,0.0021590487,0.71075942,0.017101339,-0.057551014,0.0030479857
14.0805,0.20847378,0.023463045,0.048341285,0.0023589319,-0.70607484,0.00094037546,0.70813266,0.021720054,-0.022985769,-0.019328803
14.0905,0.20868373,0.02313848,0.048149076,0.001061751,-0.70852614,0.00030075997,0.7056837,0.022264863,-0.034245384,-0.017323855
14.1005,0.20885843,0.022815151,0.048047748,-6.86732e-07,-0.71074743,-0.00084706417,0.70344678,0.017387663,-0.030389996,-0.0071840004
14.1105,0.20902056,0.022725641,0.047881599,-0.00060346949,-0.71301004,-0.0017289309,0.70115143,0.015966069,0.016168316,-0.027746605
14.1205,0.209168,0.022815557,0.047627803,-0.0010519746,-0.71523597,-0.0021696584,0.69887888,0.010878964,0.0006156085,-0.024295809
14.1305,0.20924633,0.022783544,0.047384298,-0.0018686488,-0.71725767,-0.002825936,0.69679979,0.0069171506,0.0027275531,-0.026429744
14.1405,0.20935457,0.022905015,0.047062176,-0.0023171953,-0.71933766,-0.0031717171,0.69464949,0.011362073,0.020465851,-0.036365026
14.1505,0.20952316,0.023185032,0.046661728,-0.0023936139,-0.7214928,-0.0031286341,0.69241074,0.01449552,0.037727237,-0.043594121
14.1605,0.20972795,0.023546233,0.046230643,-0.0022533227,-0.72359609,-0.0028414837,0.69021413,0.01624325,0.035087719,-0.042108187
14.1705,0.2099829,0.023978309,0.045759787,-0.0018362157,-0.72572003,-0.0023613141,0.68798364,0.021532779,0.056131605,-0.053375912
14.1805,0.21030354,0.024595913,0.045189542,-0.0010852904,-0.72795919,-0.0013519211,0.68561827,0.023990292,0.06723233,-0.060168275
14.1905,0.21064514,0.025242695,0.044588852,-0.00032705794,-0.73014887,-0.00014247118,0.683288,0.02499292,0.062009886,-0.058861481
14.2005,0.2109922,0.02581921,0.043974532,0.00044716622,-0.73233544,0.00091843814,0.68094329,0.025728126,0.056679253,-0.06417075
14.2105,0.21134348,0.026383533,0.043307628,0.0011722894,-0.73455011,0.0020638356,0.67855029,0.026235524,0.066013879,-0.072862987
14.2205,0.21167442,0.026871118,0.042660256,0.0018018505,-0.7366713,0.0030583866,0.67624167,0.025470751,0.062041648,-0.070743883
14.2305,0.21198268,0.027355239,0.041967649,0.0023654048,-0.7387831,0.0040611823,0.67392688,0.019743994,0.033625194,-0.053455391
14.2405,0.21221222,0.027695047,0.041743824,0.0027944536,-0.73985715,0.0041912459,0.67274514,0.020348155,0.039402863,-0.0019375802
14.2505,0.21244469,0.028145929,0.0418342,0.0026905007,-0.74015572,0.0045225245,0.67241492,0.023135622,0.050515132,0.017857629
14.2605,0.21268987,0.02873298,0.042037161,0.0025256705,-0.73984897,0.0048325016,0.6727509,0.026599819,0.066367797,0.023544602
14.2705,0.21296846,0.029497701,0.042200921,0.0026098727,-0.73920005,0.0051852859,0.6734609,0.029038609,0.099288216,-0.0075721891
14.2805,0.21329941,0.030510912,0.042132288,0.0031987834,-0.73868996,0.0060774222,0.67401036,0.02984039,0.09527211,0.0060048747
14.2905,0.21363053,0.031577469,0.042116857,0.0038002676,-0.73762295,0.0069087433,0.6751668,0.03154126,0.11593658,-0.0063498841
14.3005,0.21396673,0.032719693,0.042087014,0.0044945489,-0.73613128,0.0078178511,0.67677871,0.031649458,0.12030492,-0.0083044917
14.3105,0.21429566,0.033870639,0.042046812,0.0053334201,-0.73449557,0.0086343135,0.67853759,0.030716619,0.11158884,-0.00098823645
14.3205,0.2146189,0.035033472,0.041989432,0.0061546475,-0.73254865,0.009675843,0.68061808,0.030116931,0.11494345,-0.0043638382
14.3305,0.21493499,0.03617912,0.041923037,0.0070497002,-0.73033019,0.010775363,0.68297292,0.029676314,0.11370161,-0.0068845657
14.3405,0.21524449,0.037279345,0.041851816,0.0079913524,-0.72805484,0.011861461,0.68536968,0.028703833,0.1060933,-0.0057074905
14.3505,0.21552657,0.037985025,0.041773813,0.0085317239,-0.72561075,0.012721058,0.6879349,0.027681357,0.029362276,-0.0041305455
14.3605,0.21575466,0.037930325,0.041691755,0.0087364786,-0.7229403,0.013248025,0.69072823,0.023503935,-0.032938126,-0.0071634347
14.3705,0.2159296,0.037350242,0.041603847,0.0089196289,-0.72014823,0.013602922,0.69362953,0.018599144,-0.078454364,-0.013765856
14.3805,0.21607038,0.036326449,0.041503643,0.0091302609,-0.71737053,0.013823989,0.69649484,0.017256434,-0.12278698,-0.010544972
14.3905,0.21620105,0.034907798,0.041406832,0.0093392899,-0.71467662,0.013892493,0.69925468,0.016991477,-0.15761905,-0.0076662679
14.4005,0.21630207,0.033183352,0.041304228,0.0095253822,-0.71206367,0.013763625,0.70191535,0.0078330158,-0.18098719,-0.0053031421
14.4105,0.21624381,0.031264767,0.041184038,0.0098276224,-0.70923994,0.013420041,0.7047709,-0.006453628,-0.20006414,-0.012005042
14.4205,0.2160608,0.029186328,0.04103662,0.010119,-0.70633586,0.012883403,0.70768727,-0.01617221,-0.2138269,-0.012798389
14.4305,0.21581828,0.027104197,0.040983993,0.010390593,-0.70351216,0.012198698,0.71050254,-0.019678804,-0.18529235,0.011211273
14.4405,0.21557145,0.025542465,0.041329309,0.011170368,-0.70101071,0.012200264,0.71295888,-0.024309993,-0.13503779,0.043552414
14.4505,0.21528398,0.024178894,0.04144868,0.011995868,-0.6990715,0.012415694,0.71484333,-0.028787232,-0.11660894,0.0177729
14.4605,0.21500627,0.023176948,0.041635002,0.013034647,-0.69737374,0.012908238,0.71647284,-0.030286061,-0.094972252,0.0021189869
14.4705,0.21475303,0.022506844,0.041828652,0.014332702,-0.6957405,0.013622171,0.71802101,-0.026353669,-0.046404887,0.026719098
14.4805,0.21455459,0.022171674,0.042083126,0.015951294,-0.69407597,0.014588572,0.71957716,-0.022097585,-0.024171233,0.02290552
14.4905,0.21441807,0.022020547,0.042340438,0.017718379,-0.69255739,0.015691316,0.72097441,-0.017719955,-0.012600393,0.012429455
14.5005,0.21434876,0.022016969,0.042623493,0.019634823,-0.69096239,0.016963686,0.72242487,-0.0098125385,0.0087320937,0.036694582
14.5105,0.21434708,0.022185861,0.043036448,0.021703815,-0.6890984,0.018454114,0.72410757,-0.0053597232,0.021959436,0.036205099
14.5205,0.21438966,0.022467324,0.043478667,0.023917236,-0.68720945,0.01991027,0.72579248,-0.0014640262,0.031792897,0.045838188
14.5305,0.21447966,0.022859454,0.044006552,0.026115996,-0.68543302,0.021601704,0.72734648,0.0021416775,0.044242653,0.049182441
14.5405,0.21460821,0.023345892,0.04457881,0.028367398,-0.68385363,0.023436788,0.72869076,0.0045379144,0.051703769,0.050658241
14.5505,0.21475965,0.023885987,0.045141762,0.030467128,-0.68242593,0.025477368,0.72987499,0.0068096227,0.056603065,0.058494691
14.5605,0.2149343,0.024493129,0.045641406,0.032380778,-0.6814215,0.027779747,0.73064664,0.0081178271,0.065845436,0.054299924
14.5705,0.21513424,0.025169434,0.04606108,0.033971727,-0.68089079,0.030512074,0.7309601,0.009302383,0.071320431,0.048039968
14.5805,0.21538473,0.025691091,0.04652136,0.036065983,-0.68075764,0.032747764,0.73088704,0.016123446,0.039418261,0.044428871
14.5905,0.21573008,0.026021894,0.046890071,0.038367451,-0.68142351,0.034805413,0.73005378,0.023269359,0.031517627,0.030992902
14.6005,0.21611221,0.026385293,0.047147878,0.040577132,-0.68272784,0.036837147,0.72861459,0.024211722,0.04213974,0.024337828
14.6105,0.21650278,0.026821504,0.047417389,0.042468044,-0.68441474,0.039012784,0.72680873,0.024637647,0.047672677,0.029093283
14.6205,0.21690205,0.027308888,0.047636516,0.044236699,-0.68669259,0.041100478,0.72443575,0.024991682,0.052450453,0.00043786736
14.6305,0.21730831,0.027848374,0.047613824,0.045792352,-0.68968176,0.04310156,0.72137673,0.02540672,0.057413335,-0.00013694193
14.6405,0.21771574,0.028422826,0.047471816,0.047088907,-0.69303509,0.045079681,0.71795043,0.025661538,0.059569412,-0.016360304
14.6505,0.21812622,0.029024479,0.047285808,0.048303527,-0.69656997,0.046965418,0.71431876,0.026818922,0.063710596,-0.029865352
14.6605,0.21854614,0.029648343,0.047000207,0.049485349,-0.70021767,0.048681449,0.71054664,0.027958213,0.064892964,-0.03312109
14.6705,0.21896966,0.030287627,0.046667233,0.05048669,-0.7038583,0.050341778,0.70675335,0.029145835,0.066235513,-0.041226489
14.6805,0.21939575,0.030944215,0.046340738,0.051433245,-0.70727397,0.051963986,0.70314856,0.029188795,0.068556441,-0.029106284
14.6905,0.21981353,0.031601793,0.046077683,0.052236724,-0.71029424,0.053668095,0.69990939,0.029571481,0.066933484,-0.012926901
14.7005,0.22021422,0.032206578,0.04595878,0.052925954,-0.71266404,0.055381269,0.69731035,0.02879109,0.059730942,9.6068518e-05
14.7105,0.22059764,0.032767594,0.04598733,0.053680158,-0.71436285,0.057019595,0.69537969,0.028613897,0.058274914,0.01746678
14.7205,0.22097146,0.033303918,0.046171073,0.054658023,-0.71541127,0.058485605,0.69410276,0.028772027,0.053891804,0.028835215
14.7305,0.22133085,0.033721049,0.046372212,0.056024701,-0.71619115,0.059443307,0.69310747,0.024496442,0.021690884,0.0081393671
14.7405,0.22156007,0.033453961,0.046287226,0.056514037,-0.71791695,0.059538801,0.69127169,0.013086618,-0.063341105,-0.026926075
14.7505,0.22164241,0.032530087,0.045867471,0.055639154,-0.72043318,0.058696632,0.68879243,0.0050770584,-0.11561496,-0.05661512
14.7605,0.22161932,0.031200044,0.045190612,0.053891937,-0.72336611,0.057059256,0.68598934,0.00024433821,-0.14836428,-0.076762372
14.7705,0.22154498,0.029558782,0.044292782,0.051524363,-0.72661743,0.054754663,0.68291601,4.8407941e-05,-0.17907203,-0.10186608
14.7805,0.22157005,0.028405086,0.043460086,0.050177851,-0.72963292,0.053519556,0.67989238,0.00848467,-0.068533553,-0.069251037
14.7905,0.22174964,0.02799111,0.042890419,0.050257675,-0.73200101,0.053809414,0.67731325,0.016367595,-0.022136547,-0.049087075
14.8005,0.22192912,0.027377084,0.042210843,0.049909356,-0.73442715,0.05357612,0.67472617,0.013943118,-0.092525046,-0.084802448
14.8105,0.22210725,0.026720511,0.041727085,0.049417315,-0.73632741,0.05315118,0.67272195,0.018819874,-0.061792446,-0.016984148
14.8205,0.22230825,0.026062209,0.041766501,0.049090326,-0.73696473,0.053074099,0.67205377,0.020235169,-0.072291588,0.01765539
14.8305,0.22250636,0.02526583,0.042015189,0.048966302,-0.7371834,0.05294766,0.67183293,0.020061977,-0.0860553,0.029189138
14.8405,0.22269277,0.024298234,0.042246774,0.048761195,-0.73750437,0.052551086,0.67152664,0.018698541,-0.11851362,-0.00015124295
14.8505,0.22283385,0.023043426,0.042170164,0.047863836,-0.73841801,0.051347674,0.67067974,0.019622821,-0.11786673,0.0047694983
14.8605,0.22300709,0.021918164,0.042280722,0.047448764,-0.73853056,0.050605,0.67064175,0.019461792,-0.12227899,-0.0027558552
14.8705,0.22315086,0.020754808,0.04228619,0.046875183,-0.73832897,0.049567875,0.67098143,0.019938911,-0.10642258,0.0098243516
14.8805,0.22328572,0.01965024,0.04227966,0.046362096,-0.73785932,0.048537857,0.67160871,0.018706998,-0.10347398,0.0045057876
14.8905,0.22340914,0.018605797,0.042302024,0.046013819,-0.73689094,0.047402172,0.67277597,0.018285652,-0.10134591,0.0011747282
14.9005,0.22352017,0.017613124,0.042289834,0.045494256,-0.73557884,0.046298375,0.67432225,0.018462653,-0.092073091,0.0018511244
14.9105,0.22362275,0.016686083,0.042238973,0.044817541,-0.7341554,0.045327865,0.67598271,0.017129965,-0.091782237,-0.0069095784
14.9205,0.22371369,0.015815147,0.042182591,0.044083455,-0.73244919,0.044332415,0.67794504,0.016881619,-0.088153982,-0.0064411589
14.9305,0.22379411,0.01498944,0.042132189,0.043396955,-0.73045469,0.043192829,0.68021102,0.016737033,-0.08341309,-0.0059551161
14.9405,0.223886,0.014377158,0.042071386,0.042929895,-0.72839871,0.042010668,0.68251553,0.01899249,-0.028427403,-0.0027282911
14.9505,0.22405107,0.014440578,0.04203066,0.042827218,-0.72601575,0.041277877,0.68510079,0.026515651,0.032746809,-0.0024009468
14.9605,0.22427541,0.015007134,0.041942682,0.0426855,-0.72340213,0.040653925,0.68790593,0.031621828,0.075896208,-0.0057940597
14.9705,0.22454209,0.015958164,0.041849241,0.042514846,-0.7206904,0.040161486,0.69078571,0.034588157,0.10992817,-0.017078782
14.9805,0.22486204,0.01724257,0.041744901,0.042311512,-0.71801679,0.039792848,0.69359797,0.041912821,0.14315645,-0.012691555
14.9905,0.22525485,0.01881663,0.041630126,0.04210369,-0.71552568,0.039548879,0.69619406,0.047617774,0.16837279,-0.009770348
15.0005,0.22570383,0.020608369,0.041520487,0.041912876,-0.71325034,0.039436223,0.6985428,0.051708679,0.18763182,-0.011457896
15.0105,0.22619972,0.02256329,0.041406609,0.041702067,-0.71118606,0.03945805,0.70065568,0.051357102,0.20127184,-0.011612687
15.0205,0.22655054,0.024592536,0.041279866,0.041480882,-0.70894214,0.039537448,0.70293469,0.03015296,0.20269959,-0.0083100392
15.0305,0.22676618,0.026620917,0.041153087,0.041344339,-0.7065965,0.039570765,0.70529865,0.02361213,0.2019166,-0.013190293
15.0405,0.2269313,0.02859635,0.041039345,0.04110488,-0.704325,0.039699137,0.70757378,0.018457481,0.19322852,-0.0061933697
15.0505,0.22702064,0.030386841,0.040940499,0.040555893,-0.70224744,0.039931294,0.70965431,0.0084080114,0.14863866,0.0068709009
15.0605,0.22696535,0.031516327,0.041110171,0.039404077,-0.70083922,0.039264451,0.71114696,-0.002721421,0.08508558,0.023061662
15.0705,0.22680982,0.032102819,0.041343108,0.037972041,-0.69985307,0.037975951,0.71226514,-0.0085092233,0.036488706,0.022068308
15.0805,0.22661571,0.032368427,0.041384158,0.036329115,-0.69920712,0.036619042,0.71305585,-0.0096115231,0.014665399,0.0044498062
15.0905,0.22643103,0.032420529,0.041427639,0.034500341,-0.6988059,0.035282359,0.71360718,-0.007644946,-0.0019768892,0.0055308214
15.1005,0.22626664,0.032319457,0.041572827,0.032578987,-0.69829009,0.033833425,0.71427226,-0.0046039131,-0.017095419,0.023987905
15.1105,0.22611221,0.032089995,0.041851683,0.030658111,-0.69744475,0.032232742,0.71525656,-0.0038924621,-0.027687323,0.026998591
15.1205,0.22595745,0.031787952,0.042131248,0.028743745,-0.69644216,0.030686229,0.71638012,-0.0033743783,-0.032795275,0.034716034
15.1305,0.22581243,0.031390533,0.042508544,0.026836803,-0.6954341,0.028998633,0.71750281,-0.0012720394,-0.045897859,0.04163445
15.1405,0.22567741,0.03089135,0.042967629,0.024952989,-0.69449068,0.027141253,0.71855647,-0.0014943514,-0.05308093,0.052410471
15.1505,0.22554107,0.030335269,0.043482611,0.022970771,-0.69351339,0.025464464,0.71962704,-0.001047762,-0.057276563,0.055217446
15.1605,0.2254237,0.029699878,0.044016778,0.021188364,-0.69272719,0.023500887,0.72050524,0.0016730322,-0.068037279,0.05937145
15.1705,0.22533043,0.028991581,0.044575295,0.019427408,-0.69215255,0.021424275,0.72117157,0.0036661262,-0.073018244,0.057145478
15.1805,0.22525395,0.028260754,0.045180131,0.017838972,-0.69160485,0.019313521,0.7217974,0.0038130955,-0.074094654,0.060809332
15.1905,0.22518105,0.027489015,0.045746396,0.016003879,-0.691379,0.01747327,0.72210362,0.003733651,-0.079534642,0.055966659
15.2005,0.2251295,0.026669709,0.046220089,0.014472609,-0.69164158,0.015305654,0.72193366,0.004935752,-0.083587182,0.043793164
15.2105,0.2250928,0.025870545,0.046786463,0.012865752,-0.69214621,0.013375645,0.72151867,0.006285674,-0.078161319,0.061334694
15.2205,0.22507789,0.025085301,0.047407153,0.011308381,-0.69311532,0.011421491,0.7206475,0.007179348,-0.080755536,0.046144489
15.2305,0.22508416,0.024272072,0.047745883,0.0098162655,-0.694763,0.0094894161,0.71910915,0.0080317628,-0.081094569,0.036194405
15.2405,0.22510739,0.023468124,0.048038012,0.0082852138,-0.69667607,0.0077430977,0.71729621,0.0084745803,-0.079156435,0.028500102
15.2505,0.22514635,0.022677444,0.048239221,0.0067501627,-0.69881176,0.0061422045,0.7152474,0.010068055,-0.078931853,0.0090174967
15.2605,0.22520832,0.021900732,0.048353872,0.0052431069,-0.70107457,0.0046217805,0.71305371,0.01175835,-0.076024067,0.0098192308
15.2705,0.22530146,0.021227465,0.048438823,0.0041243562,-0.70341555,0.0029049824,0.71076094,0.015548687,-0.059632613,0.0058974677
15.2805,0.22547009,0.020790775,0.048372043,0.0030243749,-0.70599002,0.0015741517,0.70821358,0.022977693,-0.024600365,-0.029302029
15.2905,0.22569579,0.020497697,0.048097106,0.0017581579,-0.70861105,0.00085091303,0.7055966,0.023047838,-0.031138024,-0.020759209
15.3005,0.22588105,0.020193376,0.047985889,0.00064096068,-0.71089078,-0.00029334655,0.70330207,0.019444355,-0.029418922,-0.0041795432
15.3105,0.22601115,0.019938352,0.047932332,-0.00026223459,-0.7129109,-0.0015702666,0.70125281,0.013795303,-0.012961921,-0.013577531
15.3205,0.22616336,0.020093118,0.047687141,-0.00053799257,-0.71514406,-0.0019512199,0.69897416,0.011937577,0.034335003,-0.033299653
15.3305,0.22627449,0.020260166,0.047387476,-0.00096892121,-0.71727415,-0.0021919601,0.69678695,0.0073205299,0.0055810345,-0.026381149
15.3405,0.22637398,0.020289755,0.047100629,-0.0016076526,-0.71929492,-0.0026824036,0.6946978,0.011588351,0.017770616,-0.034922068
15.3505,0.2265518,0.020633559,0.04668024,-0.0015976965,-0.72147432,-0.0024791668,0.69243491,0.014374993,0.024624692,-0.038806061
15.3605,0.22675748,0.021002077,0.046246662,-0.001468616,-0.7235746,-0.002152794,0.69024126,0.016129601,0.030815103,-0.040546406
15.3705,0.2270113,0.021426811,0.045773329,-0.0011172749,-0.7256845,-0.001639205,0.68802476,0.021337657,0.052357972,-0.052986246
15.3805,0.22732974,0.022032825,0.04519769,-0.00045618382,-0.72791315,-0.00059606348,0.68566893,0.023799435,0.056336025,-0.055677191
15.3905,0.22767428,0.022676477,0.044606525,0.00038930704,-0.73010885,0.00054886337,0.68333053,0.025036763,0.05233968,-0.05484596
15.4005,0.22802704,0.023259295,0.043978107,0.0011008069,-0.73229406,0.0017068563,0.68098552,0.026398721,0.060082079,-0.065925754
15.4105,0.22837773,0.023795564,0.043321556,0.0018176785,-0.73450429,0.0027725861,0.67859595,0.025587939,0.050804162,-0.065300963
15.4205,0.22871413,0.024297036,0.042663895,0.0024701204,-0.73663934,0.0038137014,0.67627054,0.024614746,0.05319971,-0.066286013
15.4305,0.22900838,0.024714205,0.042004348,0.0030355394,-0.73872022,0.0046448149,0.67398935,0.018620354,0.033256501,-0.053346236
15.4405,0.22923072,0.025060301,0.041760555,0.0031529072,-0.73978631,0.0051363256,0.6728149,0.019838977,0.039016725,-0.0038169667
15.4505,0.22946315,0.025510022,0.041854872,0.0033126488,-0.74012079,0.005262359,0.6724452,0.022964519,0.049943352,0.017399654
15.4605,0.22970285,0.026076876,0.042056031,0.0033637564,-0.73982778,0.0053866807,0.67276632,0.025915662,0.065002573,0.022604771
15.4705,0.22998316,0.026863234,0.042179237,0.0035682987,-0.73925582,0.0057967128,0.67339031,0.028897981,0.10535362,-0.016184466
15.4805,0.23030879,0.027864777,0.042131702,0.004099527,-0.73870726,0.0066533781,0.67398109,0.029650134,0.094438403,0.0080137333
15.4905,0.2306392,0.028935864,0.042119848,0.0046593819,-0.73763158,0.0075117991,0.67514555,0.03162439,0.1114773,0.00014195415
15.5005,0.23097673,0.030084014,0.042092472,0.0053121711,-0.73612903,0.0084487015,0.67676764,0.031875636,0.11216723,0.0028985792
15.5105,0.23131376,0.031255042,0.042043958,0.0060468076,-0.73448714,0.0094544809,0.6785298,0.031257141,0.11458759,-0.002083905
15.5205,0.23164032,0.032418811,0.04198996,0.0068013227,-0.73253306,0.010516362,0.68061624,0.030684528,0.11844291,-0.0071171676
15.5305,0.23195697,0.03356362,0.041924456,0.0077149856,-0.73031778,0.011523943,0.68296678,0.029914461,0.11469442,-0.0085975874
15.5405,0.23226133,0.034651485,0.041855589,0.0085585259,-0.72802419,0.012529161,0.6853835,0.028861103,0.10858324,-0.0085711071
15.5505,0.23254562,0.035392359,0.041779772,0.0090956537,-0.7255831,0.013418952,0.68794358,0.027790922,0.033225592,-0.0052061488
15.5605,0.23277615,0.035371041,0.041698324,0.0093066662,-0.72291679,0.013954826,0.69073147,0.023396698,-0.030043547,-0.0084141741
15.5705,0.23295068,0.034817046,0.041605191,0.0095032711,-0.72013107,0.014311434,0.69362534,0.018669216,-0.076186192,-0.014155423
15.5805,0.233091,0.033813162,0.041510383,0.0097256779,-0.71734388,0.014527795,0.6964999,0.01720424,-0.1203802,-0.0050948683
15.5905,0.23321971,0.032409003,0.041411114,0.0099471197,-0.71464926,0.014596355,0.69925992,0.016490413,-0.15491462,-0.0015743259
15.6005,0.23331826,0.030691,0.041292223,0.010136094,-0.71206284,0.014467008,0.7018935,0.00746242,-0.1818402,-0.011935188
15.6105,0.23325283,0.028783478,0.041185938,0.010459536,-0.70921171,0.014129163,0.70477636,-0.0070294243,-0.20167544,-0.019586113
15.6205,0.23306221,0.026710445,0.04104201,0.010769389,-0.70629699,0.013595979,0.70770314,-0.017018084,-0.21332252,-0.012001855
15.6305,0.23281233,0.0246258,0.040981438,0.011049699,-0.70348086,0.012905761,0.7105111,-0.020430137,-0.18550496,0.012656997
15.6405,0.23255776,0.023059142,0.041337898,0.011828695,-0.70095287,0.012888624,0.71299301,-0.024904973,-0.13570467,0.044348768
15.6505,0.23226346,0.021688841,0.041464214,0.012654039,-0.69899391,0.013091535,0.7148958,-0.029331147,-0.11726097,0.018254775
15.6605,0.23197954,0.020676339,0.041647498,0.013688483,-0.69728593,0.013571759,0.71653385,-0.030134421,-0.090839827,0.011442793
15.6705,0.23172311,0.020003601,0.041846874,0.014995398,-0.695637,0.014285388,0.71809486,-0.027158764,-0.050642542,0.01958799
15.6805,0.231522,0.019658549,0.042097863,0.01661678,-0.69396824,0.015246008,0.71965236,-0.022881301,-0.026965808,0.016330022
15.6905,0.23138051,0.019493844,0.042325453,0.018365145,-0.69246035,0.016347459,0.72103686,-0.017017074,-0.0095636527,0.023048694
15.7005,0.23131177,0.01950785,0.042660322,0.020389481,-0.69082584,0.017566726,0.72252013,-0.010840913,0.0080130077,0.031156981
15.7105,0.23130565,0.019682687,0.043063727,0.022537242,-0.6889665,0.01899152,0.72419373,-0.0049931916,0.024120139,0.044349856
15.7205,0.23134859,0.019977024,0.043524298,0.024667173,-0.6870383,0.020581775,0.72591066,-0.002087268,0.032129804,0.036970326
15.7305,0.23143759,0.020374911,0.044031708,0.026912049,-0.68525838,0.022258073,0.72746222,0.0027055981,0.045270384,0.057839895
15.7405,0.23156735,0.020868314,0.044596235,0.029180972,-0.68367032,0.024116711,0.72880844,0.0050632501,0.052671702,0.057553969
15.7505,0.23172069,0.021415082,0.045164378,0.031290618,-0.68223629,0.026193549,0.72999208,0.0063435453,0.05697145,0.053553002
15.7605,0.23190027,0.02202716,0.04566903,0.033167804,-0.68121131,0.028598513,0.73077574,0.007984151,0.066408459,0.046332394
15.7705,0.23210183,0.022704289,0.046082941,0.034844816,-0.68068958,0.031282717,0.73107381,0.010587188,0.067066729,0.049323369
15.7805,0.23237069,0.023176524,0.046534364,0.036976599,-0.68061678,0.033551918,0.73093625,0.017483655,0.036213806,0.043024967
15.7905,0.23272861,0.023490332,0.046893562,0.039318595,-0.68131741,0.035620439,0.73006288,0.024122533,0.032421356,0.031391625
15.8005,0.23312255,0.023861231,0.04717079,0.041599284,-0.68260191,0.037635482,0.72863414,0.024933099,0.042741126,0.020376935
15.8105,0.23352171,0.024297792,0.047418039,0.043533678,-0.68429694,0.039804356,0.72681369,0.025375852,0.046934635,0.028076717
15.8205,0.23393062,0.024785055,0.047639527,0.045274727,-0.68657709,0.041983516,0.72443046,0.026148605,0.054518722,0.014554926
15.8305,0.23434927,0.025332493,0.047610756,0.046687164,-0.68956347,0.044205493,0.72136565,0.027091043,0.057877315,-0.0027903475
15.8405,0.23477869,0.025912405,0.047506987,0.04815366,-0.69289017,0.046091731,0.71795542,0.027605439,0.061881866,-0.017134096
15.8505,0.23521836,0.026522738,0.047300743,0.049465919,-0.69642828,0.047945721,0.71431224,0.029535027,0.063874725,-0.024051199
15.8605,0.23566723,0.02715215,0.047012848,0.050659841,-0.70007405,0.049738435,0.71053219,0.030922997,0.064165407,-0.03277098
15.8705,0.2361178,0.027789547,0.046677495,0.051610702,-0.70372316,0.051524768,0.70672148,0.031314412,0.066064779,-0.029867798
15.8805,0.23657479,0.028441021,0.046344893,0.052633591,-0.70714826,0.053119749,0.70309981,0.031986165,0.067826406,-0.040542654
15.8905,0.23702466,0.029102321,0.046078481,0.053422123,-0.71017858,0.054929622,0.6998394,0.032027862,0.066536738,-0.019398742
15.9005,0.23745265,0.029706855,0.045951626,0.054134431,-0.71256963,0.05667364,0.69721022,0.031184679,0.058933268,-0.0061456575
15.9105,0.23786356,0.030268223,0.045981441,0.054912417,-0.71428157,0.058350366,0.69525657,0.031174193,0.058305482,0.018478745
15.9205,0.23826261,0.030796845,0.046146506,0.055885513,-0.71535192,0.05983382,0.69395126,0.030846593,0.050959347,0.014183469
15.9305,0.23864655,0.031212037,0.046369328,0.057262023,-0.71609698,0.060794877,0.69298641,0.026634137,0.018543293,0.011527494
15.9405,0.23888546,0.030916262,0.0463194,0.057738533,-0.71776693,0.060797131,0.69121676,0.013921927,-0.066050138,-0.023767022
15.9505,0.23896941,0.029970106,0.045929438,0.05683222,-0.72023741,0.059903841,0.68879584,0.005306337,-0.11754002,-0.053901827
15.9605,0.23894478,0.028625151,0.04527818,0.055052503,-0.72313281,0.058241097,0.68604383,0.0001358394,-0.14956455,-0.07455505
15.9705,0.23886656,0.026975385,0.044399553,0.052658609,-0.72635682,0.055927679,0.68301166,-0.00028599123,-0.17969647,-0.10011701
15.9805,0.23882862,0.025476174,0.043456043,0.050605472,-0.72958629,0.053936606,0.67987777,0.0057299496,-0.097248939,-0.079640446
15.9905,0.23896313,0.024881949,0.042816369,0.050342999,-0.73210186,0.053858049,0.67719403,0.01356217,-0.033848191,-0.053772165
16.0005,0.23916932,0.024489989,0.042243898,0.05044985,-0.73434927,0.05414265,0.67472553,0.015303092,-0.065727195,-0.071663465
16.0105,0.23933663,0.023722469,0.041773406,0.049941507,-0.73621426,0.053733029,0.67276086,0.017910945,-0.07656975,-0.01326043
16.0205,0.23952007,0.022922643,0.041839117,0.049586709,-0.73682547,0.05363335,0.67212562,0.01875021,-0.083367153,0.019351221
16.0305,0.23970627,0.022046216,0.042097356,0.049491427,-0.73703646,0.053459982,0.67191509,0.01919465,-0.091632115,0.029108298
16.0405,0.23987169,0.020969145,0.042222147,0.049073799,-0.73756575,0.052782684,0.67141828,0.017423112,-0.13172541,-0.017323664
16.0505,0.24002117,0.019745453,0.042184874,0.048296461,-0.7383809,0.051705086,0.67066212,0.020415805,-0.11253065,0.010687231
16.0605,0.24019399,0.018634111,0.042281728,0.047875624,-0.73850753,0.050934866,0.67061181,0.018875254,-0.12540668,-0.011797957
16.0705,0.24034184,0.017511569,0.042287257,0.04734326,-0.73829114,0.049937717,0.67096276,0.020405709,-0.10216629,0.009958819
16.0805,0.24048689,0.016471362,0.042299417,0.046996981,-0.73776564,0.048983423,0.67163515,0.019167544,-0.097697737,0.0047631209
16.0905,0.24061773,0.015483237,0.042301983,0.046570189,-0.73683696,0.048001272,0.67275433,0.018869005,-0.094853256,0.001036218
16.1005,0.24073682,0.01455554,0.042284058,0.046097198,-0.73553089,0.047013659,0.67428412,0.017894404,-0.094013525,-0.0067469837
16.1105,0.24084756,0.013691943,0.042235984,0.045528268,-0.73408938,0.04611284,0.67595382,0.017687887,-0.082009308,-0.003420896
16.1205,0.24094014,0.012853666,0.042186504,0.04485594,-0.73236913,0.045025882,0.67793515,0.017120558,-0.084818062,-0.0062894061
16.1305,0.24102305,0.012065935,0.042133885,0.044162733,-0.73038379,0.04390013,0.68019258,0.01697052,-0.07927666,-0.0061073764
16.1405,0.2411248,0.011534169,0.042083307,0.043796271,-0.72829969,0.042864971,0.68251303,0.019512597,-0.022317707,-0.0029240022
16.1505,0.24129572,0.011644002,0.042028397,0.043689628,-0.7259376,0.042148178,0.68507616,0.026992442,0.034523808,-0.015538048
16.1605,0.24152665,0.012248435,0.041949896,0.043563283,-0.72330938,0.041550287,0.68789487,0.032217669,0.079280856,-0.0044441022
16.1705,0.24179787,0.013227972,0.041845603,0.043395997,-0.72060893,0.041069485,0.69076252,0.03482121,0.11214261,-0.0087643448
16.1805,0.2421254,0.014533837,0.041739874,0.043205441,-0.71794692,0.040713617,0.69356175,0.04270045,0.14465908,-0.0098359406
16.1905,0.24252743,0.016123122,0.041631093,0.043010546,-0.71545799,0.040480004,0.69615468,0.048509049,0.17046789,-0.013923561
16.2005,0.24298668,0.017928173,0.041512819,0.042831904,-0.71320623,0.040379948,0.69847818,0.05261333,0.18782331,-0.0078518681
16.2105,0.24348419,0.01988998,0.041401179,0.042620475,-0.71112171,0.040415168,0.70061118,0.05189123,0.20497877,-0.026310654
16.2205,0.24384021,0.021927237,0.041261418,0.042415626,-0.7088845,0.040495508,0.70288249,0.031280357,0.20362313,-0.010623089
16.2305,0.2440626,0.023953241,0.041145954,0.042280335,-0.70651805,0.040526647,0.70526747,0.02481873,0.20242873,-0.01538508
16.2405,0.24423878,0.025929886,0.041026474,0.042042093,-0.70425662,0.040658719,0.70753229,0.019367228,0.19370569,-0.0083020073
16.2505,0.24434814,0.027708126,0.040967356,0.041532642,-0.70217223,0.040852704,0.7096198,0.0095434296,0.14402979,0.011931441
16.2605,0.24429535,0.028787371,0.041157395,0.040403972,-0.70075641,0.040167639,0.71112202,-0.0026164628,0.080924876,0.023194061
16.2705,0.24414539,0.029363825,0.041342826,0.038987712,-0.69980124,0.038913592,0.71221058,-0.0081042087,0.045176231,-0.00074957408
16.2805,0.24395654,0.029622983,0.04138179,0.037274199,-0.69916706,0.037648073,0.71299276,-0.0093955514,0.012068122,0.0079164363
16.2905,0.24377342,0.029657542,0.041443632,0.035449816,-0.69876929,0.036287789,0.71354607,-0.0074594354,-0.0032622017,0.0061654315
16.3005,0.24360939,0.029546,0.041589839,0.03353131,-0.69826343,0.034819755,0.71420685,-0.0045190279,-0.018159579,0.022973245
16.3105,0.24345421,0.029315781,0.041821912,0.031615792,-0.6974505,0.033209376,0.71516458,-0.003725202,-0.027578795,0.023755386
16.3205,0.24330557,0.029012615,0.042118497,0.029717406,-0.69646111,0.031621267,0.71628129,-0.0028372017,-0.03294856,0.035117317
16.3305,0.24316179,0.028612295,0.042494454,0.027685255,-0.69545428,0.03003563,0.71740834,-0.00081027687,-0.046432567,0.041431743
16.3405,0.24303323,0.028108459,0.042960656,0.025758532,-0.69451432,0.028193505,0.71846468,-4.7084882e-05,-0.054706687,0.045102617
16.3505,0.242912,0.027550138,0.043445652,0.024046908,-0.69357768,0.026204033,0.71950336,-0.00066529042,-0.057290286,0.053706554
16.3605,0.24279867,0.026920944,0.044005745,0.022068981,-0.69276645,0.024424089,0.72041035,0.0021008827,-0.06758226,0.058887728
16.3705,0.24271087,0.026220378,0.044580352,0.020314322,-0.69218329,0.022326044,0.72109026,0.0033608269,-0.071226446,0.064762721
16.3805,0.24263048,0.025487844,0.045156031,0.018541602,-0.69163602,0.020389406,0.72172023,0.0035957407,-0.075819169,0.052244377
16.3905,0.24256238,0.024709064,0.045715369,0.016910024,-0.69144142,0.018286854,0.72200305,0.0041206657,-0.082796625,0.044087491
16.4005,0.24250765,0.023885928,0.046204149,0.015251622,-0.69169221,0.016201006,0.72184957,0.0052519558,-0.083151538,0.046223208
16.4105,0.24247549,0.023092914,0.046789321,0.01378891,-0.69219903,0.014096841,0.72143721,0.0066467633,-0.077576655,0.063314137
16.4205,0.24246297,0.022304835,0.047369249,0.012071526,-0.6931638,0.012295958,0.7205741,0.0073162333,-0.081809935,0.037868515
16.4305,0.24246907,0.021493087,0.047761381,0.010323589,-0.69474056,0.010526098,0.71910929,0.0084399297,-0.081482817,0.036330133
16.4405,0.24249792,0.020688207,0.048026115,0.0091041214,-0.69671368,0.0084234642,0.71724208,0.0091593245,-0.079514081,0.024732503
16.4505,0.24254613,0.019905491,0.048211209,0.0074620078,-0.69881866,0.0069029159,0.71522664,0.010456323,-0.07814701,0.01346823
16.4605,0.24260466,0.019131637,0.048369561,0.0059785368,-0.70105801,0.0053027011,0.71305947,0.011348042,-0.075905105,0.013095312
16.4705,0.24269872,0.018451472,0.048449938,0.0047359781,-0.70336858,0.0036522823,0.71080016,0.01616444,-0.060341917,0.0060082814
16.4805,0.24286973,0.018092193,0.048365686,0.003811981,-0.70597457,0.0024291905,0.70822276,0.020844495,-0.017689936,-0.033314111
16.4905,0.24308822,0.017865903,0.048083456,0.0027630027,-0.70865582,0.0016910754,0.7055469,0.021771237,-0.026760344,-0.02248388
16.5005,0.24326506,0.017588506,0.047986639,0.001688073,-0.71089582,0.00058136639,0.70329506,0.017373799,-0.026953139,-0.0042156337
16.5105,0.24338524,0.01734863,0.047896324,0.00070997066,-0.71299463,-0.00065613301,0.70116883,0.012693428,-0.02065912,-0.015939836
16.5205,0.24347525,0.017262319,0.047670976,-0.00023023782,-0.71516169,-0.0014706688,0.69895746,0.0089522056,0.014115117,-0.031040161
16.5305,0.24355127,0.017328131,0.047382909,-0.00085727367,-0.71727702,-0.0019844512,0.69678476,0.0058277571,-0.00057758925,-0.025580699
16.5405,0.24363661,0.017332368,0.047099206,-0.0015294647,-0.71929417,-0.0025735076,0.69469916,0.010875663,0.018555681,-0.035653936
16.5505,0.24380308,0.017633187,0.046691744,-0.0015940687,-0.7214495,-0.0024801647,0.69246078,0.013966418,0.018495792,-0.036761238
16.5605,0.24400246,0.017986504,0.046267638,-0.001479377,-0.72353036,-0.0022089824,0.69028744,0.015665501,0.025395953,-0.038088097
16.5705,0.2442566,0.018448608,0.04578377,-0.0011021732,-0.72563203,-0.0015717537,0.68808028,0.020477008,0.036397151,-0.046499217
16.5805,0.24457565,0.019062704,0.045218903,-0.00037174103,-0.72784761,-0.00054241265,0.6857386,0.023946878,0.066121245,-0.058399493
16.5905,0.2449241,0.019738185,0.04462476,0.00050723244,-0.73004781,0.00068505302,0.68339555,0.025536967,0.073654307,-0.060800785
16.6005,0.24526839,0.020326205,0.044016913,0.0012958114,-0.73221828,0.0017947157,0.68106644,0.025749369,0.05929706,-0.063572976
16.6105,0.24561994,0.020898472,0.043352754,0.0020491296,-0.73442792,0.0029667396,0.67867711,0.024299462,0.042379222,-0.060158166
16.6205,0.24596064,0.021427227,0.042671348,0.0027786743,-0.73657372,0.0040602104,0.67633937,0.023333645,0.040510883,-0.061625681
16.6305,0.24624249,0.021787514,0.042033389,0.0030983046,-0.73865163,0.0047748818,0.67406332,0.02240439,0.050847147,-0.066796955
16.6405,0.24651823,0.022259112,0.0417073,0.0034673456,-0.73988334,0.005330713,0.67270514,0.024051302,0.049850195,-0.0074619196
16.6505,0.24677213,0.022760136,0.04176892,0.0035039344,-0.74020498,0.0056646572,0.67234829,0.024127578,0.052657696,0.015855411
16.6605,0.24703252,0.023369307,0.041973428,0.0035255844,-0.73990953,0.0058531713,0.67267168,0.027406127,0.068109078,0.023953636
16.6705,0.24731172,0.024116812,0.042198745,0.003574631,-0.73916398,0.0060422025,0.67348892,0.029803062,0.088584627,0.010673287
16.6805,0.24765997,0.025176453,0.042095776,0.004263707,-0.73872441,0.0070648528,0.67395709,0.031096272,0.10249251,-0.00062310134
16.6905,0.24798812,0.026197481,0.042151947,0.0046702196,-0.7375334,0.0076894607,0.67525073,0.032826891,0.11565629,-0.0045671425
16.7005,0.24834147,0.027376218,0.04208937,0.0054353742,-0.73610327,0.0087310547,0.67679111,0.032656792,0.10964747,0.0060281986
16.7105,0.24868561,0.028550994,0.042034065,0.0061968308,-0.73448548,0.0097426103,0.67852617,0.031763093,0.1118452,0.001044828
16.7205,0.24901892,0.029712435,0.041983376,0.0070329208,-0.73252655,0.01076592,0.68061699,0.031272436,0.11458571,-0.0041456187
16.7305,0.24934069,0.030845652,0.041926709,0.0079357606,-0.73028693,0.011773339,0.68299298,0.030158466,0.10715767,-0.0014222506
16.7405,0.24965719,0.03194896,0.04185129,0.0088948485,-0.72802055,0.012843561,0.68537727,0.029452091,0.10734395,-0.0066792924
16.7505,0.24993896,0.032706443,0.041771827,0.0094483111,-0.72556921,0.013720018,0.68794754,0.027362773,0.035468207,-0.0047145004
16.7605,0.25016841,0.03270294,0.041693241,0.0096488169,-0.72290249,0.014252429,0.69073567,0.023347432,-0.028277014,-0.0083717877
16.7705,0.25034072,0.032163843,0.041609777,0.0098358143,-0.72009761,0.014608436,0.69364925,0.019039666,-0.074874577,-0.009723941
16.7805,0.25048193,0.031169584,0.041503202,0.010056908,-0.71731802,0.01483628,0.69651532,0.017501123,-0.11955547,-0.0059811269
16.7905,0.25060938,0.029774762,0.041407889,0.01027248,-0.71461778,0.01491181,0.69928073,0.016070636,-0.15595893,-0.0099217429
16.8005,0.25070631,0.028069323,0.041303956,0.010467943,-0.71200915,0.014793191,0.70193629,0.0073063764,-0.17986126,-0.0073112343
16.8105,0.25064006,0.026163549,0.041176584,0.010779862,-0.70919438,0.014453734,0.70478239,-0.0070581871,-0.20174961,-0.022394571
16.8205,0.25044572,0.024104793,0.041051957,0.011108194,-0.70624742,0.013932773,0.70774082,-0.017433032,-0.21411176,-0.01814509
16.8305,0.2501944,0.02205327,0.041040505,0.011514252,-0.70334052,0.013327315,0.71063487,-0.020881609,-0.1803621,0.018753654
16.8405,0.24994083,0.020489431,0.041380251,0.012446311,-0.700766,0.013421999,0.71315633,-0.026686057,-0.15547105,0.011279861
16.8505,0.24966016,0.019153142,0.04155199,0.013387649,-0.69875449,0.013751153,0.71510408,-0.028728329,-0.11444168,0.021296171
16.8605,0.24937758,0.018127848,0.041700496,0.014451756,-0.69706208,0.014265797,0.71672317,-0.030117206,-0.091305447,0.0091694135
16.8705,0.24912262,0.017450784,0.041883861,0.015783352,-0.6954242,0.015006982,0.71826935,-0.026609891,-0.046827816,0.025972266
16.8805,0.24892201,0.017104786,0.042118305,0.017421184,-0.69376868,0.015985049,0.7198097,-0.02214457,-0.023877784,0.024027122
16.8905,0.24878621,0.016955112,0.042379339,0.019216995,-0.69224682,0.017109313,0.721202,-0.017213762,-0.010174276,0.019859323
16.9005,0.24871815,0.016964405,0.042690315,0.02124167,-0.69063457,0.018335195,0.72265933,-0.010133136,0.0090513162,0.035755896
16.9105,0.24871549,0.017143061,0.04309904,0.023339382,-0.68877982,0.019841254,0.7243231,-0.0051663235,0.023737968,0.040319059
16.9205,0.24875936,0.017435406,0.043537261,0.025479535,-0.68687496,0.021429053,0.72601266,-0.0017400781,0.032516741,0.04088209
16.9305,0.24884873,0.017834566,0.044044598,0.027708752,-0.6851079,0.023134105,0.7275467,0.0023328654,0.04522607,0.054031932
16.9405,0.24897823,0.018328305,0.044604241,0.029973617,-0.68353574,0.025006832,0.7288725,0.0047166309,0.05281138,0.053261028
16.9505,0.24913136,0.018877026,0.045155269,0.032084892,-0.68212136,0.027091688,0.73003222,0.006624845,0.057472909,0.054788231
16.9605,0.24931027,0.019492016,0.045649475,0.033974304,-0.6811191,0.029491246,0.73078915,0.0083841302,0.066892673,0.047865092
16.9705,0.24951384,0.020172401,0.046080413,0.035623019,-0.68058397,0.032228619,0.73109355,0.009249103,0.070253458,0.050807561
16.9805,0.24977051,0.020676122,0.046570982,0.038044525,-0.68045046,0.034187184,0.73100686,0.016436045,0.038279001,0.045804421
16.9905,0.25011764,0.021003699,0.046941458,0.040316183,-0.68111686,0.036346971,0.7301598,0.022800725,0.032706127,0.024217901
17.0005,0.25050091,0.021378781,0.047175732,0.042337646,-0.68242037,0.03864115,0.72870901,0.024119794,0.042841313,0.027572188
17.0105,0.25089237,0.021820688,0.047470978,0.044332068,-0.68408708,0.040777926,0.726909,0.024516044,0.046427605,0.031796735
17.0205,0.25129227,0.022311395,0.047670422,0.046163054,-0.68636988,0.042848618,0.72452009,0.025016409,0.054378014,0.006262982
17.0305,0.25170795,0.022869071,0.047645205,0.047613462,-0.68934912,0.045067246,0.72145665,0.02680768,0.059280451,-0.0016616718
17.0405,0.2521316,0.023456187,0.047533888,0.049139073,-0.69269508,0.046885758,0.71802549,0.027093421,0.062577546,-0.017921565
17.0505,0.25256193,0.024071024,0.047317239,0.050425143,-0.69624558,0.048748091,0.71436897,0.028904665,0.063688407,-0.028757562
17.0605,0.25300281,0.024696702,0.04706947,0.051676649,-0.69988838,0.050482437,0.7105894,0.02934662,0.066501953,-0.02639022
17.0705,0.25344124,0.025347582,0.046660428,0.052320377,-0.70356724,0.052575311,0.70674716,0.030636733,0.066939775,-0.034984778
17.0805,0.2538962,0.026017443,0.046399803,0.05369137,-0.70696673,0.053879545,0.70314456,0.03220074,0.070490216,-0.026429303
17.0905,0.25434402,0.026702729,0.046065605,0.05438362,-0.71001204,0.055787263,0.69986649,0.031910221,0.07016623,-0.020200232
17.1005,0.2547745,0.02733789,0.045989795,0.055014145,-0.71236899,0.057739193,0.69725895,0.031215017,0.062427802,0.0053173251
17.1105,0.25518066,0.027906744,0.045992127,0.05572531,-0.71409921,0.059441013,0.69528683,0.030814119,0.059114622,0.016417546
17.1205,0.25557654,0.028446014,0.04614567,0.056656515,-0.71518231,0.060956014,0.6939659,0.030759447,0.053264969,0.021646258
17.1305,0.25595907,0.028863673,0.046416789,0.058046566,-0.71591296,0.061910725,0.69301247,0.026469659,0.013062847,0.014024503
17.1405,0.25619016,0.028522956,0.046388559,0.058484953,-0.71757975,0.061770357,0.69126206,0.013588018,-0.06997698,-0.02234947
17.1505,0.256267,0.02754635,0.046010948,0.057554373,-0.72004043,0.06078816,0.68886433,0.0049104275,-0.12005086,-0.053125377
17.1605,0.25623702,0.02618353,0.045368655,0.055762816,-0.72292403,0.059074839,0.6861352,-0.00029933519,-0.15085269,-0.074263353
17.1705,0.25615376,0.024526836,0.044492521,0.053368959,-0.72614251,0.056739817,0.68311742,-0.00071567251,-0.1799743,-0.10004451
17.1805,0.25607588,0.022813169,0.043473305,0.050890566,-0.72951072,0.0542665,0.67991132,0.003224426,-0.12815054,-0.090955024
17.1905,0.25616592,0.022025553,0.042757936,0.050267628,-0.73217514,0.053775065,0.677127,0.011074047,-0.046618628,-0.059192286
17.2005,0.25637175,0.021717262,0.042227261,0.050582296,-0.73436559,0.054282778,0.67468659,0.016294199,-0.03096233,-0.05588374
17.2105,0.25657365,0.021219789,0.041815842,0.050463264,-0.73607649,0.054429933,0.67281664,0.018026821,-0.055506456,-0.014139598
17.2205,0.25676725,0.020572285,0.041861515,0.050331696,-0.73673612,0.054445141,0.67210292,0.018930366,-0.071802695,0.016728951
17.2305,0.25695917,0.019784535,0.042093802,0.050248521,-0.73701742,0.054374103,0.67180642,0.01920242,-0.08457727,0.027058573
17.2405,0.25712504,0.018764222,0.042201699,0.049833819,-0.73759773,0.053763087,0.67124937,0.016982645,-0.12678476,-0.018823706
17.2505,0.25728241,0.017625674,0.042222004,0.049223279,-0.73830768,0.052894643,0.67058258,0.020047535,-0.10676251,0.013718386
17.2605,0.25743744,0.016491449,0.042250639,0.048677353,-0.73857769,0.051982858,0.67039637,0.019372504,-0.1130766,0.0017588587
17.2705,0.25758621,0.015403531,0.042278736,0.048242685,-0.73831379,0.051074519,0.67078818,0.018982494,-0.10646971,0.0020928062
17.2805,0.25772711,0.01437927,0.042306303,0.047927055,-0.73775694,0.050158055,0.67149226,0.018656313,-0.09649676,0.0057323935
17.2905,0.25785069,0.013391285,0.042306042,0.047545279,-0.73682508,0.049147741,0.67261635,0.017604084,-0.10110113,-0.0055712578
17.3005,0.25796239,0.012455603,0.042276898,0.047071722,-0.73553592,0.048132611,0.67413234,0.017471965,-0.092954886,-0.0057736825
17.3105,0.25807059,0.01160047,0.04223909,0.046589601,-0.73406965,0.047244005,0.6758248,0.017053808,-0.082652439,-0.0041181525
17.3205,0.25816414,0.010785331,0.042192551,0.046011152,-0.73232845,0.046275755,0.6778175,0.016774598,-0.080446324,-0.0045122898
17.3305,0.2582417,0.0099915756,0.042135656,0.045298704,-0.73034404,0.045142495,0.68007924,0.016608523,-0.074880787,-0.0041064183
17.3405,0.25834472,0.009463932,0.042089015,0.044996848,-0.72824622,0.044197397,0.682407,0.019110077,-0.022368714,-0.0017384185
17.3505,0.25851644,0.0095597966,0.042025507,0.044907139,-0.72589616,0.043501405,0.68495675,0.027253538,0.034616629,-0.0079568158
17.3605,0.25875155,0.010152747,0.041944864,0.044801578,-0.72327421,0.042909573,0.68776886,0.032482172,0.077859374,-0.0071344619
17.3705,0.25902546,0.011120533,0.041849086,0.044651371,-0.72055508,0.042427403,0.6906566,0.03543621,0.11117667,-0.012601495
17.3805,0.25935864,0.012415932,0.04173932,0.044468386,-0.71789684,0.042060449,0.69345339,0.04331546,0.14342759,-0.0079268363
17.3905,0.25976708,0.013995872,0.041631305,0.044281508,-0.71540433,0.041817112,0.6960511,0.049201812,0.16923891,-0.011998472
17.4005,0.26023297,0.015790591,0.041523235,0.044107325,-0.71313423,0.041704744,0.69839447,0.053374561,0.18693554,-0.0071036537
17.4105,0.26073919,0.017745968,0.041404487,0.043900602,-0.71106027,0.041734672,0.70051713,0.052634383,0.20273318,-0.018445882
17.4205,0.261104,0.019776129,0.041268314,0.043670904,-0.70881393,0.04183864,0.70279811,0.032224028,0.20383195,-0.013819881
17.4305,0.2613371,0.021800732,0.041150875,0.043558754,-0.7064443,0.041853897,0.70518603,0.025930175,0.20294631,-0.018806955
17.4405,0.2615241,0.023774133,0.041038846,0.043349942,-0.70417546,0.041961611,0.70745807,0.021156383,0.19187915,-0.0020630627
17.4505,0.26162799,0.025532944,0.040992676,0.04279984,-0.70204826,0.042086103,0.70959507,0.007594622,0.13958964,0.01434357
17.4605,0.26155043,0.026569003,0.041196212,0.04155246,-0.70053267,0.041324955,0.71120997,-0.0041784194,0.076740388,0.024067111
17.4705,0.26137848,0.027094993,0.04139806,0.040101058,-0.69951286,0.039984615,0.71237272,-0.0098781363,0.037640194,0.0032284282
17.4805,0.26117891,0.027317037,0.041470012,0.038383264,-0.69883173,0.038641488,0.71320948,-0.0097850906,0.010019041,0.0096390379
17.4905,0.26099245,0.027339923,0.041538263,0.036550837,-0.6984187,0.037278422,0.71378266,-0.0076539046,-0.0038890185,0.0061207355
17.5005,0.26082613,0.027225746,0.041671668,0.034644119,-0.69791754,0.035832749,0.71444168,-0.0054318958,-0.017600291,0.017342478
17.5105,0.2606669,0.026995646,0.041894011,0.032698239,-0.69711848,0.034314225,0.71538744,-0.0042078798,-0.027470199,0.026036346
17.5205,0.26051369,0.026692648,0.04218722,0.030836756,-0.69612665,0.032757657,0.716508,-0.0038797168,-0.032946951,0.030543913
17.5305,0.2603698,0.026289465,0.042559481,0.028952703,-0.69514357,0.031097045,0.71761419,-0.0011241882,-0.046933177,0.041331156
17.5405,0.26023649,0.025782933,0.043015575,0.027024662,-0.69421312,0.029330358,0.71866372,-0.00085531545,-0.054419843,0.049047013
17.5505,0.26011091,0.025221378,0.043523525,0.02515759,-0.69325832,0.027574114,0.71972193,-0.00057461584,-0.058346539,0.051361425
17.5605,0.26000299,0.024584213,0.04405055,0.023448738,-0.69251394,0.025585603,0.7205692,0.0018305087,-0.068276027,0.056172895
17.5705,0.25991033,0.023877508,0.044627447,0.02161633,-0.69193325,0.023631544,0.72125077,0.0038246035,-0.07387733,0.056257962
17.5805,0.25982943,0.023141416,0.045211166,0.019887021,-0.69140076,0.021711696,0.72187125,0.0028874798,-0.075275505,0.051633463
17.5905,0.25976049,0.022363913,0.045746152,0.018320803,-0.69123355,0.019609541,0.72213294,0.0039700586,-0.080969137,0.048287022
17.6005,0.25970497,0.021550728,0.046242044,0.016702825,-0.69149689,0.017550899,0.72197301,0.005097224,-0.081909507,0.049904691
17.6105,0.2596713,0.020766265,0.046854049,0.015213371,-0.69199389,0.015526726,0.721576,0.0064193552,-0.076991029,0.065183624
17.6205,0.25965881,0.019979718,0.047381273,0.013640547,-0.69302121,0.013669352,0.72065851,0.0071077634,-0.082081235,0.031335595
17.6305,0.25966908,0.01917366,0.047777549,0.012263748,-0.69466116,0.011620375,0.71913868,0.0081426138,-0.080133609,0.04301048
17.6405,0.25969296,0.018364926,0.048065136,0.010565598,-0.69655478,0.01003003,0.7173557,0.0089506607,-0.080624577,0.025906467
17.6505,0.25973873,0.017566598,0.048270805,0.0090725869,-0.69867717,0.0083629001,0.71533067,0.01087479,-0.078853756,0.013831157
17.6605,0.25980627,0.016777494,0.048406568,0.0075812772,-0.7009252,0.0067698773,0.71316236,0.012259914,-0.07857907,0.0024212131
17.6705,0.25990964,0.016101665,0.048472908,0.0063335871,-0.70329833,0.0050832356,0.71084844,0.017487208,-0.059633368,0.0038530804
17.6805,0.26009526,0.015711417,0.048346863,0.0053120977,-0.70597146,0.003872182,0.70820977,0.022312317,-0.025000444,-0.037499743
17.6905,0.26031247,0.015415009,0.048077893,0.0043046056,-0.7086398,0.0028965796,0.70555135,0.022238652,-0.031752253,-0.021667012
17.7005,0.26050151,0.015102194,0.04795087,0.0030375183,-0.71092491,0.0019196668,0.70325875,0.019744685,-0.030124911,-0.001656931
17.7105,0.26063796,0.014835854,0.047859419,0.0019122414,-0.71300686,0.00081474581,0.70115397,0.013273917,-0.023333035,-0.01465937
17.7205,0.26072663,0.014690435,0.047659987,0.00093848283,-0.71516022,-0.00013172097,0.69895992,0.0091860486,0.0051807945,-0.027853324
17.7305,0.26081377,0.014789666,0.047364441,0.00042643421,-0.71730109,-0.00058865906,0.69676296,0.0062885652,0.0020014808,-0.025444899
17.7405,0.26090077,0.014775743,0.047096089,-0.00022614121,-0.71930184,-0.0012314557,0.69469655,0.011074079,0.0087661583,-0.031832593
17.7505,0.2610758,0.01511184,0.04668245,-0.00020916784,-0.72146866,-0.001067036,0.69244623,0.014324974,0.031182032,-0.040802387
17.7605,0.26127116,0.015402825,0.046265953,-0.00023338088,-0.72351259,-0.0008794446,0.69031059,0.016154574,0.027107676,-0.040368609
17.7705,0.26152134,0.01577896,0.045806397,1.3001128e-05,-0.72559783,-0.00045522122,0.68811887,0.022199469,0.066139805,-0.056926158
17.7805,0.26184216,0.016390855,0.045237282,0.00072481002,-0.72783245,0.00056441506,0.68575438,0.024028334,0.056988443,-0.055280641
17.7905,0.26219952,0.017111317,0.044620673,0.0016476487,-0.73005655,0.0019154414,0.68338207,0.02447461,0.055428074,-0.055450956
17.8005,0.26253381,0.017612105,0.044035305,0.0023521179,-0.73218858,0.0027868968,0.68109219,0.027175541,0.067132748,-0.068469042
17.8105,0.26289287,0.018189507,0.043359839,0.0030681034,-0.73440931,0.0040049785,0.67868808,0.025917213,0.055865765,-0.066622831
17.8205,0.26323093,0.018706109,0.042688935,0.0036613377,-0.73655143,0.0051416033,0.67635209,0.022983408,0.038018225,-0.059423546
17.8305,0.26351989,0.019103523,0.042016884,0.0041350392,-0.73865314,0.0059485013,0.67404677,0.020168826,0.045944084,-0.068521363
17.8405,0.26377014,0.019554561,0.041698645,0.0044667586,-0.73988733,0.0065032409,0.67268454,0.019825295,0.043585297,-0.0067027466
17.8505,0.26400794,0.020043492,0.04178158,0.0047408457,-0.74022262,0.0066140353,0.67231261,0.022928288,0.053254032,0.017411025
17.8605,0.26425512,0.020657026,0.041994124,0.0046585132,-0.73989438,0.0068923814,0.67267161,0.026508293,0.068520537,0.024665307
17.8705,0.2645289,0.02141344,0.042210173,0.0046692272,-0.73915022,0.0071561133,0.6734864,0.029615044,0.092328443,0.0065710385
17.8805,0.26487589,0.022480963,0.042104629,0.0053455553,-0.7387045,0.0082094426,0.67395823,0.030662461,0.1019836,0.00068972378
17.8905,0.2652081,0.023527018,0.042142442,0.0058019987,-0.73754024,0.0089070428,0.67521952,0.032875169,0.12284933,-0.011840064
17.9005,0.26556215,0.02470729,0.042098094,0.006544377,-0.73607186,0.0099136687,0.67679916,0.033237916,0.12594217,-0.010744865
17.9105,0.2659124,0.025901019,0.042044013,0.0073363598,-0.73444424,0.010950293,0.67854102,0.032509347,0.12341333,-0.01004617
17.9205,0.26624918,0.027078904,0.041985024,0.0082027906,-0.73251619,0.011951,0.68059527,0.031550397,0.11897745,-0.0070763637
17.9305,0.26657771,0.028236286,0.041922288,0.009128295,-0.73029008,0.012995863,0.68295255,0.030839505,0.1103831,-0.002195804
17.9405,0.26689534,0.029345455,0.041852123,0.010017433,-0.72799838,0.014051939,0.68536162,0.029694436,0.10463489,-0.0031873478
17.9505,0.2671839,0.030106021,0.041769216,0.010565206,-0.72553627,0.01496612,0.68794005,0.02780931,0.034389434,-0.0036451582
17.9605,0.26741067,0.030094016,0.041693952,0.010770035,-0.72284869,0.015494137,0.69074866,0.022953725,-0.029697201,-0.0025476698
17.9705,0.26758121,0.029548279,0.041606225,0.010969846,-0.72005241,0.015850244,0.6936519,0.018370231,-0.075511322,-0.012982503
17.9805,0.26771636,0.028549532,0.041507482,0.011199816,-0.71726815,0.016068239,0.69652191,0.016489226,-0.12068129,-0.010709051
17.9905,0.2678373,0.027148891,0.041404715,0.011427185,-0.7145785,0.016136975,0.69927575,0.015465361,-0.15762539,-0.014814489
18.0005,0.26792381,0.025439495,0.041297293,0.011637818,-0.71196544,0.016011457,0.70193547,0.0062283672,-0.18186823,-0.013970999
18.0105,0.2678465,0.023532658,0.041176067,0.011965557,-0.70913466,0.015663199,0.7047975,-0.0087144582,-0.19905491,-0.012394554
18.0205,0.26764052,0.021471605,0.041053214,0.012300602,-0.70618471,0.015134065,0.707759,-0.018407973,-0.21398779,-0.016308319
18.0305,0.2673812,0.019403401,0.04101077,0.012668701,-0.70333648,0.014484159,0.71059659,-0.02135844,-0.18272074,0.014681821
18.0405,0.26712463,0.017854195,0.041376938,0.013597888,-0.70078089,0.014559488,0.71309835,-0.026162348,-0.13892544,0.037970235
18.0505,0.26682525,0.016486402,0.041496274,0.014495039,-0.69881143,0.014819287,0.7150055,-0.029905199,-0.1157539,0.019944292
18.0605,0.26653761,0.01547783,0.041679691,0.01557578,-0.6970917,0.015343812,0.71664853,-0.030577259,-0.089697116,0.013072706
18.0705,0.26627839,0.014805356,0.041876496,0.016910016,-0.69543636,0.016086528,0.71820856,-0.027349596,-0.049559624,0.021403586
18.0805,0.26607493,0.014457828,0.042116179,0.018545808,-0.69376783,0.017063539,0.71975765,-0.022802806,-0.025951107,0.019194457
18.0905,0.26593533,0.014298531,0.042361929,0.020326538,-0.69224613,0.018180058,0.72114604,-0.016946948,-0.0093010598,0.024135579
18.1005,0.26586784,0.014313348,0.04269828,0.022345167,-0.69060437,0.019435551,0.72262615,-0.010510476,0.0098090353,0.035725044
18.1105,0.26586288,0.014490736,0.043106125,0.024514489,-0.68874266,0.020865133,0.72429085,-0.0049998371,0.024106183,0.043884284
18.1205,0.26590634,0.014783735,0.043563196,0.026708286,-0.68682036,0.02240685,0.72599063,-0.0017021408,0.032545615,0.043995264
18.1305,0.26599273,0.01517941,0.044062464,0.028931029,-0.68504705,0.024109875,0.72752474,0.0019715212,0.044920257,0.050878549
18.1405,0.26612102,0.015672631,0.044605956,0.031178829,-0.68347624,0.02600016,0.72884299,0.0046285044,0.052883174,0.05131241
18.1505,0.26627617,0.016221259,0.045164598,0.033233251,-0.68204893,0.028161419,0.73000804,0.0070170207,0.05768561,0.058066127
18.1605,0.2664555,0.016837048,0.045652336,0.035098546,-0.68104539,0.030591494,0.73075949,0.008714549,0.067197618,0.051285237
18.1705,0.26665947,0.017514314,0.046081934,0.036784067,-0.68051109,0.033294748,0.73105612,0.010369408,0.066275541,0.051580392
18.1805,0.26692344,0.017985956,0.046561566,0.039095735,-0.68041508,0.035393264,0.73092692,0.017257428,0.036538818,0.044677574
18.1905,0.26727337,0.01830115,0.046936063,0.041511412,-0.6810896,0.037411167,0.7300645,0.022711473,0.033336044,0.031593639
18.2005,0.26765113,0.018685384,0.047166967,0.043559506,-0.68240021,0.03968341,0.72859986,0.023774786,0.045135969,0.021997515
18.2105,0.26803962,0.019143526,0.047417236,0.045336318,-0.68408859,0.042055767,0.72677282,0.02424521,0.049992239,0.028880748
18.2205,0.26844313,0.019650149,0.047659712,0.04744457,-0.68636014,0.04385547,0.72438627,0.026166555,0.052804394,0.013589147
18.2305,0.26886441,0.020210682,0.047714218,0.049293906,-0.68930372,0.045683317,0.72134841,0.026579497,0.061677983,-0.004451691
18.2405,0.2692861,0.02082575,0.047472807,0.05012709,-0.69269122,0.048258836,0.71786992,0.026722644,0.06503567,-0.023414716
18.2505,0.26971907,0.021448584,0.047300381,0.051556047,-0.69622337,0.050026313,0.7142215,0.029385114,0.064223083,-0.01495574
18.2605,0.27016166,0.022087614,0.047034341,0.052767403,-0.69985718,0.051820349,0.71044365,0.02920564,0.067572126,-0.037300698
18.2705,0.2706092,0.022738069,0.04669718,0.053826261,-0.70351269,0.053511486,0.7066181,0.031243301,0.067687066,-0.033812101
18.2805,0.27105473,0.023409335,0.046319393,0.05456281,-0.70695492,0.055410226,0.70297037,0.031056375,0.071165132,-0.026280371
18.2905,0.27149462,0.024089709,0.046051645,0.05536764,-0.70998933,0.057206176,0.69969781,0.031355715,0.068054234,-0.023036538
18.3005,0.27191794,0.024713549,0.045948735,0.056121395,-0.71236874,0.058943516,0.69707017,0.030430381,0.060125411,-0.010968147
18.3105,0.27232249,0.025290875,0.045966225,0.056909786,-0.71408565,0.060603185,0.69510446,0.03022328,0.057882386,0.007407454
18.3205,0.27271627,0.025836039,0.046140662,0.057920366,-0.71515166,0.062067324,0.69379462,0.030372896,0.05315316,0.019498936
18.3305,0.27308399,0.026218235,0.046407024,0.059178843,-0.71586509,0.062919015,0.69287534,0.025027343,0.0029428809,0.014782485
18.3405,0.27328955,0.025788855,0.046385108,0.059344528,-0.71752232,0.062596948,0.69117405,0.012494638,-0.077908483,-0.021330055
18.3505,0.27334782,0.024746093,0.046016913,0.058239281,-0.71997615,0.061480341,0.68881253,0.0040638437,-0.1257523,-0.052036128
18.3605,0.27330315,0.023337914,0.045380138,0.056336978,-0.72285749,0.059672556,0.68610668,-0.00091559802,-0.15464302,-0.073174285
18.3705,0.27321084,0.021652751,0.044514815,0.053875898,-0.72606647,0.057278292,0.68311351,-0.0011934712,-0.18215427,-0.099025997
18.3805,0.27311618,0.019862139,0.043481989,0.051232176,-0.72946512,0.05463227,0.67990531,0.0019481005,-0.14330607,-0.095352666
18.3905,0.27318478,0.018979565,0.042734998,0.050418293,-0.73219288,0.053932554,0.67708409,0.0099376288,-0.052581373,-0.061234742
18.4005,0.27337962,0.018644609,0.04219767,0.050693416,-0.73440295,0.054395543,0.6746285,0.016394549,-0.019152499,-0.049671271
18.4105,0.27359383,0.01825003,0.041857231,0.050776243,-0.73598967,0.054767411,0.67286069,0.018045586,-0.047493276,-0.0098859625
18.4205,0.27379315,0.017659852,0.041920257,0.050718735,-0.73662531,0.054869695,0.67216075,0.019117175,-0.067474455,0.016878305
18.4305,0.273987,0.016905691,0.042145921,0.050662216,-0.73692873,0.054829443,0.67183564,0.019284255,-0.082024956,0.02598295
18.4405,0.27414337,0.015858211,0.042164853,0.050111913,-0.73768331,0.054076143,0.67110946,0.017690811,-0.1149357,-0.0066594656
18.4505,0.27431387,0.014788823,0.042249295,0.049667336,-0.73825988,0.053411347,0.67056151,0.019491052,-0.10775047,0.0089798709
18.4605,0.27446929,0.013672119,0.04227364,0.049142285,-0.73853289,0.052528107,0.6703693,0.019131206,-0.11095301,0.0018657235
18.4705,0.27461525,0.012589921,0.042288412,0.048703951,-0.73829095,0.051603141,0.67073952,0.018952671,-0.10457782,0.0033435965
18.4805,0.27475373,0.01156821,0.042308048,0.048427694,-0.73774031,0.050645899,0.671438,0.018374325,-0.097832749,0.0032682053
18.4905,0.27487755,0.010591055,0.042306958,0.048030555,-0.73680819,0.049675242,0.67256162,0.017919834,-0.095896082,-0.0012489964
18.5005,0.27498934,0.0096661114,0.042282768,0.047558619,-0.73550686,0.04868942,0.67408988,0.017681169,-0.089034756,-0.0022110339
18.5105,0.27509486,0.0088121631,0.042242116,0.047034813,-0.73404308,0.047809865,0.67578303,0.016743649,-0.085092621,-0.0066610383
18.5205,0.27518555,0.0079959091,0.042190596,0.046428851,-0.73231431,0.046825866,0.67776651,0.016599945,-0.079493879,-0.0036809485
18.5305,0.27526121,0.0072007095,0.04213743,0.045741889,-0.73032233,0.045653095,0.6800388,0.016657599,-0.073945313,-0.0035886998
18.5405,0.27535842,0.0066619041,0.042082564,0.045407034,-0.72823662,0.044651619,0.68236051,0.018572598,-0.023150573,-0.0023066167
18.5505,0.27552558,0.0067570603,0.042024881,0.045324042,-0.72586528,0.043958026,0.68493286,0.02683422,0.034036486,-0.009625398
18.5605,0.27575752,0.0073468056,0.041941657,0.045217498,-0.7232358,0.043366189,0.68775339,0.032377867,0.077409972,-0.0089530153
18.5705,0.27603548,0.0083108102,0.041850521,0.045073525,-0.72051842,0.042886479,0.69063908,0.03619145,0.11063331,-0.0085223686
18.5805,0.27637975,0.0096023319,0.041737708,0.044895673,-0.71789239,0.042517941,0.69340257,0.044435895,0.14312436,-0.008802076
18.5905,0.276797,0.011178469,0.041628653,0.044711444,-0.7154137,0.042276088,0.69598625,0.049958495,0.16899956,-0.013092316
18.6005,0.27726727,0.01296877,0.041519955,0.044538937,-0.71313729,0.042167516,0.69833616,0.053681023,0.1881347,-0.015052392
18.6105,0.27776808,0.014918083,0.041403817,0.044349256,-0.71101844,0.042190382,0.70050403,0.052713729,0.20048066,-0.010585202
18.6205,0.27813938,0.016939476,0.041272909,0.044129727,-0.70876091,0.042296183,0.70279554,0.032439107,0.20132862,-0.0070379494
18.6305,0.2783803,0.01895582,0.041151601,0.044010721,-0.7064052,0.042329988,0.70516871,0.026181794,0.20066575,-0.01264557
18.6405,0.27857637,0.020923863,0.041021375,0.043801775,-0.70417209,0.042451162,0.70740439,0.022575995,0.19332953,-0.012719554
18.6505,0.27870197,0.022713709,0.040944449,0.043436965,-0.70207876,0.042667501,0.70949146,0.010795996,0.15031904,0.0086473445
18.6605,0.27867356,0.023850775,0.04112395,0.042510768,-0.70062994,0.042160692,0.71100844,-0.001476279,0.085569502,0.02335297
18.6705,0.27853601,0.024444379,0.041359443,0.041156701,-0.69962119,0.041039594,0.7121461,-0.0069248538,0.038684484,0.02446998
18.6805,0.27835667,0.024728605,0.041393918,0.039508334,-0.69896704,0.039864432,0.7129481,-0.009136506,0.014661217,0.0056017218
18.6905,0.27817798,0.024781187,0.041443545,0.037742501,-0.69856568,0.038563443,0.71350848,-0.0074229343,-0.0020434825,0.0056856749
18.7005,0.27801649,0.024680715,0.041588472,0.035867462,-0.69805889,0.03712945,0.71417695,-0.0044724765,-0.017231547,0.023044046
18.7105,0.27786357,0.02445565,0.041860131,0.033918561,-0.69723136,0.035595326,0.71515798,-0.0045204389,-0.026420422,0.022604936
18.7205,0.27771195,0.024156978,0.042138836,0.032060834,-0.69624663,0.034011114,0.71627926,-0.0031190416,-0.033043573,0.033369286
18.7305,0.27756845,0.023754884,0.042505594,0.030166816,-0.69526232,0.032314679,0.71739531,-0.0012863773,-0.046877682,0.040187558
18.7405,0.27743046,0.023251812,0.04295945,0.028217993,-0.69433105,0.030523102,0.71845423,-0.0017561775,-0.054517385,0.043557832
18.7505,0.27730024,0.022697257,0.043490041,0.026383561,-0.69336855,0.028690971,0.71952817,-0.0004494224,-0.057490074,0.058780958
18.7605,0.27718404,0.022066619,0.04403453,0.024507133,-0.6925851,0.026836647,0.72042007,0.0016279526,-0.067653895,0.059546447
18.7705,0.27709206,0.021358367,0.044594952,0.022784699,-0.69203644,0.024726305,0.72107907,0.0038395971,-0.073526996,0.059801523
18.7805,0.27701097,0.020614844,0.045184992,0.021047576,-0.69149834,0.022757098,0.72171266,0.0041124013,-0.076867072,0.052983922
18.7905,0.27694253,0.019825786,0.045718833,0.019360017,-0.69132173,0.020745265,0.72198968,0.0040496777,-0.082367267,0.05079713
18.8005,0.27688936,0.018989393,0.046193285,0.017762131,-0.69160212,0.018620964,0.72182011,0.0054956801,-0.086449013,0.037733817
18.8105,0.27686341,0.018171745,0.046725979,0.016556421,-0.69219677,0.016267321,0.72133549,0.0069918414,-0.080001399,0.059420131
18.8205,0.27685456,0.017379004,0.047354556,0.015021714,-0.69318922,0.014287053,0.72045745,0.0078083293,-0.078646762,0.061412592
18.8305,0.27685943,0.016564626,0.047748331,0.012744229,-0.69468103,0.013069901,0.71908625,0.0081477455,-0.079838191,0.042137673
18.8405,0.27688625,0.015760159,0.048043787,0.01136043,-0.69660755,0.011119859,0.71727624,0.0091488223,-0.080996202,0.017422616
18.8505,0.27692709,0.014959503,0.048272425,0.010077193,-0.69874124,0.009193744,0.71524444,0.010093292,-0.079304337,0.019833357
18.8605,0.27698869,0.014180287,0.04838619,0.0084400805,-0.70094681,0.0077546704,0.71312145,0.011840999,-0.076701709,0.0069883378
18.8705,0.27709345,0.013522227,0.048478878,0.0072062502,-0.70329534,0.0060309397,0.71083568,0.0173005,-0.055351159,-0.00084525973
18.8805,0.27727338,0.013208284,0.048322565,0.0063227628,-0.70600582,0.0048902441,0.70816093,0.021383188,-0.02484662,-0.026684333
18.8905,0.27748183,0.012918269,0.048103328,0.0050699573,-0.70861113,0.0040269533,0.70556951,0.022311326,-0.030106983,-0.018810013
18.9005,0.2776583,0.01262097,0.047998926,0.0038272816,-0.71086774,0.0029686517,0.70330903,0.018138423,-0.028429063,-0.0041274854
18.9105,0.27777674,0.012401657,0.04792941,0.0031013634,-0.71292338,0.0016482418,0.70123314,0.011214512,-0.018956735,-0.014371251
18.9205,0.27784446,0.012239974,0.047751657,0.0022390553,-0.71503543,0.00051620951,0.69908444,0.0067717451,-0.014176811,-0.021332119
18.9305,0.27788301,0.012124787,0.047523038,0.001283789,-0.71705666,-0.00041099496,0.69701358,0.0049864263,-0.0021366053,-0.026309243
18.9405,0.27797576,0.012240608,0.047187749,0.0007435467,-0.71915153,-0.00076189679,0.69485246,0.0105195,0.021161589,-0.037738825
18.9505,0.27813416,0.012502785,0.046779913,0.00053292453,-0.7213029,-0.0007104935,0.69261918,0.013924321,0.029983164,-0.041655117
18.9605,0.27833973,0.012898516,0.046316954,0.00055801299,-0.72341473,-0.00022290208,0.69041348,0.016200221,0.045909348,-0.046815052
18.9705,0.27859497,0.013389511,0.045800464,0.00089702962,-0.72559296,0.00048683516,0.68812341,0.02056846,0.053029346,-0.053777696
18.9805,0.27890627,0.013988773,0.045224479,0.0015561392,-0.72783818,0.0014853338,0.68574555,0.023098105,0.059098596,-0.057590119
18.9905,0.27923294,0.014544735,0.0446632,0.0022507203,-0.72996457,0.0024463835,0.6834769,0.025525743,0.061769724,-0.056396628
19.0005,0.27959772,0.015194689,0.044031719,0.003102572,-0.73216913,0.003720578,0.68110564,0.026649228,0.065431745,-0.066220639
19.0105,0.27994834,0.015745739,0.04337444,0.0038398359,-0.73436322,0.0048324964,0.67872863,0.024594464,0.041022644,-0.060399521
19.0205,0.28027644,0.016194831,0.042741717,0.0044477252,-0.73645581,0.0057458983,0.67644663,0.023648247,0.041226731,-0.061631197
19.0305,0.28058965,0.016660866,0.042029396,0.0049162235,-0.73859938,0.0067938633,0.67409245,0.019760045,0.036908369,-0.061969659
19.0405,0.28082243,0.017019972,0.041731587,0.0051361263,-0.73979499,0.0072399697,0.67277379,0.019789644,0.038623616,-0.0070356985
19.0505,0.28105727,0.017470609,0.041807818,0.0052726591,-0.74013996,0.007401312,0.67239145,0.022413032,0.04743305,0.01579676
19.0605,0.28130159,0.018043526,0.042009525,0.0052866532,-0.73981839,0.0075648009,0.67274332,0.02651298,0.06567982,0.023282818
19.0705,0.28157882,0.018792036,0.042207229,0.0053651903,-0.73910922,0.0078087537,0.67351897,0.02987813,0.09471174,0.0014882951
19.0805,0.28192824,0.019857738,0.042098683,0.0060544442,-0.73867162,0.0088507175,0.67398015,0.03088523,0.10129435,0.0018836453
19.0905,0.282266,0.020918203,0.042129132,0.0065382763,-0.73752723,0.0095844757,0.67521772,0.033247388,0.1267184,-0.014948891
19.1005,0.28262156,0.022101226,0.042097181,0.0072482577,-0.73604168,0.010563565,0.67681498,0.033453502,0.126779,-0.010401624
19.1105,0.28297596,0.02331019,0.042042868,0.0080357035,-0.73441917,0.011610787,0.67854926,0.032806294,0.12058765,-0.0049415616
19.1205,0.28332135,0.024508589,0.04199396,0.0088901405,-0.73247881,0.012674863,0.68061377,0.032840038,0.12363555,-0.0065293843
19.1305,0.28366764,0.025719059,0.041922152,0.0099463554,-0.73026036,0.013848362,0.68295615,0.031735721,0.11713793,-0.0052272012
19.1405,0.28400027,0.026871025,0.041850586,0.011003734,-0.72798691,0.014942948,0.68533983,0.030548491,0.10894116,-0.0038536158
19.1505,0.28428872,0.027651087,0.041774125,0.011556,-0.7255159,0.015940661,0.68792371,0.027629838,0.035997674,-0.003494267
19.1605,0.28451491,0.027652,0.041696752,0.011757438,-0.72283681,0.016515913,0.69072131,0.0229487,-0.028024915,-0.0077795838
19.1705,0.28468418,0.027115384,0.041599481,0.011965371,-0.72005671,0.016893655,0.69360635,0.018071562,-0.074399362,-0.0073383848
19.1805,0.28481672,0.026123259,0.041508732,0.012202474,-0.71726095,0.017115736,0.69648753,0.016445344,-0.12106941,-0.01754535
19.1905,0.28493347,0.024726495,0.041393357,0.012440199,-0.71459007,0.017187747,0.69922161,0.015314188,-0.15680323,-0.013963887
19.2005,0.28501541,0.023025272,0.041300222,0.012668484,-0.71195536,0.017067338,0.70190297,0.0057719672,-0.18353423,-0.021118816
19.2105,0.2849315,0.021119374,0.041173223,0.012994082,-0.70913754,0.016711637,0.70475231,-0.0090975026,-0.20317443,-0.027799387
19.2205,0.28471938,0.01905613,0.041027522,0.013324847,-0.7062255,0.016175395,0.70767673,-0.019176914,-0.21202365,-0.011250144
19.2305,0.28444908,0.016987621,0.040986147,0.013642656,-0.70337872,0.015500661,0.7105153,-0.02229755,-0.18473653,0.012130912
19.2405,0.28417998,0.015426691,0.041339426,0.014453234,-0.70085449,0.015496371,0.71298944,-0.026302839,-0.13491662,0.044093425
19.2505,0.28387278,0.014064374,0.041463984,0.015305577,-0.6988931,0.015706251,0.71488985,-0.030535399,-0.11666353,0.01817958
19.2605,0.2835784,0.01305266,0.041639695,0.016357051,-0.69718299,0.016186449,0.71652378,-0.031652208,-0.094503838,0.0038736919
19.2705,0.28331524,0.012383802,0.041846027,0.017685229,-0.69552037,0.016905393,0.71808973,-0.027154652,-0.046476827,0.027606275
19.2805,0.28310759,0.012032043,0.042072843,0.019313275,-0.69385317,0.017858044,0.71963593,-0.022919929,-0.02600866,0.019724335
19.2905,0.28296686,0.011871806,0.042324682,0.021097434,-0.69232132,0.018964823,0.7210315,-0.017000554,-0.0094026879,0.024733004
19.3005,0.28290044,0.011888482,0.042682573,0.023140218,-0.69066275,0.020204356,0.72252424,-0.010367086,0.009203141,0.037566835
19.3105,0.28289422,0.012059146,0.043097612,0.025302263,-0.68877602,0.02163762,0.72420936,-0.0052255697,0.023513914,0.04380744
19.3205,0.28293248,0.012347278,0.043550709,0.027489312,-0.68685922,0.0231766,0.72590054,-0.0022158768,0.032551904,0.0447331
19.3305,0.2830152,0.012743674,0.044035324,0.029674177,-0.68510098,0.024912877,0.72741696,0.002158235,0.045475691,0.050034724
19.3405,0.2831437,0.013240446,0.044576291,0.031826763,-0.6835206,0.026914901,0.72874017,0.0048317662,0.053543865,0.057532956
19.3505,0.28329665,0.013796094,0.045102301,0.033865424,-0.68210487,0.029091512,0.72989024,0.006293143,0.058327688,0.053038024
19.3605,0.28347734,0.014419298,0.045573639,0.035648657,-0.68109588,0.031628384,0.73064165,0.0084398478,0.067951256,0.044401108
19.3705,0.2836824,0.015090443,0.046089484,0.037693758,-0.68051184,0.033971581,0.73097794,0.0099570011,0.061818426,0.057359534
19.3805,0.28394653,0.015544757,0.046617156,0.040221529,-0.68038021,0.035863733,0.73087536,0.01508439,0.033385263,0.040705905
19.3905,0.28425899,0.015879051,0.046933065,0.042354884,-0.68106286,0.038168602,0.73000178,0.018290111,0.040726413,0.028175831
19.4005,0.28459187,0.016313497,0.04716711,0.044327259,-0.68231344,0.040505295,0.72858958,0.019235993,0.047814487,0.028642279
19.4105,0.28493421,0.016797504,0.047484745,0.046376514,-0.68392028,0.042589311,0.72683452,0.019753445,0.051794392,0.032662854
19.4205,0.28528793,0.017329544,0.04769312,0.048167666,-0.68617275,0.044719464,0.72446325,0.020922627,0.058299596,0.0048597608
19.4305,0.2856617,0.017915027,0.047691308,0.049696165,-0.68912847,0.046871302,0.72141204,0.022544421,0.061646326,-0.0006877585
19.4405,0.28604692,0.018525519,0.047560437,0.051064553,-0.69246008,0.04888406,0.71798454,0.023749176,0.063182287,-0.022267544
19.4505,0.28643983,0.019152901,0.047358312,0.052376746,-0.69599863,0.050757364,0.71432925,0.024180504,0.067364364,-0.022470062
19.4605,0.28685178,0.019806649,0.047072497,0.053686482,-0.69965185,0.052482696,0.71052841,0.026886901,0.069656972,-0.038375411
19.4705,0.28726538,0.020460769,0.046731578,0.054548864,-0.70330863,0.054418727,0.70669654,0.026899651,0.065341117,-0.040765134
19.4805,0.28767249,0.021109852,0.046383772,0.055350816,-0.70678454,0.056235233,0.70301458,0.027362383,0.069864557,-0.022972644
19.4905,0.28807365,0.021763608,0.046094556,0.056149543,-0.70986609,0.057979465,0.6996969,0.028316318,0.067068909,-0.013904366
19.5005,0.288463,0.022367002,0.045952621,0.056882654,-0.71228929,0.059687694,0.69702634,0.027485395,0.059843736,0.00023461888
19.5105,0.28883523,0.022926414,0.045979601,0.057680678,-0.71401828,0.061335017,0.69504594,0.02730786,0.058062977,0.016729391
19.5205,0.2891963,0.023455393,0.046142599,0.058690861,-0.71510086,0.062782901,0.69371784,0.027242609,0.052157595,0.021125724
19.5305,0.28954334,0.023879301,0.046368005,0.060049407,-0.715821,0.06375423,0.69276964,0.023485507,0.019868394,0.013287152
19.5405,0.28975719,0.023590817,0.046330166,0.060503747,-0.71745325,0.063790389,0.69103612,0.01188194,-0.065518006,-0.022711706
19.5505,0.28982355,0.022649738,0.045948737,0.059604371,-0.719908,0.062918351,0.68863711,0.0036372253,-0.1169799,-0.053213272
19.5605,0.28978336,0.021312333,0.045301232,0.057844162,-0.72280269,0.061278089,0.68589746,-0.0014213514,-0.14871256,-0.07415218
19.5705,0.28969102,0.019673543,0.0444274,0.055475352,-0.72603039,0.05899535,0.68287767,-0.0018996223,-0.17847465,-0.0997976
19.5805,0.28963243,0.018136877,0.043470365,0.053347841,-0.72929571,0.056927735,0.67973598,0.0042734208,-0.10207379,-0.081257897
19.5905,0.28975347,0.017509386,0.042818219,0.053029027,-0.73183961,0.056790664,0.67703288,0.01273945,-0.036294763,-0.054868799
19.6005,0.28996053,0.017153612,0.042258371,0.053221786,-0.73406934,0.057178085,0.67456676,0.014961093,-0.058032367,-0.069513085
19.6105,0.29012669,0.016427453,0.041763418,0.052788105,-0.73599423,0.056838419,0.67252903,0.017088727,-0.074073727,-0.016294053
19.6205,0.29030044,0.015664691,0.041804897,0.05253217,-0.73663699,0.056690514,0.6718575,0.017669179,-0.080649882,0.018032829
19.6305,0.2904763,0.014814154,0.042056655,0.052453905,-0.73685661,0.056517987,0.67163729,0.018252716,-0.089318078,0.02889374
19.6405,0.29064819,0.013818231,0.042264663,0.052213113,-0.73722304,0.056083312,0.67129028,0.017146022,-0.12056336,-0.0048475697
19.6505,0.29078126,0.01258414,0.042184556,0.051337762,-0.73813762,0.054934297,0.67044725,0.018886726,-0.11436643,0.0054424389
19.6605,0.29095114,0.011506374,0.042304722,0.050973938,-0.73822078,0.054272377,0.67043736,0.018836548,-0.11483229,-0.00017036635
19.6705,0.2910833,0.010368425,0.042265492,0.050350927,-0.73810334,0.05320122,0.67069954,0.019022652,-0.10391924,0.0057452482
19.6805,0.29122184,0.0093477232,0.042286528,0.050000364,-0.73756764,0.052307842,0.67138501,0.017587367,-0.10363862,-0.0044603388
19.6905,0.2913557,0.0084120621,0.042318628,0.049771543,-0.7365731,0.051492086,0.67255589,0.017590239,-0.098148191,-0.0043579697
19.7005,0.29146739,0.007494421,0.042291357,0.049323109,-0.73528889,0.050520967,0.6740661,0.017678033,-0.087661581,-0.0011023679
19.7105,0.29156903,0.0066352008,0.042248638,0.048823906,-0.73384005,0.049591861,0.67574822,0.016207833,-0.087071744,-0.0078584812
19.7205,0.29166143,0.0058416238,0.042204526,0.048352324,-0.73211031,0.048657195,0.67772341,0.016283967,-0.076230369,-0.0036508647
19.7305,0.29173543,0.0050562974,0.042147528,0.047656003,-0.7301387,0.047521769,0.67997652,0.016212733,-0.073969779,-0.0042469384
19.7405,0.29183356,0.0045163198,0.042096704,0.047327903,-0.72807412,0.046486632,0.68228083,0.018874056,-0.023086113,-0.002059972
19.7505,0.29200433,0.0046122959,0.042035461,0.047233752,-0.72572907,0.045777388,0.68482897,0.027290894,0.034340496,-0.0088487851
19.7605,0.29224152,0.0052060929,0.041958029,0.047120043,-0.72310626,0.045187249,0.68764464,0.032954749,0.077856354,-0.0086984005
19.7705,0.29252348,0.006174981,0.041855292,0.046957576,-0.72041209,0.044703242,0.69050925,0.035983843,0.11137667,-0.013716085
19.7805,0.29286289,0.0074729617,0.041742195,0.046768245,-0.71775694,0.044341075,0.69330482,0.04401818,0.14366591,-0.0082854868
19.7905,0.29327956,0.0090560776,0.041630946,0.046579651,-0.71526664,0.044102151,0.69590155,0.050080461,0.16943279,-0.01186636
19.8005,0.2937551,0.010853478,0.041524805,0.046406369,-0.71299102,0.043991193,0.69825141,0.054430843,0.18868091,-0.013928226
19.8105,0.29427894,0.012812062,0.041410886,0.046218247,-0.71092759,0.044008425,0.70036354,0.054709751,0.20290011,-0.01767241
19.8205,0.29466193,0.014845392,0.04128112,0.046005071,-0.70869302,0.044096671,0.70263306,0.032988745,0.20228148,-0.0052353138
19.8305,0.29491002,0.01687915,0.04114692,0.045890711,-0.70636297,0.044123958,0.70498118,0.02637563,0.2012879,-0.0091770536
19.8405,0.29510337,0.01885447,0.041048354,0.045659521,-0.70406692,0.044243324,0.70728178,0.020979164,0.19289764,-0.0035399046
19.8505,0.29521639,0.020635813,0.040986314,0.04507427,-0.70193946,0.044457878,0.70941722,0.010465318,0.14619279,0.015906432
19.8605,0.29516748,0.021739669,0.041204582,0.043862401,-0.70043629,0.043730311,0.71102233,-0.0019081125,0.083022244,0.025335381
19.8705,0.29501852,0.02235145,0.041358775,0.042466555,-0.69946866,0.042431853,0.71213743,-0.0082689971,0.044168334,0.0027000242
19.8805,0.29482646,0.02261023,0.04142808,0.040839059,-0.69880713,0.041034867,0.71296347,-0.0091098021,0.013109995,0.010667174
19.8905,0.29464313,0.022653403,0.041504206,0.038978438,-0.6983886,0.03970215,0.71355293,-0.0075509443,-0.0025920403,0.0070055114
19.9005,0.29447775,0.022549566,0.041652594,0.037056557,-0.69787952,0.038251223,0.71423233,-0.004715234,-0.017453963,0.022890514
19.9105,0.29432104,0.022328084,0.041872857,0.035157148,-0.69708258,0.03665809,0.71518951,-0.003794878,-0.027098047,0.024294778
19.9205,0.29417234,0.022030029,0.042166942,0.033283608,-0.69610824,0.035079387,0.71630647,-0.0034673206,-0.032580174,0.02854122
19.9305,0.29402717,0.021636783,0.04254137,0.031317255,-0.69512831,0.033475827,0.71742263,-0.0014940621,-0.044812307,0.045272782
19.9405,0.29389255,0.02114334,0.0429942,0.029447738,-0.69421169,0.031625801,0.71847253,-0.00075899332,-0.053633575,0.050242775
19.9505,0.2937584,0.020589732,0.043493707,0.027540157,-0.69327625,0.029892101,0.71952488,-0.0010355752,-0.056338563,0.05890209
19.9605,0.29364239,0.019962424,0.044016388,0.025720019,-0.69252355,0.028008811,0.72039234,0.0023883094,-0.068851539,0.052349771
19.9705,0.29354763,0.019257246,0.044600879,0.023914065,-0.69194972,0.026004257,0.72108077,0.0026374254,-0.072567492,0.062861652
19.9805,0.29346756,0.018517236,0.045185231,0.022329732,-0.6914432,0.023907822,0.72168976,0.0030559018,-0.07347188,0.065667321
19.9905,0.29339177,0.017735438,0.045735762,0.020651101,-0.69126142,0.021907836,0.72197731,0.0036487009,-0.081588992,0.050238308
20.0005,0.29333294,0.016913846,0.046235175,0.018982084,-0.69151314,0.019881701,0.72184068,0.0044508645,-0.082523995,0.053743072
20.0105,0.29329712,0.01611113,0.046836694,0.017628633,-0.69203274,0.017694366,0.72143387,0.0061743969,-0.079453586,0.061980709
20.0205,0.29328243,0.015303688,0.047366765,0.016020652,-0.69304921,0.015812652,0.72053875,0.0069256803,-0.081522681,0.048369417
20.0305,0.29328683,0.014485485,0.04775753,0.01450441,-0.69466348,0.013864128,0.71905498,0.0080194355,-0.0831032,0.029649031
20.0405,0.2933108,0.013687341,0.048075139,0.012728549,-0.69653233,0.012357685,0.71730606,0.0087776164,-0.077649337,0.033589516
20.0505,0.29334906,0.012894491,0.04828331,0.011378755,-0.69865916,0.010547511,0.71528641,0.0095733063,-0.079883091,0.021974518
20.0605,0.29340826,0.012113904,0.048398108,0.0097906522,-0.7008953,0.009094269,0.71313899,0.011785077,-0.076410343,0.002865063
20.0705,0.29350982,0.011455369,0.04844842,0.0084224222,-0.70325386,0.0075620004,0.71084871,0.015727948,-0.057579735,0.0015330701
20.0805,0.29367126,0.011067307,0.048347412,0.0074175196,-0.70591842,0.0062588943,0.70822665,0.019609554,-0.028107962,-0.018909959
20.0905,0.29385518,0.010726202,0.04823454,0.0063447921,-0.70835709,0.0052033462,0.70580656,0.021072891,-0.034508601,-0.0071435515
20.1005,0.29404214,0.010502927,0.048070599,0.0054022422,-0.71068973,0.0043956266,0.70347111,0.016978156,-0.02217632,-0.012870108
20.1105,0.29417027,0.01031648,0.047918026,0.0045782217,-0.71292589,0.0033350279,0.70121651,0.013625557,-0.0033227174,-0.024246539
20.1205,0.29428404,0.010299526,0.04766961,0.003842335,-0.71513432,0.0027198138,0.69897121,0.0085309165,-0.0063344619,-0.022926956
20.1305,0.29434567,0.010251828,0.047428628,0.0030561617,-0.71717898,0.0019677377,0.69687954,0.0059275579,-0.002185108,-0.025111381
20.1405,0.29444513,0.010347713,0.047112463,0.002549539,-0.71925275,0.0015730644,0.69474205,0.01103758,0.012791155,-0.034051908
20.1505,0.29461077,0.010605934,0.046716395,0.0023977683,-0.72139431,0.001600599,0.69251855,0.0147156,0.03644695,-0.043279259
20.1605,0.29481954,0.01097756,0.046278031,0.0025160995,-0.72349895,0.0019450083,0.69031815,0.016552568,0.037058597,-0.043003462
20.1705,0.29507931,0.011449006,0.045769553,0.0028554104,-0.725643,0.0026429991,0.68806039,0.020797067,0.042214903,-0.050335228
20.1805,0.2953901,0.011967131,0.045224992,0.0034042216,-0.72782942,0.0034896228,0.68574089,0.025616296,0.079385551,-0.06386691
20.1905,0.29574258,0.01261708,0.044631984,0.0042340019,-0.73002387,0.0046838352,0.68339248,0.026586173,0.074030908,-0.061355096
20.2005,0.29609673,0.013212337,0.044009887,0.0050147004,-0.73221223,0.0058245222,0.68103317,0.027139856,0.065738892,-0.067730355
20.2105,0.29644584,0.013738541,0.043354813,0.0056778534,-0.73440423,0.0069069803,0.67865343,0.026411456,0.057153589,-0.067917268
20.2205,0.29678133,0.014218636,0.042699506,0.0062875001,-0.73652945,0.0079211955,0.67632987,0.023934932,0.041367845,-0.061097077
20.2305,0.29708291,0.014646402,0.042001286,0.0067453313,-0.73864884,0.0088486996,0.67399858,0.018661915,0.031273019,-0.062198323
20.2405,0.29730883,0.01497112,0.041710132,0.0069863044,-0.7398859,0.0091849868,0.6726334,0.01999191,0.038001188,-0.0055495758
20.2505,0.29752765,0.01535505,0.041763755,0.0069794608,-0.74020591,0.0094318405,0.67227787,0.023007514,0.044958447,0.015038549
20.2605,0.29777672,0.015904885,0.041961899,0.0069665017,-0.73993895,0.0096052802,0.67256937,0.026587451,0.063459589,0.023423949
20.2705,0.29804984,0.016609321,0.042194514,0.0069811354,-0.73918762,0.0097551393,0.67339273,0.029180633,0.079162694,0.019108397
20.2805,0.29839632,0.017639242,0.042105061,0.0076432694,-0.73872296,0.010729898,0.67388043,0.031131367,0.10313516,-0.0035644502
20.2905,0.29872893,0.018658594,0.042154813,0.0080674909,-0.7375373,0.0113525,0.67516277,0.033402681,0.11312398,-0.0017117454
20.3005,0.29909314,0.019850218,0.04208452,0.0088675168,-0.73611138,0.012412199,0.67668851,0.033490503,0.11154025,0.0050829807
20.3105,0.29944817,0.021036285,0.042039407,0.0096674772,-0.73446273,0.013393034,0.67844799,0.032678741,0.1141451,-0.00048509025
20.3205,0.29979299,0.022217474,0.041996025,0.010505556,-0.73246575,0.014406189,0.68057036,0.032601821,0.11833895,-0.0039047656
20.3305,0.30013954,0.023406047,0.041925411,0.011506479,-0.73024262,0.015575577,0.68291341,0.031948657,0.11607213,-0.0057572308
20.3405,0.30047277,0.024537774,0.04185571,0.012507557,-0.72795679,0.016682838,0.68530589,0.030985341,0.11160118,-0.0073576261
20.3505,0.30077821,0.025344019,0.041781558,0.013148869,-0.72551092,0.017698171,0.68785739,0.028746583,0.039520723,-0.0065979874
20.3605,0.30101288,0.025368123,0.041701845,0.013397983,-0.72284388,0.018265131,0.69064,0.023535705,-0.02645961,-0.0059350949
20.3705,0.30118367,0.024847504,0.041607281,0.013625821,-0.72006008,0.018628708,0.69352778,0.017829275,-0.073063516,-0.0068507737
20.3805,0.3013136,0.023867576,0.041499592,0.013876239,-0.71729353,0.018847705,0.69637792,0.015852813,-0.11864504,-0.0097442516
20.3905,0.30142518,0.022485451,0.04141035,0.014127872,-0.71458624,0.018914034,0.69914889,0.014763409,-0.15627487,-0.014727896
20.4005,0.30150035,0.020787911,0.041302802,0.014356181,-0.71197265,0.018783276,0.70180912,0.0052013088,-0.18283882,-0.020439745
20.4105,0.3014095,0.018885806,0.041172859,0.014686831,-0.70916046,0.018418839,0.70465345,-0.010150718,-0.19996385,-0.0179536
20.4205,0.30118618,0.016833001,0.041053542,0.015035811,-0.7062058,0.017880988,0.70762105,-0.020205619,-0.21248714,-0.013302848
20.4305,0.30091091,0.014785341,0.04105272,0.015486093,-0.70329123,0.017241912,0.71052399,-0.022637581,-0.18020696,0.019972635
20.4405,0.30064012,0.013208292,0.041380801,0.016455928,-0.70071717,0.017269349,0.71304027,-0.028790618,-0.15970432,0.0045030822
20.4505,0.3003465,0.011878533,0.04156605,0.017421263,-0.69868795,0.017583623,0.71499823,-0.029834863,-0.11394157,0.022406807
20.4605,0.30005209,0.010848206,0.041707813,0.018476389,-0.69699382,0.018085133,0.71661089,-0.031018695,-0.090727439,0.010764079
20.4705,0.29979061,0.010175151,0.041901321,0.01980545,-0.69534381,0.018826857,0.71815756,-0.027701132,-0.050519411,0.018977129
20.4805,0.29958605,0.0098265945,0.04214058,0.021430681,-0.69368338,0.019798457,0.7196889,-0.022457436,-0.02430434,0.0235862
20.4905,0.2994454,0.0096671644,0.042379831,0.023194588,-0.69217344,0.020907079,0.72105536,-0.017229689,-0.0099722588,0.021060168
20.5005,0.29937554,0.0096759115,0.042692912,0.025155587,-0.69054505,0.022173196,0.72251164,-0.010317434,0.0091913295,0.035700381
20.5105,0.29937032,0.0098489875,0.043106889,0.027285839,-0.68868993,0.023597479,0.72415801,-0.005261281,0.023470266,0.042268928
20.5205,0.29940751,0.010135598,0.043542592,0.029420292,-0.68680891,0.025129867,0.72580745,-0.0021355382,0.032540757,0.043603005
20.5305,0.29949136,0.010532237,0.044034778,0.031584712,-0.68505958,0.026840864,0.72730692,0.0019372191,0.045123362,0.048581804
20.5405,0.29961705,0.011024792,0.044578335,0.033776199,-0.68349811,0.028733167,0.72860408,0.0046348246,0.052889768,0.056675423
20.5505,0.29976755,0.011573367,0.045112092,0.035803199,-0.6820878,0.030850328,0.72974148,0.0060276499,0.05756115,0.051877139
20.5605,0.29994403,0.012188866,0.045597001,0.037620917,-0.68108916,0.033276287,0.73047581,0.0077917317,0.066915771,0.044456196
20.5705,0.30014516,0.012863389,0.046074082,0.039499154,-0.68052758,0.035710881,0.73078503,0.0090496582,0.068427294,0.057613087
20.5805,0.30039281,0.013366884,0.046623375,0.042019226,-0.68034581,0.037505938,0.7307238,0.0146382,0.037098666,0.047266057
20.5905,0.30070094,0.013687495,0.046947513,0.044140478,-0.68100882,0.03974418,0.72986232,0.018614528,0.035349536,0.02439838
20.6005,0.30104042,0.014079313,0.04715893,0.046032674,-0.68229101,0.04212074,0.72841322,0.020099231,0.043506113,0.02505178
20.6105,0.30139031,0.01452018,0.047446237,0.048051811,-0.68394201,0.044176383,0.72661048,0.020675559,0.046552363,0.031044112
20.6205,0.30175147,0.015009601,0.047685747,0.049818364,-0.686201,0.046299309,0.72422559,0.021294485,0.054638111,0.016953973
20.6305,0.30212487,0.015554322,0.047637325,0.051233033,-0.68918502,0.048462944,0.72114529,0.022231846,0.05879203,-0.0041130428
20.6405,0.30250485,0.016127105,0.047519884,0.052716446,-0.69252758,0.050253615,0.71770544,0.023161431,0.058849187,-0.014556965
20.6505,0.30289049,0.016727579,0.047331746,0.053875949,-0.69606049,0.052232976,0.71405104,0.023653485,0.065873416,-0.024103423
20.6605,0.30329923,0.017362825,0.047058341,0.055124117,-0.69969739,0.053989657,0.71026052,0.026757328,0.066322823,-0.029202299
20.6705,0.30371264,0.018012617,0.046666028,0.055872876,-0.70335836,0.055991983,0.70642065,0.027548644,0.067061969,-0.035483294
20.6805,0.30414083,0.018672146,0.046431708,0.057305318,-0.70670809,0.057262935,0.70285185,0.029759218,0.06957327,-0.020648717
20.6905,0.30456013,0.019349798,0.046091684,0.057906241,-0.70969288,0.059286383,0.69961991,0.028916563,0.070555173,-0.025944488
20.7005,0.30495947,0.019974367,0.045972962,0.058333916,-0.71200956,0.061440526,0.69703989,0.028171163,0.061135838,0.0039080609
20.7105,0.30534043,0.020544401,0.046051156,0.059047038,-0.71365789,0.063263533,0.69512847,0.027543003,0.056245631,0.0070524857
20.7205,0.30570785,0.021073261,0.046231661,0.0600019,-0.71470076,0.064786467,0.69383377,0.027693334,0.051198946,0.01773955
20.7305,0.30605432,0.021430097,0.046443429,0.061386069,-0.71552791,0.065616972,0.69278133,0.022464992,0.0023765729,0.0053809262
20.7405,0.30624374,0.021008007,0.046337382,0.061765827,-0.71735052,0.065294376,0.69089063,0.010033093,-0.076572212,-0.030155941
20.7505,0.30628435,0.019980085,0.045890145,0.060772893,-0.71994158,0.064197666,0.68838175,0.0017358781,-0.12433053,-0.059816411
20.7605,0.30622352,0.018583725,0.045191831,0.058922376,-0.72293081,0.062412178,0.68556832,-0.0031725097,-0.15367572,-0.079917705
20.7705,0.30611175,0.01690523,0.044266388,0.056477171,-0.7262409,0.06003284,0.68248117,-0.0033422447,-0.1818666,-0.10453398
20.7805,0.30612351,0.015792532,0.043438433,0.055212043,-0.72925083,0.058916129,0.67946578,0.0072587197,-0.066540451,-0.068877661
20.7905,0.30629617,0.015385984,0.042872524,0.055309666,-0.73160602,0.059256191,0.67689156,0.015709869,-0.021954584,-0.048664601
20.8005,0.306476,0.014822709,0.042220525,0.055055945,-0.73397914,0.05916531,0.6743463,0.013041509,-0.087583775,-0.082237984
20.8105,0.30664455,0.014153556,0.041730919,0.054480982,-0.73586454,0.058756976,0.67237104,0.018831454,-0.058432668,-0.016496624
20.8205,0.30683555,0.013489825,0.041768378,0.054147369,-0.73649828,0.058666219,0.6717117,0.019182869,-0.073044409,0.017577455
20.8305,0.30702241,0.012690398,0.04201558,0.054024864,-0.73672083,0.058531609,0.67148923,0.018901271,-0.08628517,0.029133553
20.8405,0.30719583,0.01172385,0.042245406,0.053836436,-0.73704678,0.058123756,0.67118202,0.016942611,-0.1179891,-0.0010063829
20.8505,0.30732098,0.010477416,0.042169055,0.052953987,-0.73797173,0.056934916,0.67033724,0.018025008,-0.11712075,0.0047186016
20.8605,0.30748131,0.0093696742,0.042289841,0.05257913,-0.73807044,0.056229297,0.67031764,0.017891688,-0.1183728,0.0001173377
20.8705,0.30760291,0.0081944711,0.042261029,0.051941723,-0.73795009,0.05511899,0.670592,0.018122015,-0.10770511,0.0068019534
20.8805,0.30772758,0.0071197159,0.042271255,0.051492844,-0.7374557,0.054171321,0.67124738,0.016803981,-0.10601352,-0.0013734644
20.8905,0.30784206,0.0061087599,0.042295738,0.051202765,-0.73648911,0.05314738,0.67241164,0.015984728,-0.10923518,-0.0090662109
20.9005,0.3079428,0.0051447079,0.04228306,0.05075942,-0.73518411,0.052115524,0.67395235,0.015952021,-0.10109739,-0.0090358089
20.9105,0.30803543,0.0042415025,0.042239807,0.050168947,-0.73375549,0.051159867,0.67562462,0.016062429,-0.088177896,-0.0053309506
20.9205,0.30811402,0.0033780593,0.042184324,0.049460681,-0.73205308,0.050122385,0.67759847,0.01562103,-0.088015468,-0.0066442146
20.9305,0.30818184,0.0025587636,0.042131968,0.048782557,-0.73006912,0.048953662,0.67986975,0.015472625,-0.082261648,-0.0057114048
20.9405,0.30826967,0.0019740439,0.042086781,0.048384603,-0.72799203,0.047834094,0.68220117,0.018426273,-0.027724097,-0.00432794
20.9505,0.30843328,0.0020363332,0.042024388,0.048266689,-0.72564005,0.047062844,0.68476414,0.026942781,0.031993835,-0.0067726587
20.9605,0.30866686,0.0026052556,0.041937212,0.048150495,-0.72302611,0.046428164,0.68757487,0.03281451,0.075425771,-0.010902234
20.9705,0.30895033,0.0035549349,0.041850159,0.048008517,-0.72031009,0.045921602,0.69046344,0.036927235,0.109401,-0.010749773
20.9805,0.30929817,0.0048356416,0.041738831,0.047829725,-0.71767192,0.045530468,0.69324333,0.044720637,0.1424627,-0.012075187
20.9905,0.30972182,0.0064031765,0.041629743,0.04764774,-0.71518769,0.045268828,0.69583547,0.050855213,0.16866638,-0.016105348
21.0005,0.31020484,0.0081861071,0.041524783,0.047478684,-0.7129185,0.045140103,0.69818004,0.055215699,0.18668665,-0.011113233
21.0105,0.31072443,0.010130053,0.041408738,0.047288576,-0.71082728,0.045144383,0.70032161,0.053213321,0.19873163,-0.0056447562
21.0205,0.3111047,0.012148111,0.04127822,0.047069237,-0.70856725,0.045230415,0.70261735,0.03441963,0.20414403,-0.019686682
21.0305,0.31136075,0.014169559,0.041138461,0.046963486,-0.70624057,0.045250886,0.70496174,0.027722446,0.2009607,-0.013473138
21.0405,0.31156728,0.016133001,0.0410393,0.046752746,-0.70395891,0.045347872,0.70724791,0.022969853,0.19019724,0.0026977834
21.0505,0.31170191,0.017925204,0.040939663,0.046356071,-0.70190169,0.045589363,0.70930018,0.011205214,0.15038516,0.007417623
21.0605,0.31167904,0.019068746,0.041112526,0.045409856,-0.70047359,0.045084023,0.71080386,-0.00097690186,0.086167894,0.023148799
21.0705,0.31154497,0.019668545,0.041347139,0.044097243,-0.69948532,0.043893921,0.71193332,-0.0069182112,0.038585314,0.024146289
21.0805,0.31136338,0.019934603,0.04142254,0.042426459,-0.69881949,0.042666674,0.71276285,-0.0091740236,0.01334003,0.007970171
21.0905,0.31118219,0.019979487,0.041482965,0.040635747,-0.69841866,0.04133574,0.71333826,-0.0075481371,-0.0026073979,0.0059138486
21.1005,0.31101718,0.019875824,0.041625621,0.038736306,-0.69791834,0.039879793,0.71401617,-0.0047677831,-0.017523823,0.022568846
21.1105,0.3108619,0.019645269,0.041852986,0.036781927,-0.69712169,0.038309778,0.71498308,-0.0032988525,-0.028444376,0.028361973
21.1205,0.31070989,0.019340859,0.042148805,0.034885969,-0.69613288,0.036711826,0.71612445,-0.0033036529,-0.033030192,0.03472707
21.1305,0.31056734,0.018935988,0.042522399,0.032935826,-0.69515142,0.035024547,0.7172538,-0.0011121833,-0.047084979,0.041246623
21.1405,0.31043438,0.01842737,0.042975212,0.030974719,-0.69423646,0.033193332,0.71831365,-0.00094754216,-0.054912935,0.048517532
21.1505,0.31030958,0.017862359,0.043483455,0.029118426,-0.69329806,0.031331899,0.71938044,-0.00019560511,-0.058445982,0.05498959
21.1605,0.31019971,0.017228357,0.044020399,0.027298858,-0.6925411,0.029372513,0.72026304,0.00257656,-0.067747071,0.061042507
21.1705,0.31011105,0.01651888,0.044579463,0.025542756,-0.69199285,0.027251416,0.72093746,0.0034619311,-0.074951729,0.048389916
21.1805,0.31002777,0.015784835,0.045162537,0.023782669,-0.69146884,0.025284562,0.72157184,0.0031755255,-0.074421398,0.058518698
21.1905,0.30995533,0.015011773,0.045723752,0.022081291,-0.69127736,0.023258558,0.72187746,0.0041228739,-0.080579989,0.053050895
21.2005,0.30989839,0.014196013,0.046212204,0.020412156,-0.69154426,0.021195987,0.72173445,0.0047723552,-0.08252204,0.049223428
21.2105,0.30986198,0.013399425,0.046793553,0.018929856,-0.69206192,0.019102063,0.721337,0.0064768991,-0.079496609,0.058541098
21.2205,0.30984851,0.012602147,0.047362722,0.017450629,-0.69309099,0.017045227,0.72043724,0.0071200951,-0.082409495,0.040738112
21.2305,0.30985258,0.011785117,0.047741324,0.015706539,-0.69468539,0.015293756,0.71897957,0.0082134339,-0.083569581,0.02313001
21.2405,0.30987837,0.010982854,0.048038902,0.014154541,-0.6966119,0.013533634,0.71718084,0.0090290734,-0.078130057,0.024573712
21.2505,0.30992022,0.01018236,0.048256877,0.012729687,-0.69875546,0.011736832,0.71515103,0.01015042,-0.079891174,0.023651587
21.2605,0.30998463,0.00939929,0.048356886,0.011026005,-0.70101499,0.010370568,0.71298587,0.012697026,-0.076373604,0.012195797
21.2705,0.31008555,0.0087030341,0.048428047,0.0098166304,-0.70337565,0.0085959271,0.71069856,0.01620175,-0.060371617,0.0039201249
21.2805,0.31024727,0.0082352812,0.048364821,0.0086141102,-0.70595849,0.0071882715,0.70816434,0.021946962,-0.030716905,-0.030693648
21.2905,0.3104668,0.0079248567,0.048099413,0.0073455015,-0.70859762,0.0063307444,0.70554616,0.022787805,-0.032189156,-0.021011831
21.3005,0.31064935,0.0076123139,0.047986561,0.0061348688,-0.71087472,0.0052282739,0.70327246,0.018339872,-0.029550824,-0.0052313671
21.3105,0.3107696,0.0073449631,0.047935357,0.0052394891,-0.71292354,0.0038583589,0.70121158,0.012535329,-0.023771036,-0.011971476
21.3205,0.31090016,0.0073855,0.047701609,0.0046411393,-0.71511418,0.0032985804,0.69898447,0.011874346,0.025076848,-0.032260007
21.3305,0.31099888,0.0074920078,0.047412862,0.0040873356,-0.71722941,0.0029253028,0.69681899,0.0068013893,0.0019069234,-0.025739231
21.3405,0.31109346,0.0075114967,0.047123262,0.0033956523,-0.7192506,0.0024344443,0.69473817,0.011703707,0.019760892,-0.036400356
21.3505,0.31127903,0.0078916398,0.046679081,0.0033851651,-0.72144297,0.0027906178,0.69245996,0.014569859,0.029147295,-0.040846563
21.3605,0.3114789,0.008189898,0.04626531,0.0034144161,-0.72350469,0.0029745265,0.69030462,0.016593071,0.034063391,-0.042824123
21.3705,0.31172896,0.0085505626,0.045806976,0.0036672222,-0.72559746,0.0033515912,0.68810147,0.022540323,0.061494906,-0.056107518
21.3805,0.31205323,0.0091384892,0.045240405,0.0043338741,-0.72782275,0.0043395186,0.68573788,0.025248352,0.067007681,-0.059693034
21.3905,0.31241749,0.0098361614,0.044626161,0.0051996319,-0.7300264,0.0056859543,0.68337551,0.026377855,0.064555373,-0.0591126
21.4005,0.31278243,0.010450805,0.043992761,0.0059746557,-0.73221554,0.0069216056,0.6810116,0.027782196,0.0695672,-0.069559985
21.4105,0.3131273,0.010937591,0.043363253,0.0066350972,-0.73438561,0.0078694824,0.67865442,0.025417621,0.043573931,-0.06100775
21.4205,0.31347564,0.011468414,0.04268967,0.0073107452,-0.73652872,0.0090257708,0.67630654,0.025515677,0.054656675,-0.068003768
21.4305,0.31377062,0.01187294,0.042020894,0.0077573432,-0.73861954,0.0098737157,0.67400557,0.018821714,0.032137277,-0.056326599
21.4405,0.31400091,0.012214561,0.041758998,0.007927228,-0.73975123,0.010271466,0.67275536,0.021129758,0.039771331,-0.0048441651
21.4505,0.3142351,0.012635857,0.041823855,0.0079805657,-0.740105,0.010470561,0.67236245,0.023098018,0.046563437,0.014723827
21.4605,0.31448829,0.013197938,0.042019661,0.0080468903,-0.73984999,0.010575282,0.67264061,0.027146882,0.064415608,0.022598411
21.4705,0.3147734,0.013942247,0.042201267,0.0081734146,-0.7391885,0.010826798,0.67336196,0.030542605,0.096073604,-0.0025143769
21.4805,0.31512801,0.014986773,0.042097206,0.0088443402,-0.73873964,0.011844102,0.67382879,0.031844372,0.098882751,0.0031799368
21.4905,0.3154709,0.016021663,0.042137441,0.0093011866,-0.73756636,0.012550819,0.67509395,0.034303348,0.12401153,-0.013245848
21.5005,0.31583402,0.017184723,0.042106034,0.010006394,-0.73606419,0.013529524,0.67670255,0.03424234,0.11546498,0.0005297352
21.5105,0.31619525,0.018372616,0.04204842,0.010765983,-0.73442436,0.014589828,0.67844829,0.03331542,0.10977515,0.0058295319
21.5205,0.31654752,0.019562416,0.041995078,0.011637546,-0.73246868,0.015689811,0.68052041,0.032217962,0.11201006,0.00013551001
21.5305,0.31689275,0.02073925,0.041927793,0.012671627,-0.73023867,0.016775901,0.68286857,0.032608798,0.11772085,-0.006827721
21.5405,0.31723026,0.021869537,0.04185322,0.013683792,-0.72794925,0.017901422,0.68526066,0.031122938,0.10910347,-0.0061755462
21.5505,0.31752638,0.02262975,0.041779751,0.014286986,-0.72548667,0.018823291,0.6878304,0.027997632,0.034200781,-0.0032650871
21.5605,0.31775503,0.022619663,0.041693494,0.014535607,-0.72281518,0.019371332,0.69061689,0.02304294,-0.029386607,-0.0062758903
21.5705,0.31792028,0.022071333,0.041599647,0.014753712,-0.7200224,0.019722891,0.69351357,0.01749698,-0.075599477,-0.012018888
21.5805,0.31804331,0.021073424,0.041514934,0.014998636,-0.71721557,0.019930425,0.6964048,0.015414276,-0.12000523,-0.0043404577
21.5905,0.31814791,0.01967166,0.041404159,0.015239138,-0.71453626,0.019989752,0.6991467,0.014190737,-0.15592561,-0.0071194569
21.6005,0.31821714,0.017963714,0.041304686,0.015465043,-0.71191222,0.019854461,0.70181737,0.0041753864,-0.17933558,-0.004539123
21.6105,0.31812126,0.01605424,0.04116716,0.015795417,-0.70911026,0.019492477,0.70465111,-0.010489944,-0.19821079,-0.0098031257
21.6205,0.31789524,0.013995586,0.04104548,0.016141719,-0.70616116,0.018950411,0.70761341,-0.020541412,-0.21301296,-0.013474157
21.6305,0.31761268,0.01194306,0.041049964,0.016547999,-0.70323527,0.018291974,0.71052918,-0.02333268,-0.18055246,0.021373007
21.6405,0.31733337,0.010364901,0.041385773,0.017458354,-0.70064197,0.018299864,0.71306462,-0.029348657,-0.15961815,0.0051652281
21.6505,0.3170336,0.0090369645,0.041574943,0.01840118,-0.69860239,0.018592038,0.71503177,-0.030238675,-0.11368833,0.022633475
21.6605,0.31673172,0.0079957803,0.041695548,0.0194312,-0.69691902,0.019057864,0.71663318,-0.030615207,-0.085286671,0.020689303
21.6705,0.31646748,0.0073259531,0.041891108,0.020763148,-0.69526404,0.019786164,0.71818195,-0.027699165,-0.049478903,0.021076655
21.6805,0.316264,0.006986717,0.042149578,0.022407499,-0.69358952,0.020758151,0.71972258,-0.023140547,-0.026568592,0.016677437
21.6905,0.31612197,0.0068230404,0.042377013,0.024168882,-0.69208702,0.021858481,0.7210781,-0.017042254,-0.0094852805,0.022832078
21.7005,0.31605466,0.0068368858,0.042711839,0.0261825,-0.69045525,0.023089627,0.72253228,-0.010217413,0.0092722022,0.036030662
21.7105,0.31605008,0.0070093569,0.043121984,0.028319811,-0.68859505,0.024513085,0.72417812,-0.0050650268,0.023664541,0.043080849
21.7205,0.31608882,0.007296664,0.043565433,0.030478802,-0.68670455,0.026034886,0.72583062,-0.0020685979,0.032511587,0.044206031
21.7305,0.31617313,0.0076922407,0.044063879,0.032690692,-0.68495004,0.027709409,0.72732864,0.0020459891,0.044995656,0.049311026
21.7405,0.31629973,0.0081828976,0.044611074,0.03491294,-0.68337962,0.029585924,0.72862751,0.004733524,0.052665091,0.057685515
21.7505,0.31645091,0.008728789,0.045152079,0.036986887,-0.68196086,0.03167125,0.72976592,0.0061688662,0.057243774,0.053095469
21.7605,0.31662866,0.0093415278,0.045643783,0.03884011,-0.68095165,0.03407782,0.73050325,0.0079737876,0.066677677,0.045687812
21.7705,0.31683068,0.010019354,0.046069426,0.040465943,-0.68041137,0.03679834,0.73078639,0.0090925683,0.070220795,0.050792443
21.7805,0.31708834,0.01052171,0.04655566,0.042743572,-0.68028374,0.038867297,0.73066842,0.017072279,0.038522608,0.045324612
21.7905,0.31742996,0.01084634,0.046936911,0.045162175,-0.68093415,0.040827529,0.72980968,0.022601488,0.034289302,0.032016513
21.8005,0.31780753,0.011235033,0.047170157,0.047143027,-0.68220738,0.043127445,0.72836162,0.02366489,0.044921752,0.024983744
21.8105,0.31819331,0.011688536,0.047446694,0.048977568,-0.68386198,0.045391625,0.7265491,0.024146401,0.048815446,0.030675002
21.8205,0.31859429,0.01218879,0.04768899,0.051017518,-0.68611571,0.047216746,0.72416367,0.025924979,0.053300503,0.013745793
21.8305,0.31901266,0.012741223,0.047736746,0.052712429,-0.68904907,0.049162026,0.72112126,0.026418046,0.059086235,-0.01184289
21.8405,0.31943192,0.013334175,0.047527733,0.053681684,-0.69241307,0.051539466,0.71765319,0.026709189,0.063845901,-0.026489766
21.8505,0.31986239,0.013944872,0.047328353,0.054981964,-0.69595185,0.053391697,0.71398693,0.028945037,0.063593852,-0.016365295
21.8605,0.32030122,0.014574313,0.047046309,0.056154964,-0.69959788,0.055186645,0.71018579,0.02917032,0.067415522,-0.032807354
21.8705,0.32074344,0.015214112,0.046706121,0.057159126,-0.70324887,0.056907423,0.7063536,0.031008521,0.065803721,-0.030192355
21.8805,0.32118586,0.015882681,0.046362122,0.057923754,-0.70667155,0.058789224,0.70271188,0.030821398,0.071425962,-0.022824853
21.8905,0.32161937,0.01654849,0.04607973,0.058689128,-0.70971185,0.060566623,0.69942574,0.031324946,0.067960376,-0.013773192
21.9005,0.32203789,0.017160217,0.045947912,0.059400444,-0.71210479,0.062284628,0.69677756,0.03045701,0.060520856,-2.9760003e-05
21.9105,0.32243918,0.017726711,0.045978199,0.060180806,-0.7138157,0.063929211,0.69480823,0.030311721,0.058686119,0.016528618
21.9205,0.32282925,0.018260643,0.046143185,0.06116683,-0.71488692,0.065373445,0.69348513,0.030197026,0.052498668,0.020596758
21.9305,0.32320429,0.018682457,0.046373173,0.062511604,-0.71560337,0.066307992,0.6925369,0.026046466,0.016477823,0.011196038
21.9405,0.32342784,0.018365543,0.046324228,0.062931102,-0.71725682,0.066223946,0.69079427,0.012427837,-0.0681255,-0.023607983
21.9505,0.32349113,0.01740258,0.045937565,0.061975577,-0.71972871,0.065292142,0.68839418,0.0032471038,-0.11897943,-0.05356929
21.9605,0.32344167,0.016048308,0.045286617,0.060156446,-0.72263875,0.063619846,0.68565805,-0.002457146,-0.15026077,-0.074866996
21.9705,0.32333723,0.014395958,0.044412267,0.057732248,-0.72587845,0.06131821,0.68264745,-0.0030343155,-0.17978922,-0.09975102
21.9805,0.32327657,0.012897822,0.04347167,0.055655659,-0.72912038,0.059350217,0.6795318,0.0042115293,-0.097180317,-0.079271976
21.9905,0.32340216,0.01230029,0.042831639,0.055373091,-0.73163862,0.05928979,0.67684818,0.013093827,-0.034461329,-0.054227744
22.0005,0.32360228,0.011903921,0.042250488,0.055463126,-0.73390161,0.059592485,0.6743597,0.014057282,-0.065749865,-0.073267353
22.0105,0.32375674,0.011135372,0.041768538,0.054966153,-0.73579721,0.059183701,0.67236782,0.016425616,-0.077589198,-0.014823019
22.0205,0.32392926,0.010336174,0.041826369,0.054590171,-0.73642979,0.059106974,0.67171232,0.017627989,-0.083105911,0.018977497
22.0305,0.32410253,0.0094760214,0.042075188,0.054456131,-0.73662386,0.058972772,0.67152218,0.017745199,-0.089940748,0.028775562
22.0405,0.3242548,0.0084300232,0.042222049,0.054111481,-0.73709138,0.058348082,0.67109146,0.015691324,-0.12827369,-0.01393878
22.0505,0.32438895,0.0072304953,0.042206002,0.05339444,-0.73787099,0.057319229,0.67038044,0.018466397,-0.11087282,0.011601634
22.0605,0.32453528,0.00609326,0.042256741,0.052881308,-0.73810342,0.056432747,0.67024045,0.017616693,-0.11713354,-0.0023065178
22.0705,0.32467282,0.00499886,0.042285123,0.052432045,-0.73785402,0.055517171,0.6706267,0.017160591,-0.11323344,-0.0067569938
22.0805,0.3248033,0.0039729537,0.042298327,0.05203609,-0.73734451,0.054630998,0.67129037,0.017124455,-0.1014684,-0.0022288233
22.0905,0.32492498,0.0030141875,0.042309612,0.051790907,-0.73639821,0.053683566,0.67242356,0.01711939,-0.095380218,-0.0013411905
22.1005,0.32503084,0.0020951083,0.042289925,0.051395497,-0.73510108,0.052668543,0.67395172,0.016930215,-0.091058306,-0.004354238
22.1105,0.32513197,0.001251942,0.04225788,0.0509512,-0.73365566,0.051756476,0.67562905,0.016094682,-0.086482424,-0.0083393448
22.1205,0.32521609,0.00043990493,0.04219453,0.050230094,-0.73195601,0.05084045,0.67759323,0.015890415,-0.083514001,-0.0069070168
22.1305,0.32528148,-0.000367451,0.042130749,0.04944194,-0.72999986,0.049617258,0.67984838,0.015537929,-0.079965627,-0.0062555529
22.1405,0.32537741,-0.00090786015,0.042091605,0.049134905,-0.72791532,0.048544866,0.68217919,0.019058149,-0.024601432,-0.0039723602
22.1505,0.32554623,-0.00081834323,0.042032499,0.049047031,-0.72556045,0.04779007,0.68474268,0.027265785,0.034084275,-0.0071823348
22.1605,0.32578327,-0.00023055608,0.041953664,0.048941482,-0.72293309,0.047169838,0.68756635,0.033160015,0.077460402,-0.0067460586
22.1705,0.32606989,0.00073331872,0.041853318,0.048793834,-0.72023796,0.046668303,0.69043356,0.037218038,0.11051421,-0.0053420495
22.1805,0.3264254,0.0020252245,0.041744399,0.048618667,-0.71761194,0.046285959,0.6932005,0.045505536,0.14292559,-0.0061705263
22.1905,0.3268572,0.003602249,0.041638472,0.048438587,-0.71513673,0.04603257,0.69578313,0.051345449,0.16757118,-0.0034166474
22.2005,0.32734433,0.0053947756,0.041528804,0.048270223,-0.71286988,0.045912792,0.69812501,0.055192984,0.18621627,-0.0054359253
22.2105,0.32786619,0.00734613,0.041405208,0.048084969,-0.71077623,0.045911835,0.7002693,0.055405817,0.20307908,-0.022986232
22.2205,0.32825753,0.0093682898,0.041282628,0.047882981,-0.70851478,0.045976676,0.70256684,0.033899872,0.20023836,-0.00084760102
22.2305,0.32851971,0.011393938,0.041143555,0.04775475,-0.70619869,0.04601703,0.70490094,0.028282329,0.20150635,-0.013511338
22.2405,0.32873247,0.013364829,0.041033621,0.047539428,-0.70394153,0.046125578,0.70716247,0.02483315,0.19661098,-0.024458931
22.2505,0.32886158,0.015132238,0.041008682,0.04696164,-0.70177695,0.046262904,0.70934015,0.011897949,0.14440504,0.018576253
22.2605,0.32881881,0.01621961,0.041241018,0.045739739,-0.70025083,0.045456854,0.71097843,-0.00042097373,0.081961299,0.024433831
22.2705,0.32868381,0.016856123,0.04133449,0.044400728,-0.69930763,0.044126637,0.71207461,-0.0072100066,0.044759015,0.0029672969
22.2805,0.32849753,0.017115202,0.041401481,0.042659693,-0.69863341,0.042837037,0.7129211,-0.0091668469,0.012096966,0.010114856
22.2905,0.32831448,0.017152815,0.04147988,0.040831329,-0.69821865,0.041476926,0.71351467,-0.0075012793,-0.0029973926,0.007461318
22.3005,0.32814919,0.017047377,0.041635488,0.038925664,-0.69771132,0.040021484,0.71420024,-0.0047981422,-0.017532801,0.023677312
22.3105,0.32799173,0.016823397,0.041892302,0.036961883,-0.69690138,0.038497647,0.71517845,-0.0044343878,-0.026906234,0.022474038
22.3205,0.32783786,0.016525855,0.042180326,0.035112372,-0.69592494,0.036918173,0.71630486,-0.0036484359,-0.03260893,0.035127463
22.3305,0.32768896,0.016129136,0.042550489,0.033206009,-0.6949557,0.035274912,0.71741872,-0.0022547028,-0.045850981,0.044115992
22.3405,0.32755011,0.015630948,0.04301175,0.03129568,-0.69403302,0.03348382,0.71848283,-0.0011024526,-0.053952889,0.051088168
22.3505,0.32741691,0.015070624,0.043512338,0.0294888,-0.69312322,0.031664445,0.71951927,-0.001100849,-0.057655802,0.05476524
22.3605,0.3272979,0.014440023,0.044051443,0.027680617,-0.69237167,0.029783683,0.72039447,0.00052817957,-0.068233798,0.056974433
22.3705,0.32719959,0.013726233,0.044617551,0.02589211,-0.69182453,0.027773917,0.72106659,0.0025410592,-0.074161268,0.056862826
22.3805,0.32711326,0.012982349,0.045176585,0.024265865,-0.69134027,0.025734119,0.72166304,0.0023348752,-0.074867179,0.058617578
22.3905,0.32703355,0.012203011,0.045736542,0.022632052,-0.69116867,0.023704769,0.72194996,0.003275036,-0.081422306,0.053642311
22.4005,0.32696519,0.011372887,0.046225134,0.020965766,-0.69144396,0.021674511,0.72180046,0.0040627093,-0.084264746,0.049998148
22.4105,0.32692263,0.010571365,0.046837284,0.019639485,-0.691974,0.019465974,0.72139264,0.0054850427,-0.078846223,0.064104195
22.4205,0.32689851,0.0097684468,0.047382238,0.017907253,-0.69296917,0.01772209,0.72052689,0.0062739307,-0.080975114,0.050506004
22.4305,0.3268947,0.0089543917,0.04778081,0.016286525,-0.69457301,0.015890575,0.71906229,0.0072691347,-0.083533939,0.026548294
22.4405,0.32691244,0.0081484128,0.048063916,0.014848646,-0.69651702,0.01405842,0.71724885,0.0081453378,-0.078454536,0.030480507
22.4505,0.32694429,0.0073597425,0.048254468,0.013313032,-0.69866348,0.012473437,0.71521781,0.0085236408,-0.079028288,0.017580305
22.4605,0.32699402,0.0065819977,0.048377969,0.011724653,-0.70091919,0.011026415,0.71305907,0.010303036,-0.077057645,0.0068789353
22.4705,0.32707974,0.0059067214,0.048434973,0.010473254,-0.70328993,0.0093801737,0.71076409,0.01556991,-0.059648963,0.004570908
22.4805,0.32723739,0.0054685839,0.048368992,0.0094145624,-0.70590093,0.0079830047,0.70820301,0.020023903,-0.024717766,-0.02665637
22.4905,0.32744867,0.0051712622,0.048196149,0.0082859207,-0.70842115,0.0070661416,0.70570595,0.024658367,-0.033614048,-0.0043008242
22.5005,0.32764942,0.0049212873,0.048059046,0.0071202248,-0.71065168,0.0063278476,0.70347953,0.018650767,-0.010891477,-0.027165592
22.5105,0.32779537,0.0047698942,0.047819572,0.0063365598,-0.71301475,0.0054559153,0.70109917,0.012170275,-0.016740626,-0.023388764
22.5205,0.32787339,0.0046113746,0.047605504,0.005429294,-0.71521387,0.0044490033,0.69887041,0.0072058896,-0.014504044,-0.021777169
22.5305,0.32791521,0.0044812066,0.047390627,0.0044931305,-0.71723221,0.0035022715,0.69681095,0.0051842052,-0.012026674,-0.021317978
22.5405,0.32799026,0.0044277879,0.047130617,0.0037177885,-0.71921959,0.0027893043,0.69476728,0.011021474,0.016598925,-0.034754078
22.5505,0.32817099,0.0048050368,0.046691136,0.0037056423,-0.72140026,0.0031197745,0.69250141,0.013960632,0.031176348,-0.040611374
22.5605,0.32836431,0.0050941069,0.046291123,0.0036906496,-0.72343984,0.0032834122,0.69036975,0.016797397,0.049721069,-0.046539888
22.5705,0.32862817,0.005578784,0.045802632,0.0041548141,-0.72558043,0.0039068377,0.68811373,0.020944877,0.035369,-0.046685798
22.5805,0.32894714,0.0061316801,0.045254073,0.0047797338,-0.7277681,0.0048180308,0.68578972,0.024633941,0.055610607,-0.055060176
22.5905,0.32930818,0.006807244,0.044654748,0.0056166494,-0.72995405,0.0061086617,0.68344584,0.027322145,0.075944625,-0.060686777
22.6005,0.32967191,0.0074192509,0.044029514,0.0063881585,-0.73212342,0.0073308081,0.68110259,0.025311276,0.039135408,-0.056544241
22.6105,0.33003465,0.0079728569,0.043368645,0.0071001959,-0.73432216,0.0084832718,0.67871098,0.026629178,0.055028986,-0.065984743
22.6205,0.33037771,0.0084763519,0.042711711,0.0077693198,-0.73645637,0.009539071,0.67637316,0.024628182,0.049734042,-0.067312443
22.6305,0.33067564,0.0088947629,0.042029654,0.0082519838,-0.73856313,0.010418681,0.67405331,0.019436862,0.036536964,-0.061650787
22.6405,0.33090745,0.0092465714,0.041731646,0.008457237,-0.73974334,0.010887285,0.6727479,0.020275825,0.039198693,-0.0070345182
22.6505,0.33114221,0.0096893746,0.041805811,0.0085997283,-0.74009354,0.01104553,0.67235823,0.022537371,0.047798648,0.016941358
22.6605,0.33139236,0.010260848,0.042012771,0.0086594552,-0.73978728,0.011169543,0.67269237,0.027068183,0.065188892,0.02332
22.6705,0.33168158,0.011014663,0.042197672,0.008775865,-0.73910847,0.011437354,0.67343213,0.030856359,0.097098643,-0.0028007513
22.6805,0.33204275,0.012071334,0.042093201,0.0094471383,-0.73865894,0.012467008,0.67389784,0.032200917,0.099862995,0.0032473352
22.6905,0.33239046,0.013117022,0.042133727,0.0099075516,-0.73748741,0.013179459,0.67515959,0.034728137,0.12524591,-0.01362557
22.7005,0.33275898,0.014292163,0.042101617,0.010618744,-0.73599572,0.014165395,0.67675467,0.034577439,0.11658849,0.00061444143
22.7105,0.33312599,0.015492899,0.042042961,0.011413045,-0.73437471,0.01522219,0.67847757,0.033975821,0.12248686,-0.0087956426
22.7205,0.33347384,0.016661985,0.041996587,0.012150737,-0.73241125,0.016228164,0.68056063,0.032915015,0.11563685,-0.0028040817
22.7305,0.33382652,0.017852953,0.041916243,0.013220426,-0.73021911,0.017329641,0.68286525,0.032753125,0.1172971,-0.0065041527
22.7405,0.33416192,0.018977647,0.041848992,0.014167611,-0.72791006,0.018400668,0.68527924,0.031448143,0.11001061,-0.0062584312
22.7505,0.33446119,0.01976364,0.041769718,0.014758221,-0.725448,0.019304025,0.68784791,0.028470163,0.03787332,-0.0042031723
22.7605,0.33469024,0.019778467,0.04169551,0.01498126,-0.72276236,0.019823438,0.69064981,0.023196523,-0.026608628,-0.0092519794
22.7705,0.33485741,0.019253759,0.041606499,0.015195735,-0.71996797,0.020173,0.69354759,0.017897397,-0.07340563,-0.0048243555
22.7805,0.33498608,0.018270721,0.041505289,0.015441803,-0.71718667,0.020390191,0.69641157,0.015784186,-0.1198574,-0.014662526
22.7905,0.33509276,0.016885412,0.041413374,0.015691381,-0.71447683,0.020455205,0.69918397,0.013804022,-0.15600966,-0.012353645
22.8005,0.33516243,0.015185019,0.041301597,0.01591522,-0.71187505,0.02032284,0.7018316,0.0042204369,-0.18000253,-0.010285553
22.8105,0.33506549,0.013286566,0.041177281,0.016260405,-0.70905111,0.019965987,0.7046868,-0.010388668,-0.19999604,-0.018210848
22.8205,0.33484109,0.011229801,0.041037413,0.016613019,-0.70612905,0.019425008,0.70762168,-0.020535822,-0.2119412,-0.012392386
22.8305,0.33456011,0.0091897255,0.041015505,0.017018728,-0.70328217,0.018744505,0.71045984,-0.023423458,-0.17985676,0.016906512
22.8405,0.33428102,0.0076459823,0.041375711,0.017925454,-0.70074516,0.018752756,0.71293985,-0.029076156,-0.14722967,0.024484701
22.8505,0.33396087,0.0062719914,0.04148782,0.01878945,-0.69878648,0.018971821,0.71483179,-0.031253947,-0.11429755,0.022879704
22.8605,0.33365598,0.0052514298,0.041653012,0.019840768,-0.69707548,0.01946211,0.71645889,-0.032168944,-0.091805188,0.0097060837
22.8705,0.33338861,0.0045925603,0.041882498,0.021187399,-0.69538717,0.020206593,0.71803863,-0.028593446,-0.052266014,0.015724514
22.8805,0.33317983,0.0042436498,0.042132185,0.022824702,-0.69370021,0.021175863,0.7195906,-0.022498523,-0.023289395,0.027117946
22.8905,0.33303267,0.0040711495,0.042339889,0.024574483,-0.69218524,0.022281865,0.72095715,-0.017466835,-0.010089849,0.021174683
22.9005,0.33296483,0.0040855652,0.042681935,0.026530033,-0.69051935,0.023600623,0.72244182,-0.010057693,0.010320466,0.040354043
22.9105,0.33295936,0.0042609877,0.043097087,0.028728261,-0.68863525,0.024991556,0.72410745,-0.0053894859,0.023547408,0.041401536
22.9205,0.33299848,0.0045513112,0.04354806,0.030927689,-0.68671683,0.026509406,0.72578283,-0.0023269496,0.032511426,0.042637891
22.9305,0.33308348,0.0049492821,0.044049039,0.033145704,-0.68493648,0.028219334,0.72730121,0.002491055,0.045516261,0.054365875
22.9405,0.33321147,0.0054433009,0.044596655,0.035383228,-0.68334399,0.030123919,0.7286162,0.004673821,0.053027529,0.056003841
22.9505,0.33336517,0.0059928574,0.045143248,0.037452165,-0.68190122,0.03226436,0.72977194,0.0060834726,0.057717603,0.050719587
22.9605,0.33354631,0.0066099209,0.045625139,0.039287557,-0.68087198,0.034743109,0.73052224,0.0087939154,0.067302496,0.048968341
22.9705,0.3337574,0.0072648286,0.046081047,0.041132345,-0.68032193,0.037295244,0.73080727,0.012509197,0.057405086,0.050992364
22.9805,0.33404887,0.00768755,0.046565079,0.04351408,-0.68025141,0.039343355,0.73062757,0.018247699,0.032069168,0.043624226
22.9905,0.33440142,0.0079937785,0.046899696,0.045828123,-0.68095194,0.041444287,0.7297168,0.022336171,0.036560713,0.026601156
23.0005,0.33477816,0.0084003979,0.047142318,0.047884088,-0.68221215,0.04369006,0.72827528,0.023519277,0.045539719,0.023013982
23.0105,0.3351633,0.00886325,0.047420123,0.049916604,-0.68385399,0.045767688,0.72646911,0.024018939,0.049395397,0.03032082
23.0205,0.33555922,0.0093722278,0.047661579,0.051685631,-0.68609482,0.047940625,0.72408853,0.024678735,0.05661146,0.017388414
23.0305,0.33596674,0.0099360686,0.04761595,0.053126503,-0.68906467,0.050137014,0.72100883,0.025411434,0.059994152,-0.0045475676
23.0405,0.33637689,0.010522125,0.047513101,0.054470152,-0.69237884,0.052152234,0.71758253,0.025900928,0.062403961,-0.018652327
23.0505,0.33679547,0.011137103,0.047299626,0.055742213,-0.69591346,0.054026014,0.71391768,0.027532913,0.064628307,-0.024860435
23.0605,0.33722292,0.011776639,0.047022305,0.056807607,-0.69955151,0.055960751,0.71011898,0.028702958,0.066700699,-0.03905739
23.0705,0.33765635,0.012418464,0.046688555,0.057880863,-0.7031916,0.057606026,0.70629522,0.030137453,0.06568391,-0.039845112
23.0805,0.33809315,0.013080129,0.046345657,0.058673017,-0.70661417,0.059455557,0.70265136,0.029943723,0.068822668,-0.032339529
23.0905,0.33852231,0.013739914,0.046069985,0.059429884,-0.70965052,0.061256839,0.6993653,0.030758726,0.066890682,-0.016652046
23.1005,0.33893578,0.014343809,0.045927422,0.060129068,-0.71204715,0.062986072,0.69671092,0.029934354,0.059723563,-0.0018486586
23.1105,0.3393333,0.014905667,0.045963815,0.060905421,-0.71375156,0.064659948,0.69474335,0.02975333,0.057565537,0.013961071
23.1205,0.33971972,0.015435073,0.046135058,0.061888804,-0.71481605,0.066132014,0.6934222,0.02994547,0.052926009,0.025675626
23.1305,0.34009379,0.015867364,0.046347574,0.063255903,-0.71553416,0.067115289,0.69246306,0.027075071,0.030360657,0.010785101
23.1405,0.34035894,0.015739227,0.046304612,0.064071623,-0.71712955,0.067436592,0.69070423,0.014106663,-0.051529332,-0.022956439
23.1505,0.34045099,0.014911822,0.045924376,0.063394312,-0.71956793,0.066801432,0.68828826,0.0041956908,-0.10737476,-0.0529577
23.1605,0.34041897,0.013650688,0.045280137,0.061764732,-0.72245994,0.065339422,0.68554177,-0.0019647914,-0.14250869,-0.073748015
23.1705,0.34032183,0.012058826,0.044409935,0.059462506,-0.72569452,0.063180495,0.68252465,-0.0033069547,-0.17499299,-0.0994034
23.1805,0.34027276,0.010644179,0.043489675,0.057554336,-0.72890356,0.061409207,0.67942329,0.0047564771,-0.089927997,-0.077341973
23.1905,0.34040999,0.010092969,0.042863479,0.057359124,-0.73139458,0.061457441,0.6767532,0.013835983,-0.031396083,-0.053341748
23.2005,0.34059731,0.0096172495,0.042241465,0.057283639,-0.73373143,0.061588185,0.67421337,0.012839876,-0.077584474,-0.078936862
23.2105,0.34075401,0.0089213245,0.04171445,0.056720161,-0.73572006,0.061127758,0.67213259,0.016982521,-0.065215031,-0.019953655
23.2205,0.34093431,0.0082368223,0.041740049,0.056369848,-0.73638924,0.06102574,0.67143814,0.018260942,-0.073822239,0.017251408
23.2305,0.34111134,0.0074304389,0.041988474,0.056225342,-0.73659882,0.060902024,0.67123158,0.017969456,-0.086688417,0.029508011
23.2405,0.34128031,0.006481722,0.042253496,0.056083285,-0.73685008,0.060584481,0.67099638,0.016623037,-0.11351954,0.007054908
23.2505,0.34139375,0.0052294365,0.042178166,0.055184097,-0.73777667,0.059383577,0.6701596,0.016766671,-0.11973574,0.0018109884
23.2605,0.34154363,0.0041120855,0.042291763,0.054792937,-0.7378908,0.058653567,0.67013033,0.017239196,-0.11676928,0.0028006569
23.2705,0.34165456,0.0029271993,0.042255649,0.054133524,-0.73778763,0.057515524,0.67039611,0.01716699,-0.10906926,0.005523787
23.2805,0.34177367,0.0018577174,0.042276992,0.053711323,-0.73727134,0.056595014,0.67107605,0.015826016,-0.10805687,-0.0039789929
23.2905,0.34188148,0.00084686111,0.04229445,0.053395989,-0.73632185,0.055602849,0.67222565,0.015382695,-0.10767672,-0.0078614895
23.3005,0.34197439,-0.00012458692,0.042273095,0.052927269,-0.73503833,0.054551943,0.67375177,0.015627735,-0.09938818,-0.0071570976
23.3105,0.34206428,-0.0010168114,0.042243006,0.052429296,-0.73358818,0.053619912,0.6754439,0.01558498,-0.085677875,-0.0021942462
23.3205,0.34213385,-0.0018923392,0.042196384,0.051776154,-0.73186759,0.052500014,0.6774458,0.014988481,-0.094910893,-0.0077488
23.3305,0.34218688,-0.0027512872,0.042135913,0.050944393,-0.72991277,0.051192825,0.67971414,0.014804267,-0.086281693,-0.0070113332
23.3405,0.342272,-0.003322308,0.042090306,0.050543814,-0.72783865,0.050074034,0.68204752,0.018621593,-0.027609078,-0.0093265289
23.3505,0.3424379,-0.0032402958,0.042028088,0.05042761,-0.72548705,0.049303894,0.68461283,0.027243197,0.03350287,-0.0072846094
23.3605,0.34267569,-0.0026569811,0.041947349,0.050316392,-0.72286125,0.048670061,0.68743806,0.033391833,0.076986374,-0.0065660958
23.3705,0.34296532,-0.0016973687,0.041849111,0.050171444,-0.72016134,0.048154645,0.69031268,0.037617805,0.11022197,-0.010962967
23.3805,0.34332331,-0.00041005624,0.041742077,0.050000032,-0.7175238,0.047760642,0.69309344,0.04578853,0.14240523,-0.0062715166
23.3905,0.3437584,0.0011612866,0.041634654,0.049823096,-0.71504081,0.047494814,0.69568566,0.05204935,0.16689544,-0.0035406015
23.4005,0.3442545,0.0029476303,0.041522784,0.049661935,-0.71278597,0.047364394,0.6980161,0.056423923,0.18676158,-0.011323171
23.4105,0.34477862,0.0048908314,0.041407801,0.049474903,-0.71066519,0.047363077,0.70018851,0.055060389,0.19894243,-0.0062203772
23.4205,0.34517927,0.0069100952,0.041272115,0.049250907,-0.70841764,0.047458378,0.7024717,0.03645177,0.20419494,-0.020055694
23.4305,0.34545223,0.008927649,0.041143601,0.049141806,-0.70608005,0.047474491,0.7048278,0.029590438,0.20106427,-0.014625379
23.4405,0.34567783,0.010893138,0.04102757,0.048940054,-0.70383494,0.047570921,0.70707727,0.025201788,0.19189166,-0.0060649413
23.4505,0.34582435,0.012649376,0.04097692,0.048505345,-0.70174453,0.047686829,0.70917404,0.010848766,0.14036784,0.011981154
23.4605,0.34577828,0.013692585,0.04116388,0.047373906,-0.70028194,0.046986819,0.71074127,-0.0021329256,0.077256386,0.022784571
23.4705,0.34562948,0.014228008,0.041370568,0.045917064,-0.69928948,0.045739523,0.71189448,-0.0077327009,0.040263404,0.0043159247
23.4805,0.34544139,0.014456617,0.041435297,0.044178165,-0.69863186,0.044470234,0.71273011,-0.0092834133,0.0099961934,0.0090595795
23.4905,0.34525836,0.014479587,0.041499949,0.042361758,-0.69823751,0.043108514,0.71331025,-0.0075416201,-0.0041075776,0.0059092559
23.5005,0.34509215,0.014366165,0.041641643,0.040468043,-0.69774632,0.041640303,0.71398774,-0.0049801769,-0.018196763,0.022356003
23.5105,0.34492927,0.014139682,0.041860399,0.038546137,-0.69696274,0.040079441,0.71494809,-0.00477096,-0.027031699,0.026588407
23.5205,0.34477268,0.013838519,0.042153363,0.036683823,-0.69598934,0.038497372,0.71608037,-0.0040890532,-0.033393681,0.028372174
23.5305,0.34462281,0.013434689,0.042520386,0.034767888,-0.6950271,0.036840179,0.71719686,-0.0020276011,-0.046952293,0.043602023
23.5405,0.34448118,0.012927785,0.042972479,0.032817108,-0.69411898,0.035067638,0.71825632,-0.0016558947,-0.054478756,0.050718701
23.5505,0.34435085,0.012365451,0.043470866,0.031110984,-0.69321651,0.033121115,0.71929547,-0.00062395634,-0.058735661,0.049978995
23.5605,0.34423404,0.011727561,0.044006012,0.029309252,-0.69247233,0.031201436,0.72017325,0.0005505961,-0.06936128,0.052036902
23.5705,0.34413378,0.01101564,0.044568348,0.027468816,-0.69192781,0.029232581,0.72085146,0.0022743482,-0.073403456,0.058479619
23.5805,0.34404155,0.010279093,0.04516959,0.025604189,-0.69137017,0.02740737,0.72152654,0.0028493625,-0.074127378,0.06462939
23.5905,0.34397008,0.009496871,0.045686698,0.02412705,-0.69125659,0.02521328,0.72176623,0.0039793247,-0.081624482,0.051362428
23.6005,0.34390598,0.0086732813,0.046184698,0.022357551,-0.69150316,0.023269004,0.72165232,0.0037745055,-0.082700181,0.051706433
23.6105,0.34386538,0.0078696462,0.046767292,0.020977438,-0.69203809,0.021092911,0.72124775,0.0056437728,-0.079036091,0.061825807
23.6205,0.34384535,0.0070757504,0.047361567,0.019437773,-0.69304183,0.019126083,0.72038142,0.0061508901,-0.083218058,0.035787978
23.6305,0.34384284,0.0062526616,0.047739359,0.017688357,-0.69463805,0.017379338,0.71893189,0.0074278908,-0.081763423,0.038281649
23.6405,0.34386228,0.0054424812,0.047991408,0.016439669,-0.69662657,0.015333532,0.71708161,0.0081770342,-0.080290359,0.022037582
23.6505,0.34389277,0.0046531862,0.04825202,0.014629312,-0.69865078,0.013957195,0.71517708,0.0090561914,-0.077531748,0.028454931
23.6605,0.34393749,0.0038718978,0.048405335,0.01316045,-0.70084707,0.012341192,0.71308336,0.010901271,-0.074029828,0.012972009
23.6705,0.34404016,0.0032640344,0.048442963,0.011977068,-0.70334177,0.010694257,0.71067048,0.016544066,-0.049598718,-0.010455858
23.6805,0.34418963,0.0027824483,0.048358181,0.010676494,-0.70588254,0.0094631335,0.70818521,0.019312584,-0.038318908,-0.013765796
23.6905,0.34437104,0.0024442339,0.048212055,0.0096227475,-0.70840294,0.0083764513,0.70569293,0.020895787,-0.034919965,-0.0083645347
23.7005,0.34454068,0.0021502804,0.048077,0.0085101229,-0.71070732,0.0073595931,0.70339784,0.017766848,-0.025973089,-0.013128122
23.7105,0.34466929,0.0019421533,0.047906151,0.0075356463,-0.71294301,0.0063346833,0.70115288,0.013034647,-0.0092098351,-0.023330866
23.7205,0.34477287,0.001874158,0.04765595,0.0066215462,-0.71514073,0.0056632059,0.69892619,0.008474199,-0.0069897949,-0.023630509
23.7305,0.34483542,0.0018332728,0.047406558,0.0058214378,-0.71719631,0.0049447085,0.69682933,0.0058269389,-0.0035693809,-0.024828289
23.7405,0.34493358,0.0019186098,0.047093672,0.0052929918,-0.71926569,0.0045335329,0.69470015,0.011052365,0.011963652,-0.033752053
23.7505,0.34509983,0.0021698832,0.046701335,0.0051342496,-0.72140171,0.0045492548,0.69248286,0.014925724,0.035872791,-0.042959343
23.7605,0.34531051,0.0025364958,0.046266709,0.0052509611,-0.72349967,0.0048864449,0.69028746,0.016786721,0.036646486,-0.042705681
23.7705,0.34557423,0.0029821564,0.045785129,0.0056533868,-0.7256294,0.0054405403,0.688041,0.021481316,0.037025034,-0.047515193
23.7805,0.34589771,0.003536999,0.045222603,0.0062180748,-0.72781854,0.0064132587,0.68571159,0.02584864,0.071470226,-0.061274584
23.7905,0.34625716,0.0041841878,0.044629583,0.0070192248,-0.72999893,0.0076325322,0.68336962,0.027709256,0.080538105,-0.063669651
23.8005,0.34660587,0.004731616,0.044028223,0.0077472246,-0.73215481,0.0086546055,0.68103922,0.025390786,0.041901016,-0.057635558
23.8105,0.34697102,0.0053001352,0.043355628,0.0084569014,-0.73436504,0.0098701167,0.67863027,0.027484331,0.063552015,-0.070326237
23.8205,0.34730835,0.0057703571,0.042704275,0.0090557902,-0.73648021,0.010870413,0.67631112,0.023398224,0.035724582,-0.060010198
23.8305,0.34761278,0.0061845918,0.042014453,0.0095190056,-0.73859437,0.01177448,0.67398005,0.019562121,0.035698973,-0.060029411
23.8405,0.34784436,0.0065400139,0.041736532,0.0097059062,-0.73974021,0.012262205,0.67271083,0.020911539,0.040897035,-0.0041887078
23.8505,0.34807549,0.0069848313,0.041822375,0.0097948972,-0.74004986,0.01246887,0.67236507,0.02281931,0.048420082,0.016964174
23.8605,0.34832786,0.0075603199,0.04203907,0.0099347249,-0.73975058,0.012522817,0.67269128,0.027278592,0.06525859,0.023400632
23.8705,0.34862458,0.0083373668,0.042190646,0.010140576,-0.73913729,0.012855759,0.67335575,0.031500795,0.10317864,-0.011345531
23.8805,0.34898473,0.0093809432,0.04209911,0.010783119,-0.73866118,0.013844459,0.67384843,0.032532757,0.098056675,0.0054242183
23.8905,0.34933909,0.010438525,0.042122021,0.011285021,-0.7375169,0.014620451,0.67507608,0.035052575,0.12185175,-0.0098159004
23.9005,0.34971253,0.011617346,0.042080647,0.012012546,-0.73603432,0.015639252,0.67665692,0.035139513,0.12085616,-0.0047446282
23.9105,0.35007774,0.012793446,0.042048498,0.012734413,-0.73435773,0.016619858,0.67843963,0.034589184,0.12052534,-0.0064192119
23.9205,0.35043436,0.013969907,0.041994381,0.013511258,-0.73240111,0.017675738,0.68050983,0.033842945,0.12018092,-0.0063129738
23.9305,0.35078816,0.015147439,0.0419248,0.014524717,-0.73017852,0.018761428,0.68284433,0.033178379,0.11920745,-0.009040585
23.9405,0.35112903,0.016274509,0.041851412,0.015538833,-0.72789288,0.019818083,0.68522824,0.031475387,0.10761644,-0.0051511656
23.9505,0.3514367,0.017054833,0.04177688,0.016142717,-0.7254477,0.020700456,0.68777652,0.029625399,0.039670717,-0.012031089
23.9605,0.35167111,0.017070907,0.041696865,0.01638276,-0.72277283,0.021229514,0.69056524,0.022999736,-0.027163546,-0.0058336624
23.9705,0.351838,0.016544833,0.041605841,0.016593805,-0.71997817,0.021580252,0.6934626,0.017743438,-0.073669224,-0.012160974
23.9805,0.35196187,0.01556143,0.041501485,0.016834211,-0.71719627,0.02179623,0.69632682,0.014919708,-0.11905187,-0.009942796
23.9905,0.35206255,0.014177572,0.041412957,0.017083408,-0.71447758,0.021863287,0.69910796,0.013322866,-0.15496228,-0.0078334142
24.0005,0.35212258,0.012477286,0.041303451,0.017306505,-0.71186192,0.021726691,0.70176993,0.0031030923,-0.18025255,-0.010772332
24.0105,0.35201439,0.010576533,0.041175176,0.017645796,-0.70903791,0.02136035,0.70462586,-0.011746235,-0.20003085,-0.01815408
24.0205,0.3517757,0.0085189479,0.041039221,0.01799569,-0.70610525,0.020809659,0.70757225,-0.021850473,-0.21216919,-0.011885826
24.0305,0.35147996,0.0064590514,0.041019747,0.018369121,-0.7032181,0.020127947,0.71045179,-0.02455264,-0.1824594,0.017343995
24.0405,0.35119115,0.0048989619,0.041384732,0.019266653,-0.70063357,0.020138282,0.71297675,-0.029818358,-0.14791035,0.024907652
24.0505,0.35086386,0.0035201742,0.041500598,0.020140008,-0.6986476,0.020347602,0.71489292,-0.031794498,-0.1145574,0.02320306
24.0605,0.35055405,0.0024980257,0.041668835,0.021202563,-0.69692229,0.020828121,0.7165305,-0.032588934,-0.091918339,0.0099140842
24.0705,0.35028413,0.0018417947,0.041907132,0.022562372,-0.69522378,0.02156699,0.71811538,-0.028283429,-0.049069466,0.022669343
24.0805,0.35007311,0.0014904372,0.042153251,0.024203784,-0.69354048,0.022523954,0.71965857,-0.02264178,-0.023491177,0.026846886
24.0905,0.34992877,0.0013263889,0.042392106,0.02598884,-0.69201232,0.023618605,0.721031,-0.017796536,-0.011329366,0.017877664
24.1005,0.34985959,0.0013313332,0.042710666,0.027982023,-0.69037553,0.024866821,0.72248202,-0.010327812,0.0082069331,0.034241194
24.1105,0.34985675,0.00150076,0.043126006,0.030167815,-0.6885041,0.026249516,0.72412911,-0.0051389026,0.023117991,0.041211859
24.1205,0.3498977,0.0017869164,0.043570841,0.032351235,-0.68659911,0.027766243,0.72578516,-0.0020838398,0.032262798,0.042458218
24.1305,0.34998506,0.0021802358,0.044062086,0.03451146,-0.6848213,0.029522935,0.7272944,0.0025603439,0.045146896,0.05457092
24.1405,0.3501138,0.0026706827,0.044609894,0.036765539,-0.68324229,0.031394055,0.72858952,0.0048015577,0.052697626,0.056036299
24.1505,0.35026865,0.00321671,0.045152797,0.038824338,-0.68180712,0.033529459,0.72973111,0.0062046444,0.057390054,0.050874602
24.1605,0.35045081,0.003828634,0.04562928,0.040661468,-0.68078262,0.035991038,0.73046993,0.008437789,0.066561279,0.045055703
24.1705,0.35065908,0.0044879097,0.046108314,0.042586543,-0.68021968,0.038444553,0.7307596,0.011373122,0.059756535,0.053379378
24.1805,0.35093229,0.0049177956,0.046597036,0.044971275,-0.6801441,0.040464983,0.73057797,0.016770585,0.033984428,0.039229728
24.1905,0.35126116,0.005235621,0.046909829,0.047094401,-0.68083441,0.04275599,0.72967017,0.020216662,0.035647323,0.031231131
24.2005,0.35161272,0.0056373896,0.047176919,0.049249661,-0.68207144,0.044886862,0.72824323,0.020970114,0.046028548,0.024583094
24.2105,0.35197315,0.0060944796,0.047459532,0.051132288,-0.68369001,0.047126189,0.72645205,0.021649724,0.049253707,0.031001076
24.2205,0.35234633,0.0066053268,0.04765626,0.052868602,-0.68594901,0.049289977,0.72405066,0.022814004,0.055627083,-0.0008874045
24.2305,0.35273277,0.0071622322,0.047665774,0.054455837,-0.68890198,0.051325069,0.72098152,0.023502581,0.06025785,-0.0019464227
24.2405,0.35312468,0.0077520679,0.047527715,0.055680424,-0.69222964,0.053449372,0.71753814,0.02403555,0.060969184,-0.010761942
24.2505,0.35353047,0.0083625491,0.047351277,0.057073689,-0.69575467,0.055210646,0.71387661,0.025873229,0.066199194,-0.02360474
24.2605,0.35394617,0.0090025935,0.046994072,0.057950471,-0.69942505,0.057318113,0.71004294,0.02719416,0.066786163,-0.02979189
24.2705,0.35437318,0.0096322563,0.046738898,0.059345488,-0.70302345,0.058663581,0.70625401,0.029646998,0.063372636,-0.029994054
24.2805,0.35480857,0.010289358,0.046455717,0.060468221,-0.70641655,0.060217265,0.702633,0.029412904,0.067829333,-0.043857229
24.2905,0.35523479,0.010968861,0.04604055,0.060775446,-0.70948183,0.06249239,0.6993115,0.030473947,0.070383434,-0.022993366
24.3005,0.35565076,0.011598516,0.045940117,0.061264302,-0.71184273,0.064590059,0.69667406,0.029757172,0.062108543,0.0042202492
24.3105,0.35604583,0.012172618,0.045979532,0.061980731,-0.71355212,0.066358138,0.694693,0.029273065,0.05815528,0.010828527
24.3205,0.35642928,0.012711931,0.046147175,0.062943047,-0.71463182,0.067867138,0.69334954,0.029462326,0.05337782,0.022577111
24.3305,0.35680131,0.013150623,0.046355831,0.064324956,-0.7153681,0.068848552,0.69236598,0.027448559,0.028888741,0.004803617
24.3405,0.35708371,0.013079614,0.046278387,0.065410792,-0.71699002,0.069154918,0.69055364,0.01469258,-0.04603104,-0.026537419
24.3505,0.35718418,0.012296142,0.045871558,0.064903799,-0.71946089,0.068553607,0.68808715,0.0041012757,-0.10388557,-0.055692773
24.3605,0.3571552,0.011061683,0.045212718,0.063369359,-0.72238044,0.067125579,0.68530648,-0.002721275,-0.14040766,-0.076677792
24.3705,0.35705262,0.0094844458,0.044319836,0.061115049,-0.72565594,0.064988951,0.68224983,-0.0040959273,-0.17411495,-0.10112387
24.3805,0.35707152,0.0084218143,0.043512083,0.059933053,-0.72864908,0.064003164,0.67925116,0.0079304783,-0.063045915,-0.067707223
24.3905,0.35725055,0.0080136573,0.042940467,0.060006443,-0.73102124,0.064353818,0.67665778,0.014219646,-0.040007112,-0.056644284
24.4005,0.35739003,0.0072832683,0.042212449,0.059415591,-0.73355417,0.063923883,0.67400431,0.012277381,-0.077626834,-0.077780445
24.4105,0.35756977,0.006718793,0.041752915,0.059115875,-0.73543645,0.063774349,0.67199061,0.017657598,-0.055992411,-0.016143996
24.4205,0.3577577,0.006095739,0.041794512,0.058856926,-0.7360894,0.063794285,0.67129617,0.017990147,-0.069839023,0.017562427
24.4305,0.35793096,0.0053105648,0.042042599,0.058770607,-0.73631624,0.063687618,0.67106504,0.017191808,-0.085599076,0.028792803
24.4405,0.35808463,0.0043256342,0.042251123,0.058510884,-0.73669421,0.063269319,0.67071239,0.014722939,-0.12214896,-0.0045767217
24.4505,0.35818781,0.003058819,0.042172682,0.057596365,-0.73762881,0.062080273,0.66987495,0.01626428,-0.1187614,0.006098625
24.4605,0.35832371,0.0019116996,0.042280131,0.057158926,-0.73775647,0.06131212,0.66984257,0.015248398,-0.12693503,-0.005746693
24.4705,0.35843175,0.00073218157,0.0422947,0.056595147,-0.73754743,0.060275554,0.67021462,0.016435332,-0.11167827,0.0066261765
24.4805,0.35853421,-0.00038424203,0.042300634,0.056116293,-0.73706039,0.059265341,0.67088044,0.015772831,-0.10649678,0.0040342833
24.4905,0.35862436,-0.0014569572,0.042303472,0.055734009,-0.7361447,0.058089562,0.67201958,0.014420413,-0.11374749,-0.0086066833
24.5005,0.35870355,-0.0024750361,0.042279252,0.055206145,-0.73486784,0.056946208,0.67355673,0.014480311,-0.10368044,-0.0077354621
24.5105,0.35877931,-0.0034135989,0.042230896,0.054559335,-0.73343976,0.056003087,0.67524296,0.014033848,-0.094328345,-0.0083028341
24.5205,0.35884839,-0.0042824365,0.042192079,0.053986097,-0.73170536,0.055027569,0.67724792,0.013865946,-0.097098039,-0.0088651159
24.5305,0.35889626,-0.0051477708,0.042133889,0.053244615,-0.72974244,0.053769808,0.67952174,0.014469474,-0.080022363,-0.0021548147
24.5405,0.35897293,-0.0057554486,0.042074309,0.052924443,-0.72767756,0.052546605,0.68185279,0.017926407,-0.029026024,-0.003354873
24.5505,0.35913947,-0.0056971183,0.042026738,0.052886791,-0.72530445,0.051771565,0.68443856,0.027336971,0.030750456,-0.0072021151
24.5605,0.35938064,-0.0051347257,0.041954065,0.052801364,-0.72267431,0.051133096,0.68726942,0.033708567,0.074416427,-0.012816619
24.5705,0.3596713,-0.0041930347,0.04185733,0.052652963,-0.71996816,0.050609462,0.69015375,0.037421275,0.10849292,-0.0072153927
24.5805,0.36002908,-0.0029207155,0.04175163,0.052471743,-0.7173196,0.050204063,0.69294939,0.046218976,0.14188786,-0.014859468
24.5905,0.3604691,-0.0013603511,0.041635151,0.052282942,-0.71485521,0.04992387,0.69552579,0.052686167,0.16814177,-0.018374918
24.6005,0.36097064,0.00041374352,0.041537313,0.052105814,-0.71258382,0.04977298,0.69787673,0.057244736,0.18510691,-0.0070518557
24.6105,0.36150893,0.0023532904,0.041410552,0.05190536,-0.71050816,0.049762636,0.70000548,0.056337983,0.19877959,-0.0072258971
24.6205,0.36191871,0.0043705885,0.041275451,0.051680243,-0.70827533,0.049835776,0.70227602,0.03675766,0.20241671,-0.012767116
24.6305,0.36219602,0.0063855919,0.041159645,0.051561158,-0.70592387,0.049832501,0.70464861,0.029078825,0.19796766,-0.00049629918
24.6405,0.36242792,0.0083548379,0.041032872,0.051352253,-0.70369811,0.049917103,0.70688061,0.026667075,0.19474546,-0.018479287
24.6505,0.36258465,0.010148697,0.04093573,0.05099813,-0.70164189,0.05011713,0.70893309,0.013143605,0.15148749,0.0049763601
24.6605,0.36258329,0.011310721,0.041096265,0.050106347,-0.70025019,0.04961784,0.71040629,0.00059199975,0.087814906,0.022473307
24.6705,0.36245962,0.011922261,0.041326559,0.048761856,-0.69929341,0.048451805,0.71152191,-0.005876827,0.039894951,0.023875403
24.6805,0.36228438,0.01220754,0.041370805,0.047104465,-0.6986707,0.047186262,0.71232989,-0.0088467662,0.015003416,0.0041425543
24.6905,0.3621038,0.012262505,0.041412779,0.045291982,-0.69830084,0.045823067,0.71289888,-0.0074810633,-0.0022509695,0.0053656757
24.7005,0.36193696,0.012162845,0.041556671,0.043350097,-0.69781705,0.044327403,0.71358757,-0.0047668739,-0.017339345,0.023169822
24.7105,0.36177718,0.011936309,0.041834591,0.041358057,-0.69700677,0.04269665,0.71459644,-0.0043602597,-0.02786596,0.027295965
24.7205,0.3616158,0.011632851,0.042110233,0.03941546,-0.69604344,0.041058276,0.7157403,-0.0038972109,-0.033238438,0.035130431
24.7305,0.3614624,0.011230589,0.042487169,0.037456449,-0.69507636,0.039293037,0.71688348,-0.0019539147,-0.046971142,0.040636402
24.7405,0.36131679,0.010721931,0.042942276,0.035466499,-0.69417224,0.037408499,0.71796075,-0.0018544075,-0.055245009,0.049406383
24.7505,0.3611759,0.010150887,0.043444923,0.033498399,-0.69325645,0.035577523,0.7190324,-0.0012402912,-0.059577312,0.050652825
24.7605,0.36105112,0.0095047357,0.043985083,0.031605198,-0.69250597,0.033598249,0.71993594,0.001445119,-0.070550551,0.053724264
24.7705,0.36094534,0.008779269,0.044554259,0.029680544,-0.69195115,0.031564223,0.72064302,0.0026806517,-0.075507942,0.058967544
24.7805,0.36085549,0.0080242942,0.045145724,0.028020474,-0.69145412,0.029411461,0.72127735,0.0018141707,-0.076554582,0.05901048
24.7905,0.36076565,0.0072339844,0.04569716,0.026206556,-0.69125911,0.027402697,0.7216115,0.0029635098,-0.083940581,0.042536608
24.8005,0.3606938,0.0063995647,0.046181972,0.024564257,-0.69154257,0.025222503,0.72147717,0.0033762861,-0.084589573,0.047841178
24.8105,0.36064055,0.0055900965,0.046762346,0.023008071,-0.69206441,0.02313251,0.72109802,0.0051293495,-0.081113441,0.05699252
24.8205,0.36061277,0.0047821719,0.047332506,0.021589133,-0.69311411,0.020954614,0.72019972,0.005779018,-0.08390887,0.038858391
24.8305,0.36060177,0.00395694,0.047720263,0.019757086,-0.69470022,0.019244486,0.71877042,0.0068981566,-0.08432157,0.02358224
24.8405,0.36061367,0.0031450308,0.048006372,0.018212093,-0.69663909,0.017443098,0.71697841,0.0076633498,-0.079919257,0.019893525
24.8505,0.36063756,0.0023406185,0.048228522,0.01666672,-0.69878158,0.015744877,0.71496756,0.008268979,-0.079362222,0.02304799
24.8605,0.36068402,0.0015535868,0.048323119,0.015028786,-0.70104945,0.014292967,0.71281099,0.010403151,-0.077877613,0.0060129714
24.8705,0.36076023,0.00087254543,0.048396117,0.013818301,-0.70342853,0.012597709,0.71051998,0.01313649,-0.059969834,0.004541196
24.8805,0.36089454,0.00036500668,0.048388265,0.012646343,-0.70594138,0.011003041,0.70807187,0.020996395,-0.037161584,-0.01441468
24.8905,0.36111619,7.0872807e-05,0.048066829,0.011300622,-0.70859457,0.010314205,0.70544997,0.022758504,-0.030032807,-0.027661518
24.9005,0.36129371,-0.00022808638,0.047870268,0.01005136,-0.71101443,0.0093200251,0.7030438,0.017119405,-0.02849447,-0.010792313
24.9105,0.36140628,-0.00048586542,0.047777847,0.0091340257,-0.71317608,0.0079875636,0.70087991,0.011484815,-0.023076702,-0.01429728
24.9205,0.36147904,-0.0006717252,0.047594313,0.0079830335,-0.71528557,0.00699248,0.69875169,0.0075053381,-0.015668265,-0.020031978
24.9305,0.36151885,-0.00081018791,0.047384477,0.00692351,-0.71727384,0.0060711619,0.69673054,0.0051887206,-0.012518123,-0.020992857
24.9405,0.36161587,-0.00070703624,0.047071922,0.0063873055,-0.71933332,0.0056859104,0.69461245,0.011479543,0.03043123,-0.039431581
24.9505,0.36178203,-0.00044294907,0.046678913,0.0062314111,-0.72146256,0.0057211695,0.69240177,0.014793759,0.03285336,-0.041639245
24.9605,0.36198819,-0.00010021605,0.046255716,0.0062970004,-0.72353625,0.0060053148,0.69023154,0.016832573,0.035558148,-0.04158743
24.9705,0.36224616,0.00029282357,0.045801888,0.0066339517,-0.72561486,0.0064355527,0.68803899,0.022331799,0.045139351,-0.04915679
24.9805,0.36258428,0.00091795329,0.045227561,0.0073239924,-0.72782041,0.0075629317,0.68568696,0.025005012,0.054388473,-0.054374911
24.9905,0.36294995,0.0015920229,0.044629182,0.0081606316,-0.7300044,0.0088512233,0.6833364,0.026537181,0.060931954,-0.056510048
25.0005,0.36331367,0.0021778944,0.044007632,0.0089115642,-0.73217344,0.010017058,0.68098626,0.028259254,0.066298916,-0.068004065
25.0105,0.36367349,0.002704808,0.043359166,0.0096353266,-0.7343499,0.011099896,0.67861195,0.025123463,0.037491687,-0.058729529
25.0205,0.36402366,0.003198655,0.042712921,0.010305433,-0.73645482,0.012159185,0.67629893,0.025964253,0.05240839,-0.065434591
25.0305,0.36434807,0.0036881104,0.041990965,0.010826713,-0.73859613,0.013274492,0.67393051,0.020646861,0.040487589,-0.063229487
25.0405,0.36458315,0.0040463873,0.041682918,0.011080696,-0.73979175,0.013772813,0.67260367,0.020568359,0.039312019,-0.0072467115
25.0505,0.36481934,0.0044768412,0.041748004,0.011211261,-0.7401357,0.013963313,0.67221907,0.023149983,0.045668379,0.014985156
25.0605,0.36507889,0.0050339892,0.041950089,0.011294403,-0.73984137,0.01407224,0.67253933,0.027952126,0.064034357,0.023553539
25.0705,0.36536596,0.0057440299,0.042185896,0.011331302,-0.7390722,0.01421036,0.67338099,0.030871494,0.079781104,0.019474192
25.0805,0.36573124,0.0067793281,0.042095493,0.011978778,-0.73859907,0.015203861,0.67386702,0.033196249,0.10389278,-0.0035252145
25.0905,0.36608228,0.0078031175,0.04214541,0.012384857,-0.73740972,0.015846045,0.67514622,0.035359353,0.1135656,-0.0014287528
25.1005,0.36646052,0.0089776359,0.042098058,0.01311478,-0.73594152,0.01685211,0.67670827,0.035500876,0.11732913,-0.0014077351
25.1105,0.36683524,0.010169848,0.042039067,0.013900296,-0.73431896,0.017891347,0.67842637,0.034805607,0.11930283,-0.0057225996
25.1205,0.36720139,0.0113572,0.041984573,0.014744869,-0.7323672,0.018982265,0.68048552,0.034395921,0.11786927,-0.0034105573
25.1305,0.36755965,0.012533338,0.041919479,0.015763808,-0.73013692,0.020061823,0.68282436,0.033568096,0.12068504,-0.010735698
25.1405,0.36790396,0.013658631,0.041850883,0.016777005,-0.72784099,0.021097855,0.68521595,0.032054222,0.10902127,-0.0060251589
25.1505,0.36821431,0.014447383,0.04177927,0.017398577,-0.7253921,0.022009222,0.68776391,0.029350593,0.03869525,-0.0073129297
25.1605,0.36844926,0.014467155,0.04169312,0.017651473,-0.72273201,0.022555408,0.69053466,0.023317605,-0.026356393,-0.010693104
25.1705,0.36861337,0.013943128,0.04161047,0.017870825,-0.71992563,0.022901775,0.69344302,0.017096399,-0.07340059,-0.0060301315
25.1805,0.3687337,0.012961235,0.041501423,0.018120497,-0.71715557,0.023119597,0.69629378,0.014708521,-0.11886001,-0.0082911978
25.1905,0.36883025,0.011574648,0.041403012,0.018369714,-0.71445737,0.02317951,0.6990536,0.013157441,-0.15595757,-0.011891671
25.2005,0.36888677,0.0098734994,0.041290993,0.018599052,-0.71185156,0.023041599,0.70170543,0.0027493615,-0.17993461,-0.0098908352
25.2105,0.36877288,0.0079770402,0.04117414,0.018954229,-0.70901228,0.022681259,0.70457639,-0.0125253,-0.19961618,-0.017134822
25.2205,0.36852598,0.0059251034,0.041053284,0.019319598,-0.70605828,0.022133683,0.70754404,-0.02275929,-0.21228945,-0.01260434
25.2305,0.36822311,0.0038616683,0.041019117,0.019692387,-0.70319652,0.021442826,0.71039923,-0.025257265,-0.18237877,0.017570094
25.2405,0.36792841,0.0023019314,0.041384376,0.020597514,-0.70061156,0.021446953,0.71292301,-0.030367396,-0.14798484,0.024411436
25.2505,0.36759608,0.00092257533,0.041496781,0.021476986,-0.69863035,0.021648224,0.71483266,-0.032215827,-0.11460874,0.022996457
25.2605,0.36728412,-9.2660689e-05,0.041676392,0.022551205,-0.69689855,0.022131783,0.71647333,-0.032997649,-0.092535006,0.0085863494
25.2705,0.36701089,-0.00075305127,0.041906171,0.023905426,-0.69520737,0.022860847,0.71804779,-0.02851629,-0.049365897,0.022126528
25.2805,0.36679277,-0.0011283881,0.04210482,0.025512704,-0.69355975,0.023784114,0.71955423,-0.023030835,-0.025100142,0.024252225
25.2905,0.36665152,-0.0012860781,0.042382211,0.027310824,-0.6920139,0.02488498,0.72093801,-0.017027303,-0.0094328647,0.02603717
25.3005,0.36657763,-0.0012875707,0.042682823,0.029277873,-0.6903904,0.026128036,0.72237195,-0.010420522,0.0085681901,0.035161311
25.3105,0.36657493,-0.0011158328,0.043100344,0.031364995,-0.68850593,0.027612627,0.72402581,-0.0050601793,0.023355572,0.040973554
25.3205,0.36661756,-0.00082827231,0.043554548,0.033621888,-0.68659249,0.02904762,0.72568351,-0.0017901335,0.031992501,0.043132764
25.3305,0.366706,-0.00043714725,0.044067059,0.03595436,-0.68481156,0.030612279,0.72718862,0.002394275,0.044132556,0.049242531
25.3405,0.36683878,4.3852097e-05,0.044650083,0.038214752,-0.6831936,0.032473125,0.7285133,0.0054157679,0.051685981,0.062640081
25.3505,0.36699424,0.00057979789,0.045207785,0.040379963,-0.68174401,0.034476866,0.72966151,0.0068979214,0.056087059,0.058678959
25.3605,0.36717449,0.0011804712,0.045715447,0.042336486,-0.68070942,0.036778933,0.73040374,0.0086994298,0.065511909,0.051918417
25.3705,0.36738053,0.0018449465,0.04612882,0.043935712,-0.68015754,0.03954359,0.73067891,0.0098420026,0.066944154,0.041079209
25.3805,0.3676502,0.0023180461,0.046521449,0.045849078,-0.68011304,0.042027456,0.73046411,0.017813864,0.036862804,0.040024967
25.3905,0.36801187,0.0026265167,0.046858702,0.048120828,-0.68082361,0.044159082,0.72952969,0.024746178,0.031313706,0.030000032
25.4005,0.36841221,0.0029777734,0.047152562,0.050480966,-0.68210052,0.046080434,0.72805711,0.025648358,0.040520961,0.024872924
25.4105,0.36881911,0.0033959829,0.047434213,0.052528506,-0.68375951,0.048123895,0.72622158,0.026271608,0.045659151,0.029318033
25.4205,0.36923787,0.0038721471,0.047641243,0.054202796,-0.68602538,0.050369868,0.7238053,0.027252504,0.054363071,0.011138549
25.4305,0.36966723,0.0044078617,0.047588326,0.055485293,-0.68899841,0.052725182,0.72070981,0.027943359,0.056927138,-0.0027600214
25.4405,0.37010848,0.0049709634,0.047517192,0.057078696,-0.69230932,0.054472004,0.71727445,0.028874912,0.060336212,-0.014037911
25.4505,0.37055426,0.0055731334,0.047255817,0.058056766,-0.69585577,0.056651606,0.71358584,0.030915651,0.063342909,-0.022373775
25.4605,0.37101672,0.0061871742,0.047023948,0.059417901,-0.69946791,0.058276856,0.70980136,0.031681284,0.065054797,-0.027869456
25.4705,0.37147893,0.0068197749,0.046621482,0.060158673,-0.70311978,0.060251118,0.7059556,0.03235314,0.066191034,-0.037991327
25.4805,0.37194868,0.0074648581,0.046320135,0.061304405,-0.70650074,0.061730518,0.70234452,0.033372759,0.065894152,-0.036507643
25.4905,0.37241066,0.0081108407,0.046046109,0.0621843,-0.7094934,0.063404076,0.69909381,0.033332852,0.065257273,-0.026814696
25.5005,0.37285362,0.0087059319,0.045937343,0.062857697,-0.7118277,0.065215371,0.69648919,0.032877571,0.058959893,0.0031386013
25.5105,0.37327919,0.0092533726,0.045984439,0.063583248,-0.7134932,0.066950758,0.69455181,0.032447082,0.055313052,0.009569223
25.5205,0.37369405,0.0097680545,0.046159182,0.064526949,-0.71453356,0.068465348,0.69324639,0.032661149,0.050644449,0.02046011
25.5305,0.37409072,0.010180477,0.046367336,0.065828486,-0.71527152,0.069510623,0.69225829,0.027417375,0.026268094,0.012527636
25.5405,0.37433339,0.0099462551,0.04631946,0.066281722,-0.71692405,0.069776412,0.69047657,0.012788548,-0.060433087,-0.022981009
25.5505,0.37440345,0.0090453434,0.045934476,0.065400376,-0.71939423,0.069041664,0.68806103,0.0027734803,-0.1136583,-0.053297407
25.5605,0.37435262,0.0077323568,0.045290647,0.063652338,-0.72230018,0.067482665,0.68532979,-0.0034181039,-0.14698487,-0.074221406
25.5705,0.37423663,0.0061041786,0.044415389,0.061277523,-0.72554932,0.065243188,0.68232439,-0.0047679149,-0.17818919,-0.099938345
25.5805,0.37415281,0.0045659807,0.043456126,0.059128494,-0.72883722,0.063195024,0.67919549,0.0026543296,-0.10261092,-0.081657909
25.5905,0.37426328,0.0039330202,0.042801719,0.058791954,-0.7313847,0.063072611,0.67649226,0.012070633,-0.036806475,-0.05508029
25.6005,0.37446301,0.0035692797,0.042239699,0.058964433,-0.73361279,0.063469804,0.67402303,0.013790064,-0.059111392,-0.069730803
25.6105,0.3746167,0.002851133,0.041782354,0.058548073,-0.73545136,0.06317896,0.67208023,0.015159514,-0.069618584,-0.015697671
25.6205,0.37477752,0.0020934358,0.041830711,0.058301944,-0.73605626,0.063056265,0.67145065,0.016676925,-0.080796359,0.017984131
25.6305,0.37494508,0.0012326334,0.042079385,0.058160171,-0.73627911,0.062949513,0.67122859,0.0173056,-0.090699822,0.028965398
25.6405,0.37508983,0.00017554604,0.042227534,0.057746894,-0.73677524,0.062381447,0.67077276,0.014433628,-0.12965419,-0.013965151
25.6505,0.37520555,-0.0010618858,0.042178106,0.056915998,-0.73763925,0.06128733,0.6699946,0.01736793,-0.11412885,0.009783704
25.6605,0.37534719,-0.002187427,0.042270625,0.056476859,-0.7377927,0.06049716,0.66993462,0.015458836,-0.12699482,-0.012085333
25.6705,0.37546821,-0.0033079654,0.04229544,0.0559905,-0.73755566,0.059529111,0.67032305,0.016612933,-0.11120587,0.00014038841
25.6805,0.37558157,-0.0043645038,0.042303963,0.055574321,-0.73705803,0.058555293,0.67099048,0.016204721,-0.10290356,0.00067483714
25.6905,0.37568539,-0.005362594,0.042311426,0.055325521,-0.73612222,0.057454047,0.67213257,0.015821209,-0.10039275,-0.0029724703
25.7005,0.37577888,-0.0063019782,0.04229691,0.054901499,-0.73482134,0.056418417,0.67367676,0.01564489,-0.092224606,-0.0032713309
25.7105,0.37586529,-0.0071723762,0.042251063,0.054345852,-0.73339363,0.055516691,0.67535043,0.014896309,-0.084389575,-0.0056454719
25.7205,0.37593789,-0.0079999865,0.042192755,0.05366925,-0.73169806,0.05457359,0.67731772,0.015051396,-0.082090186,-0.0049685374
25.7305,0.37599746,-0.008795441,0.042136617,0.053037658,-0.72972164,0.053410163,0.67958861,0.014323552,-0.08171165,-0.0072813418
25.7405,0.37608276,-0.0093492542,0.042091937,0.052738054,-0.72763929,0.052350168,0.68192318,0.018118305,-0.026275005,-0.0051194535
25.7505,0.37624848,-0.0092727295,0.04202835,0.052654676,-0.72529225,0.051596952,0.68448258,0.027265587,0.032755162,-0.0074414894
25.7605,0.37648932,-0.0086953906,0.041949736,0.052564157,-0.72267113,0.05097009,0.68730306,0.033752868,0.076265816,-0.0070577035
25.7705,0.37678439,-0.0077416314,0.041851881,0.052430424,-0.71997981,0.050452505,0.69017003,0.038216619,0.10985143,-0.017341427
25.7805,0.37714557,-0.0064589892,0.041746167,0.052264999,-0.71733258,0.050055589,0.69296232,0.046329822,0.14199795,-0.0069649737
25.7905,0.37758688,-0.0048918569,0.041636309,0.052092519,-0.71485404,0.049782592,0.69555141,0.052759654,0.16767689,-0.010934462
25.8005,0.37809028,-0.0031101695,0.041527833,0.051932318,-0.71259545,0.049642893,0.69788706,0.057292926,0.18524263,-0.0056108737
25.8105,0.37863698,-0.0011697501,0.041412836,0.05174969,-0.71052651,0.049630543,0.70000775,0.056028269,0.19867318,-0.0069155461
25.8205,0.37904225,0.00084572485,0.041283893,0.051547528,-0.70828513,0.049691572,0.7022861,0.036139012,0.20213075,-0.012156452
25.8305,0.37931834,0.0028629197,0.041152125,0.051443061,-0.70596045,0.049695144,0.7046303,0.03035575,0.20322716,-0.024997401
25.8405,0.37954212,0.0048284702,0.041036,0.05121443,-0.70369674,0.049811207,0.70689944,0.024365187,0.19474081,-0.018224437
25.8505,0.37969295,0.0065945975,0.040968771,0.050694172,-0.70162821,0.049962001,0.70897938,0.013182027,0.14277711,0.01178886
25.8605,0.37966491,0.0076675996,0.041155939,0.049535872,-0.70023718,0.049205498,0.71048779,-0.00053783422,0.080349823,0.022798451
25.8705,0.37952665,0.0082433202,0.041322549,0.048145052,-0.6993273,0.047868712,0.71157007,-0.0072377012,0.043614534,-0.0013729794
25.8805,0.37934433,0.0085014066,0.041365558,0.04641321,-0.69871587,0.04656542,0.71237182,-0.0090001561,0.011753744,0.0081489281
25.8905,0.3791615,0.008536219,0.041428674,0.044571208,-0.69833644,0.045185346,0.71295014,-0.0075185401,-0.00340226,0.0062901916
25.9005,0.37899362,0.0084286391,0.041576606,0.042634795,-0.69784499,0.0437082,0.71364153,-0.0051950695,-0.017631488,0.024613401
25.9105,0.37882809,0.0082004798,0.04180184,0.040722371,-0.69705477,0.042079241,0.71462275,-0.0048885596,-0.027767704,0.025601677
25.9205,0.37866712,0.0078966292,0.042111364,0.038798327,-0.69606595,0.040502839,0.71578377,-0.0040758672,-0.033179347,0.03690555
25.9305,0.37851263,0.0074915893,0.042482643,0.036807576,-0.69509026,0.038866495,0.71692687,-0.00194974,-0.047435518,0.041349008
25.9405,0.37837062,0.0069805549,0.042942744,0.034870606,-0.69418037,0.03702476,0.71800196,-0.001367428,-0.055670643,0.045821121
25.9505,0.37823205,0.0064129974,0.043438036,0.033005049,-0.69325417,0.035178977,0.71907702,-0.0015115728,-0.058944727,0.053628983
25.9605,0.37811211,0.0057706611,0.043976663,0.031294625,-0.69252769,0.033114503,0.71995103,0.0010245953,-0.069222829,0.05715093
25.9705,0.37800186,0.0050539318,0.044556151,0.029306896,-0.69194349,0.03124379,0.72067964,0.0025982241,-0.074709337,0.060049229
25.9805,0.37791172,0.0043014386,0.045126484,0.027674823,-0.69145484,0.029145837,0.72130079,0.0022302007,-0.077589118,0.052200041
25.9905,0.37782777,0.0035125068,0.045688806,0.025942119,-0.69127025,0.027136292,0.72162044,0.0035372156,-0.084350723,0.041354617
26.0005,0.37776102,0.0026744414,0.046162308,0.02431484,-0.6915605,0.025018017,0.72147555,0.0037991037,-0.084923763,0.049140172
26.0105,0.37771656,0.0018606997,0.046753014,0.022867252,-0.69207424,0.022889368,0.72110084,0.0057703827,-0.080058163,0.062029585
26.0205,0.37769277,0.0010547585,0.047337589,0.021178641,-0.69304952,0.021051139,0.72027125,0.0058278066,-0.083388384,0.040141267
26.0305,0.37768697,0.0002242164,0.04773164,0.019479005,-0.69464542,0.019226575,0.71883144,0.0070991284,-0.08237957,0.03999922
26.0405,0.37770536,-0.00059742172,0.047997491,0.018278502,-0.69663299,0.017100104,0.71699091,0.0080972947,-0.080658821,0.027580417
26.0505,0.37773524,-0.0013933216,0.048256857,0.016351748,-0.69863045,0.015819211,0.71512088,0.0088845988,-0.080524576,0.0154981
26.0605,0.37777757,-0.0021866342,0.048396593,0.014952249,-0.70083825,0.01413193,0.71302347,0.010086975,-0.076319855,0.0120699
26.0705,0.37787317,-0.0028146622,0.048462779,0.013776776,-0.70327115,0.012457206,0.71067905,0.016409292,-0.048917675,-0.012255534
26.0805,0.37801836,-0.0032636499,0.048330363,0.012447319,-0.70593276,0.011212007,0.70808071,0.017502818,-0.043258574,-0.010496038
26.0905,0.37817093,-0.0036791499,0.04823263,0.011204746,-0.70836169,0.0099185366,0.70569101,0.018704464,-0.038873716,-0.012737232
26.1005,0.37832749,-0.0039919179,0.048027448,0.0099989078,-0.71077157,0.0088947816,0.70329559,0.015742339,-0.02885071,-0.01889024
26.1105,0.37843512,-0.0042495341,0.047853088,0.0088841214,-0.71302114,0.0077956505,0.70104291,0.010995541,-0.022354596,-0.019485136
26.1205,0.37849985,-0.0044389251,0.047648538,0.0077519149,-0.7151636,0.0067995022,0.69888103,0.0069086989,-0.016100598,-0.021208739
26.1305,0.37855257,-0.0044804378,0.047392996,0.0068952998,-0.7172216,0.0060786138,0.69678453,0.0052768069,-0.0031506983,-0.025110118
26.1405,0.37864194,-0.0044248471,0.047089709,0.0062943883,-0.71926916,0.0056040853,0.6946804,0.011378391,0.030674061,-0.039960662
26.1505,0.37880695,-0.0041682417,0.046697321,0.0061377276,-0.72139847,0.0056271754,0.69247016,0.014605685,0.028419754,-0.040179179
26.1605,0.37899607,-0.0039501901,0.046316068,0.0060997224,-0.72341066,0.0055922933,0.69036841,0.017013064,0.03490949,-0.04161404
26.1705,0.37927721,-0.0034271993,0.0458238,0.0066092573,-0.72554553,0.0063361255,0.68811326,0.023421833,0.069299765,-0.056779589
26.1805,0.37961094,-0.0027994748,0.045243663,0.0072374842,-0.72775461,0.0074976573,0.68575843,0.025879684,0.073184629,-0.061085616
26.1905,0.37997243,-0.0021304672,0.044645322,0.0080663564,-0.72993796,0.0087688658,0.68340956,0.026206594,0.059501453,-0.057043747
26.2005,0.38033524,-0.001547705,0.044030073,0.0088393255,-0.73210381,0.0099073456,0.68106367,0.028195132,0.066769653,-0.06792773
26.2105,0.3806994,-0.00099655823,0.043362077,0.0095287029,-0.73430003,0.011093511,0.67866752,0.027556762,0.062337152,-0.072161459
26.2205,0.38103773,-0.0005381541,0.042720939,0.010104901,-0.73640363,0.012079934,0.67635912,0.026855899,0.060259571,-0.070156661
26.2305,0.38135279,-6.8400614e-05,0.042012749,0.010599483,-0.73854938,0.013140139,0.67398798,0.018403617,0.029629477,-0.057648985
26.2405,0.38158845,0.00026238204,0.041747534,0.010937994,-0.73972619,0.013349442,0.67268664,0.022238458,0.040123734,-0.0051661683
26.2505,0.38183206,0.00071441924,0.041825384,0.010877452,-0.74007194,0.013642978,0.67230132,0.022212571,0.045731541,0.016431555
26.2605,0.38208155,0.001273736,0.042021942,0.010785862,-0.73972754,0.013882718,0.67267682,0.027432039,0.06472473,0.023126905
26.2705,0.38237605,0.0020242144,0.042203558,0.010877495,-0.73904239,0.014168066,0.67342208,0.031656494,0.096997847,-0.0029227966
26.2805,0.3827397,0.0030551444,0.042133321,0.011511254,-0.73853626,0.015092354,0.67394652,0.033012027,0.097663177,0.0056251289
26.2905,0.38310858,0.0041462818,0.042120702,0.01215701,-0.7374674,0.015954001,0.67508482,0.035405391,0.11865983,-0.0056560299
26.3005,0.38348657,0.0053213401,0.042090643,0.012914624,-0.73597733,0.016910296,0.67667172,0.035525387,0.11831992,-0.0016463796
26.3105,0.38385985,0.0065087622,0.042050298,0.013710343,-0.73432608,0.017890995,0.67842255,0.034885104,0.12128558,-0.0072724921
26.3205,0.38422287,0.007691965,0.041999336,0.014581022,-0.73238606,0.018908998,0.68047079,0.03381018,0.11276125,0.00046850949
26.3305,0.38458443,0.0088771791,0.041928298,0.015668605,-0.73018664,0.019984756,0.68277564,0.033733646,0.12223987,-0.01267573
26.3405,0.38493141,0.010011704,0.041851574,0.016624421,-0.72786651,0.021087607,0.68519288,0.03283924,0.11517519,-0.010400498
26.3505,0.38524398,0.010823635,0.041767802,0.017245478,-0.72541359,0.022023132,0.68774465,0.029547108,0.041727104,-0.0068689833
26.3605,0.38547911,0.010864197,0.041693419,0.017485769,-0.72273102,0.022542386,0.69054035,0.023437238,-0.024722496,-0.0062612383
26.3705,0.38564521,0.010358828,0.041606677,0.017715193,-0.71992999,0.022879716,0.69344322,0.016888786,-0.071548524,-0.0017494409
26.3805,0.38576338,0.0093923321,0.041504763,0.017973658,-0.71714793,0.023083685,0.69630664,0.014568708,-0.11775707,-0.010600901
26.3905,0.38585768,0.0080184118,0.041407192,0.018234819,-0.71444378,0.023138394,0.69907238,0.012743294,-0.1538925,-0.0083997691
26.4005,0.38591256,0.0063303676,0.041303902,0.018482967,-0.71182107,0.023004955,0.70174064,0.0025273677,-0.17815464,-0.0068723937
26.4105,0.38579847,0.0044368073,0.041166948,0.018842099,-0.70901055,0.022642392,0.70458239,-0.012778555,-0.19760853,-0.012650849
26.4205,0.38555002,0.0023912791,0.04104467,0.019221906,-0.70605274,0.022101188,0.70755323,-0.022769101,-0.21287498,-0.016862796
26.4305,0.38524446,0.00032838644,0.0410014,0.019594665,-0.70320053,0.021398019,0.71039931,-0.02547758,-0.18368036,0.014413598
26.4405,0.38494705,-0.0012359344,0.041361107,0.020470806,-0.70063945,0.021368634,0.7129016,-0.029986878,-0.14495983,0.031250777
26.4505,0.38461786,-0.0025951408,0.041524449,0.021373066,-0.69862699,0.021592959,0.71484073,-0.03211115,-0.11373874,0.025843273
26.4605,0.38430046,-0.0036316744,0.041685638,0.022423375,-0.69690598,0.022051837,0.71647259,-0.032158146,-0.086735768,0.021148824
26.4705,0.38402156,-0.0043187699,0.041883892,0.023755359,-0.69522858,0.022755103,0.71803559,-0.028764335,-0.050670159,0.021909689
26.4805,0.38380737,-0.0046766719,0.042135119,0.025404075,-0.69353075,0.023706557,0.71958858,-0.023009723,-0.024508514,0.026100453
26.4905,0.38366154,-0.0048436309,0.042383012,0.027201004,-0.69198303,0.024804836,0.72097456,-0.017429114,-0.010073292,0.023527974
26.5005,0.38358955,-0.0048410538,0.042700712,0.029201458,-0.6903332,0.026059384,0.72243218,-0.010151988,0.0094520961,0.03871842
26.5105,0.38358817,-0.0046687525,0.043117886,0.031385779,-0.68843381,0.027484414,0.72409836,-0.0045461594,0.02411612,0.04519393
26.5205,0.38363159,-0.0043806664,0.043566348,0.033608438,-0.68650639,0.028998136,0.72576757,-0.0018965875,0.032172815,0.040232851
26.5305,0.38372338,-0.0039865611,0.044074236,0.03591659,-0.68471183,0.030645448,0.727283,0.0023933169,0.044307088,0.048228644
26.5405,0.38385926,-0.0035019007,0.044642723,0.038178073,-0.68308449,0.032563279,0.72861351,0.0058274834,0.052339273,0.060672331
26.5505,0.38401737,-0.0029604557,0.045195853,0.040358215,-0.68163134,0.034614987,0.72976142,0.0068597746,0.056719489,0.057742187
26.5605,0.38420093,-0.0023529211,0.045690419,0.042319498,-0.68059641,0.036980156,0.73049986,0.0086991028,0.066225836,0.051493501
26.5705,0.38441184,-0.0016839114,0.046105706,0.043978313,-0.68004379,0.03975843,0.73077056,0.011229474,0.064938423,0.04542625
26.5805,0.38469226,-0.0012232089,0.046537232,0.04608846,-0.67998578,0.042114769,0.73056248,0.017794086,0.035605556,0.041800993
26.5905,0.38505663,-0.00091420198,0.046892074,0.048461572,-0.68068328,0.04421612,0.72963462,0.02440743,0.03283373,0.031611551
26.6005,0.38545552,-0.00054569579,0.04719537,0.050884363,-0.68194036,0.046144078,0.72817501,0.025358183,0.042470933,0.023515899
26.6105,0.38586176,-0.0001096692,0.047444284,0.052841274,-0.68361207,0.048360757,0.72632195,0.025986931,0.047524174,0.027734366
26.6205,0.38627987,0.00037967652,0.047647934,0.054525331,-0.68588198,0.050669656,0.72389604,0.026986338,0.055515542,0.011860614
26.6305,0.38670887,0.00092561927,0.04760246,0.055855316,-0.68885442,0.053045712,0.72079534,0.027727066,0.058039126,-0.002352134
26.6405,0.38715326,0.0014978289,0.047554273,0.057585621,-0.69215899,0.054727102,0.71735958,0.028961007,0.060261469,-0.020239435
26.6505,0.38759901,0.0021110048,0.047269915,0.058568398,-0.69571982,0.056967024,0.71365148,0.029413461,0.065983782,-0.024107485
26.6605,0.38806394,0.0027349695,0.047066173,0.060075947,-0.69932474,0.058534555,0.70986583,0.032212786,0.065074995,-0.02280527
26.6705,0.38852264,0.0033810744,0.046623119,0.060645295,-0.70300322,0.060732058,0.70598884,0.031568859,0.067704711,-0.040335385
26.6805,0.38899199,0.0040330848,0.046337019,0.061826131,-0.70638182,0.062253854,0.7023722,0.033383769,0.067345322,-0.033000754
26.6905,0.38945611,0.0046920893,0.046062202,0.062678696,-0.70937682,0.064033,0.69911064,0.033590444,0.066833654,-0.016018391
26.7005,0.38989841,0.0052896758,0.045927641,0.063370877,-0.71173388,0.065829874,0.69648075,0.032679793,0.058841158,-0.0018553685
26.7105,0.39032512,0.0058431459,0.045974109,0.064120292,-0.71340807,0.067584872,0.69452848,0.032516944,0.056424256,0.012819778
26.7205,0.39074069,0.0063622749,0.046149722,0.065083631,-0.71445498,0.069114678,0.69321091,0.032695299,0.051457763,0.023561935
26.7305,0.39113126,0.0067329634,0.046380312,0.066368315,-0.71520392,0.070039241,0.6922233,0.025838428,0.0050617991,0.0092770949
26.7405,0.39133804,0.0063260082,0.046309478,0.066566105,-0.71693347,0.069860993,0.69043088,0.011044218,-0.075344773,-0.025449036
26.7505,0.39137927,0.0053061478,0.045904224,0.065463044,-0.71945718,0.068858883,0.68800757,0.0013889877,-0.12360635,-0.055170682
26.7605,0.3913081,0.003916118,0.045242685,0.063544503,-0.72240076,0.067142004,0.68526724,-0.0042878728,-0.15314119,-0.075557346
26.7705,0.39118064,0.0022431706,0.044355022,0.061054048,-0.72567271,0.064818607,0.68225367,-0.0051750044,-0.18138986,-0.10089496
26.7805,0.39113348,0.0008931615,0.043461586,0.059262108,-0.72882821,0.063205376,0.67919256,0.0047908125,-0.083056028,-0.074268369
26.7905,0.39127609,0.00038209461,0.042855648,0.059136715,-0.73127161,0.063352343,0.67655832,0.014099543,-0.028867104,-0.051795057
26.8005,0.39145887,-0.00010780122,0.042225066,0.05901611,-0.73361198,0.063460527,0.67402027,0.012311341,-0.079183635,-0.080148351
26.8105,0.39160959,-0.00080477918,0.041705481,0.058383008,-0.73556598,0.062977238,0.67198808,0.017421457,-0.062146876,-0.018143801
26.8205,0.39178717,-0.0014693579,0.041731489,0.058012695,-0.73621168,0.062864477,0.67132328,0.017885653,-0.072591903,0.01720442
26.8305,0.39195983,-0.0022635172,0.04198269,0.057912769,-0.73641922,0.062692316,0.67112035,0.017631648,-0.085373771,0.029321224
26.8405,0.39212954,-0.0031911255,0.04225715,0.057801724,-0.73665216,0.062406311,0.6709009,0.016569668,-0.10961302,0.0095048711
26.8505,0.39224105,-0.0044252736,0.042176574,0.056921766,-0.73759149,0.061234449,0.67005152,0.016455489,-0.11953008,-0.00034924641
26.8605,0.39238861,-0.0055246066,0.042290155,0.056550918,-0.73770702,0.060531243,0.67001964,0.017744624,-0.11004282,0.0098963773
26.8705,0.39250099,-0.0066747681,0.042272094,0.055964743,-0.73756976,0.059484712,0.67031363,0.016716429,-0.10718148,0.0053268596
26.8805,0.39261776,-0.007723364,0.042296368,0.055571232,-0.73705138,0.058607168,0.67099352,0.016183216,-0.099988455,0.0044547617
26.8905,0.39271619,-0.0087411101,0.04229787,0.055177973,-0.73614403,0.057557933,0.67211193,0.016250641,-0.094568374,0.0044376746
26.9005,0.39280729,-0.0096955,0.042282416,0.054748777,-0.73485294,0.056530876,0.6736453,0.01554629,-0.093462299,-0.0030647552
26.9105,0.39289055,-0.010584619,0.04223955,0.054211467,-0.73342829,0.055590148,0.67531755,0.014606203,-0.088141398,-0.0067743711
26.9205,0.39295721,-0.011445375,0.042190138,0.05355966,-0.73170969,0.054520342,0.67731811,0.014495016,-0.091466661,-0.0071113258
26.9305,0.39300787,-0.01228603,0.042128892,0.052778524,-0.72975679,0.053252203,0.67958344,0.013937568,-0.090137996,-0.0098881721
26.9405,0.39308402,-0.012883975,0.042079954,0.052358737,-0.72770587,0.052053238,0.68190409,0.01807084,-0.030009219,-0.0070387538
26.9505,0.39324834,-0.01282462,0.042032815,0.052269401,-0.72534309,0.051270384,0.68448277,0.027324636,0.032359868,-0.0017376577
26.9605,0.39348841,-0.01226358,0.041941268,0.052158698,-0.72274536,0.050616115,0.68728206,0.03378643,0.074777722,-0.010063326
26.9705,0.39378431,-0.011321222,0.041856212,0.052029684,-0.72003259,0.050101021,0.6901709,0.038380277,0.10846311,-0.0046927192
26.9805,0.39414627,-0.010047546,0.041736312,0.051861881,-0.71739995,0.049702991,0.69294824,0.046222402,0.1414862,-0.011393195
26.9905,0.3945868,-0.008489898,0.041630405,0.051694667,-0.71490073,0.04943684,0.69555776,0.05268459,0.16651898,-0.0097524299
27.0005,0.39509021,-0.0067163124,0.041515273,0.051542208,-0.71263765,0.049305958,0.69789677,0.057291683,0.18536038,-0.01103889
27.0105,0.39564389,-0.0047833099,0.041397003,0.051364915,-0.71057886,0.04931418,0.70000532,0.05715876,0.19897574,-0.011899068
27.0205,0.39605397,-0.002778099,0.041274704,0.051170271,-0.7083289,0.049389382,0.70229086,0.036806413,0.20259188,-0.018115888
27.0305,0.39632992,-0.0007727125,0.041149263,0.05108141,-0.70598702,0.049396047,0.70465102,0.029512525,0.19951662,-0.013483133
27.0405,0.39655461,0.0011801692,0.041032562,0.05088327,-0.70372284,0.049499662,0.70691926,0.024163259,0.19097614,-0.0066884276
27.0505,0.39670034,0.0029368768,0.040967005,0.050417072,-0.70162046,0.049710674,0.70902447,0.012915857,0.14437675,0.013982247
27.0605,0.39667823,0.0040326119,0.041171938,0.04936315,-0.70017237,0.049074193,0.71057277,-0.00046046415,0.082741243,0.024244465
27.0705,0.39654332,0.0046322054,0.041339861,0.047963707,-0.69922414,0.047939011,0.71167895,-0.0072372663,0.045112131,0.00033104864
27.0805,0.39636093,0.004897551,0.041394304,0.046462123,-0.69859521,0.046556109,0.71248757,-0.0093555893,0.012371148,0.0083345546
27.0905,0.39618179,0.0049463858,0.041465948,0.044661448,-0.69819114,0.045256527,0.71308228,-0.0075071444,-0.0020933168,0.0069368996
27.1005,0.39601683,0.0048508293,0.041615166,0.042772926,-0.69768778,0.043835005,0.71377919,-0.0049832706,-0.016616324,0.0231259
27.1105,0.39585696,0.004630584,0.041813314,0.040907725,-0.6969104,0.042245844,0.71474313,-0.0040328062,-0.027603039,0.025450288
27.1205,0.39570296,0.0043335044,0.042131708,0.039006402,-0.69591412,0.040718572,0.71590784,-0.0035713677,-0.032480629,0.037166532
27.1305,0.39555417,0.0039413464,0.04251188,0.037085938,-0.69493553,0.039082855,0.71705074,-0.0020115405,-0.045696027,0.045072128
27.1405,0.39541396,0.0034424709,0.042957201,0.035193516,-0.69405035,0.037270234,0.7180992,-0.0011548451,-0.053548132,0.051018752
27.1505,0.39527767,0.0028876538,0.043464514,0.033373954,-0.69313684,0.035453684,0.7191596,-0.0018319932,-0.057378125,0.056813527
27.1605,0.39515452,0.0022590672,0.043995056,0.031623074,-0.6924085,0.033501016,0.72003342,0.0003262826,-0.069120789,0.046989006
27.1705,0.39504745,0.0015506551,0.044551735,0.02970691,-0.69186647,0.031618449,0.72072086,0.0012979894,-0.073818047,0.05757607
27.1805,0.3949621,0.00080115621,0.045120664,0.028162272,-0.69140019,0.029476273,0.72132088,0.0021042187,-0.078361864,0.04721339
27.1905,0.394881,1.4397125e-05,0.045681265,0.026487884,-0.69123235,0.027439414,0.72162546,0.0036945726,-0.080887136,0.05823508
27.2005,0.39481854,-0.00080689408,0.046175343,0.024933066,-0.69152109,0.02528906,0.72148277,0.0040429172,-0.082761141,0.053415521
27.2105,0.39477424,-0.0015987884,0.046807818,0.023406626,-0.69199416,0.023282982,0.72114778,0.005446717,-0.077818027,0.067086372
27.2205,0.39475006,-0.0023963816,0.047353886,0.021622715,-0.69295749,0.021579006,0.72033098,0.006112108,-0.080911502,0.04941323
27.2305,0.39474643,-0.0032108006,0.047735961,0.0201887,-0.69459366,0.019539686,0.71885344,0.00722525,-0.083032556,0.028217995
27.2405,0.39476282,-0.0040081157,0.048044842,0.018526929,-0.69648369,0.017912583,0.71710973,0.0083339466,-0.079478881,0.025589184
27.2505,0.39479418,-0.0047985326,0.048256595,0.01712127,-0.6986097,0.016154065,0.71511565,0.0086458659,-0.079210215,0.022867359
27.2605,0.39484327,-0.0055736086,0.048377293,0.015474858,-0.70084104,0.014755883,0.71299694,0.010632879,-0.076125984,0.0070934643
27.2705,0.39493159,-0.0062266846,0.048464634,0.014252852,-0.70320536,0.013045493,0.7107242,0.013878854,-0.056289733,0.0023533869
27.2805,0.39508691,-0.0066069555,0.048366144,0.013226959,-0.70588111,0.011748595,0.70810937,0.020158862,-0.029875917,-0.017145256
27.2905,0.39527552,-0.0069610305,0.048184747,0.011836505,-0.70834171,0.010977746,0.70568506,0.020690451,-0.035715952,-0.016727141
27.3005,0.39543162,-0.0072930934,0.048068671,0.010650673,-0.7106064,0.0098851631,0.70343969,0.015861854,-0.028833956,-0.01298026
27.3105,0.39555951,-0.0074607671,0.047875232,0.0098476772,-0.71291883,0.0089032605,0.70112089,0.01107254,-0.016599247,-0.021848514
27.3205,0.39562668,-0.0076122498,0.047654192,0.0089022675,-0.71513143,0.0079093306,0.69888856,0.0064356697,-0.014282493,-0.022015691
27.3305,0.39567152,-0.0076953025,0.047409105,0.0079531681,-0.71717148,0.0071257323,0.69681493,0.0052707695,0.00095178228,-0.027163881
27.3405,0.39576102,-0.0076359412,0.047098425,0.0073467722,-0.71923068,0.0066728153,0.69470046,0.011251015,0.024427954,-0.038412698
27.3505,0.39592339,-0.0073976741,0.046712228,0.0071678421,-0.7213531,0.0066544461,0.69249841,0.01447428,0.023397402,-0.03849739
27.3605,0.39613123,-0.0070529761,0.046287823,0.0072464683,-0.72343143,0.006946013,0.69032326,0.016971403,0.036636633,-0.042571024
27.3705,0.39639626,-0.0066222941,0.045814434,0.0075924314,-0.72553245,0.0075025836,0.68810517,0.021684533,0.033505428,-0.04642518
27.3805,0.39673167,-0.0060262881,0.045245993,0.0082501859,-0.72773346,0.0085552964,0.68575706,0.025295441,0.055830312,-0.055258218
27.3905,0.39709557,-0.0053810189,0.044658626,0.0090536611,-0.72990565,0.009775477,0.68341803,0.027240096,0.064689879,-0.057153441
27.4005,0.39746867,-0.0047682668,0.044026181,0.0098376925,-0.73208409,0.011013727,0.68105419,0.025968267,0.040966053,-0.058107342
27.4105,0.39783571,-0.0042295096,0.043365517,0.010520287,-0.73427515,0.01215622,0.67866159,0.026745056,0.051311566,-0.064741515
27.4205,0.39818459,-0.0037307335,0.042701708,0.011140675,-0.73641078,0.013248675,0.67631318,0.024034395,0.040051323,-0.061991616
27.4305,0.39847143,-0.003380272,0.042045893,0.01158878,-0.73848994,0.013947091,0.67402062,0.017860984,0.025761269,-0.058141363
27.4405,0.39869165,-0.0030867988,0.041772837,0.011636196,-0.73967127,0.01432736,0.67271519,0.02016522,0.035744783,-0.0049451211
27.4505,0.39891945,-0.0026828379,0.041846038,0.011687104,-0.74002775,0.014485634,0.67231875,0.022909525,0.046327815,0.016562879
27.4605,0.39916606,-0.0021443432,0.042037867,0.011681675,-0.73973528,0.014636066,0.67263738,0.027063314,0.062899428,0.022238661
27.4705,0.39946065,-0.0013964439,0.042197736,0.011816645,-0.73909827,0.014944393,0.67332813,0.031604499,0.099013549,-0.0077422023
27.4805,0.39982805,-0.00035297978,0.042094581,0.012487477,-0.73864211,0.015947225,0.67379342,0.033009763,0.09841714,0.0040966946
27.4905,0.40018392,0.00068366297,0.042140481,0.012955497,-0.7374595,0.016623765,0.67506244,0.035921063,0.12470809,-0.013198387
27.5005,0.40056516,0.0018611888,0.042104828,0.013702175,-0.73597074,0.017607971,0.67664561,0.035878912,0.12010624,-0.0035046532
27.5105,0.4009442,0.0030618968,0.042048145,0.014516038,-0.73434114,0.018646925,0.67836912,0.035231728,0.12217912,-0.0081367811
27.5205,0.40131394,0.004257905,0.04198686,0.015410901,-0.73241127,0.019717638,0.68040242,0.034358347,0.11644332,-0.0026039759
27.5305,0.40167455,0.0054370909,0.041922239,0.016401327,-0.73016358,0.020810995,0.68275841,0.033489822,0.11162418,-0.0020064197
27.5405,0.40202104,0.0065591677,0.041857392,0.017390281,-0.72786209,0.021834584,0.68515517,0.032405876,0.10889187,-0.0055799362
27.5505,0.40233315,0.0073468985,0.041763327,0.018090947,-0.72543634,0.022796216,0.68767374,0.028657139,0.035718697,-0.0038076047
27.5605,0.40255942,0.0073407788,0.041694882,0.018341623,-0.72274569,0.023308644,0.69047734,0.02233463,-0.029166811,-0.0035659309
27.5705,0.40271821,0.0067980363,0.041606326,0.018571523,-0.71994773,0.02365157,0.6933765,0.016222837,-0.075016844,-0.0096796534
27.5805,0.40282937,0.0058035872,0.04150921,0.018827136,-0.71715955,0.023858349,0.69624601,0.013578972,-0.11990103,-0.0074049804
27.5905,0.40291855,0.0044059904,0.041406526,0.01908248,-0.71446143,0.023912251,0.69900567,0.01209652,-0.15799688,-0.017450461
27.6005,0.40296765,0.0026993742,0.041298037,0.019320981,-0.71184326,0.023769071,0.70167009,0.0023168671,-0.18246259,-0.016827485
27.6105,0.40284826,0.00079618309,0.04117375,0.019674323,-0.70901322,0.023396415,0.70453231,-0.012723745,-0.19933173,-0.014868133
27.6205,0.40259974,-0.0012611083,0.041035236,0.020036053,-0.70608268,0.022841905,0.70747725,-0.022754126,-0.21350716,-0.0177092
27.6305,0.40229457,-0.0033290214,0.041004985,0.020437248,-0.7031795,0.022192505,0.71037202,-0.025456434,-0.18481966,0.012056981
27.6405,0.40200388,-0.0048869463,0.041360414,0.021399956,-0.70060566,0.022271485,0.71287989,-0.028701697,-0.1352937,0.044547277
27.6505,0.4016751,-0.0062520981,0.041488826,0.022343742,-0.69861401,0.022535501,0.71479464,-0.03275682,-0.11685851,0.018590572
27.6605,0.40136323,-0.00726566,0.04166814,0.023453173,-0.69688391,0.023042146,0.71642991,-0.033522126,-0.094608428,0.004175498
27.6705,0.40108737,-0.0079366714,0.041876646,0.024817233,-0.69520892,0.023768383,0.71798588,-0.028164516,-0.046735662,0.02776672
27.6805,0.40087571,-0.0082823055,0.042131043,0.026481647,-0.69351931,0.02472917,0.71952634,-0.023031556,-0.024538692,0.024178041
27.6905,0.40073241,-0.008442831,0.042382776,0.02828162,-0.6919846,0.02582621,0.7208956,-0.017525965,-0.010419131,0.0208784
27.7005,0.40066331,-0.0084364238,0.0426993,0.030322163,-0.69035273,0.027023982,0.7223319,-0.0099470614,0.0091805064,0.036452749
27.7105,0.4006635,-0.0082578185,0.043106825,0.032450478,-0.68848033,0.028479267,0.72396874,-0.0045866585,0.024138225,0.041441834
27.7205,0.40071204,-0.0079662191,0.043552995,0.034619185,-0.68655054,0.030020583,0.72563671,-0.0011721572,0.032438286,0.041740104
27.7305,0.40080611,-0.0075732579,0.044063499,0.036863021,-0.68475183,0.031690129,0.7271532,0.0029661902,0.044617845,0.05512758
27.7405,0.40094058,-0.0070890882,0.044628507,0.039156381,-0.68314688,0.033511683,0.72846008,0.0054524192,0.051962818,0.054437425
27.7505,0.4010991,-0.0065522378,0.045190798,0.041294766,-0.6816954,0.035547068,0.72960436,0.0069794824,0.056252226,0.057074619
27.7605,0.40128341,-0.0059509967,0.045685583,0.043183481,-0.68065709,0.037924619,0.73034432,0.0086184081,0.06557778,0.050054851
27.7705,0.40149375,-0.0052912256,0.046097229,0.044776922,-0.68010048,0.040698775,0.73061752,0.011519074,0.063378794,0.043373436
27.7805,0.40178445,-0.0048256897,0.046519739,0.046799687,-0.68000301,0.043068377,0.73044563,0.020064515,0.03733794,0.04210494
27.7905,0.40215206,-0.0045202686,0.046875433,0.04913974,-0.68067887,0.045127767,0.72953756,0.024897439,0.027497087,0.028337701
27.8005,0.40256308,-0.0042310156,0.047142316,0.051473021,-0.68204655,0.047119917,0.72797167,0.026771509,0.034626405,0.026181324
27.8105,0.40298425,-0.0038640302,0.047424648,0.053603354,-0.68375513,0.049114396,0.72608084,0.027578745,0.041441753,0.027735716
27.8205,0.40341814,-0.0034237415,0.047594929,0.05522824,-0.68606826,0.051428822,0.72361264,0.028652312,0.051650287,0.0077344627
27.8305,0.40386264,-0.0029089047,0.047514797,0.05645911,-0.68907968,0.053837876,0.72047418,0.029135177,0.056425001,-0.0043691446
27.8405,0.40432019,-0.0023610706,0.04747115,0.058137924,-0.6923796,0.055509029,0.71704199,0.030539173,0.057976319,-0.014627076
27.8505,0.40477972,-0.0017693673,0.04720609,0.059142079,-0.69591809,0.057656168,0.71335545,0.031005745,0.064711729,-0.029241098
27.8605,0.40525367,-0.0011473532,0.046955861,0.060383285,-0.69953521,0.05941923,0.70955881,0.032969093,0.065559736,-0.026793319
27.8705,0.40573387,-0.00051163234,0.046612697,0.061368643,-0.70315149,0.061175957,0.7057403,0.034890696,0.065884001,-0.039741602
27.8805,0.40621769,0.00014919393,0.046295938,0.062212311,-0.70650897,0.063026061,0.70214131,0.034905763,0.070293113,-0.020732116
27.8905,0.40668808,0.00080025118,0.046027852,0.063004098,-0.70949775,0.064797245,0.69888822,0.034424281,0.066598751,-0.012010796
27.9005,0.40713682,0.0013957319,0.045904718,0.063710655,-0.71184569,0.066536536,0.69626831,0.033542018,0.059007264,0.0011480954
27.9105,0.40756863,0.0019441283,0.04593902,0.064478307,-0.71352164,0.068204929,0.69431802,0.033472215,0.057057904,0.017405971
27.9205,0.407991,0.0024623861,0.046113736,0.065465889,-0.71456142,0.069678065,0.69300877,0.033714236,0.052407369,0.028974875
27.9305,0.40839853,0.0028798021,0.046342061,0.066836466,-0.715254,0.070653628,0.69206406,0.029012896,0.022074534,0.012603173
27.9405,0.40864535,0.0026108929,0.046309471,0.067382588,-0.71686415,0.070694044,0.69033885,0.013163729,-0.063738752,-0.021962375
27.9505,0.40871297,0.001685329,0.045938421,0.06648742,-0.71930511,0.069871775,0.68796622,0.0027025115,-0.11561403,-0.052003553
27.9605,0.40865912,0.00035942872,0.045310229,0.064693215,-0.72218525,0.068292957,0.68527318,-0.0036750539,-0.1477398,-0.073047013
27.9705,0.40853909,-0.0012712886,0.044444882,0.062274683,-0.72541748,0.066067653,0.68229496,-0.0050747789,-0.17801083,-0.098842512
27.9805,0.40845351,-0.0028063759,0.043490268,0.060090755,-0.72869931,0.064051606,0.67917878,0.0027370126,-0.10220818,-0.081408086
27.9905,0.4085658,-0.0034353142,0.042835454,0.059725318,-0.73124487,0.063954722,0.67647884,0.012310616,-0.036292861,-0.055024604
28.0005,0.40875746,-0.0038476179,0.042249684,0.059771271,-0.73351419,0.064253588,0.67398502,0.013104132,-0.067043622,-0.073500254
28.0105,0.4088992,-0.0046255032,0.041766048,0.059245697,-0.73541338,0.063847293,0.6719975,0.015112088,-0.078258477,-0.014878007
28.0205,0.40906029,-0.0054278796,0.041827635,0.058834264,-0.7360212,0.063794435,0.67137291,0.01654062,-0.083644826,0.019577664
28.0305,0.40922346,-0.0063046756,0.042082926,0.058683215,-0.7362317,0.063669701,0.67116714,0.016758317,-0.091590121,0.029135903
28.0405,0.40936241,-0.0073817375,0.042204993,0.058247826,-0.73677426,0.0630178,0.67067104,0.013961842,-0.13142723,-0.018016854
28.0505,0.40948755,-0.0085794288,0.042199136,0.057552343,-0.73754015,0.062034943,0.66998054,0.017595418,-0.11087871,0.012454018
28.0605,0.40962051,-0.0097236932,0.042247789,0.057027716,-0.73777896,0.061136175,0.66984507,0.015981147,-0.12013669,-0.0053798913
28.0705,0.40974647,-0.010812203,0.042296099,0.056650927,-0.73748751,0.060216323,0.67028117,0.015787817,-0.11361069,-0.0058449632
28.0805,0.40985961,-0.011851784,0.042303547,0.056279658,-0.73698743,0.059240786,0.67094907,0.01564733,-0.10419997,-0.0042592688
28.0905,0.40996532,-0.012823976,0.042306512,0.05592998,-0.73606707,0.058276957,0.6720721,0.015986392,-0.095904574,-0.0011379129
28.1005,0.41005833,-0.013746519,0.042282465,0.05549471,-0.73478515,0.057266763,0.67359605,0.015402915,-0.091546137,-0.0046756722
28.1105,0.41014618,-0.014595635,0.042242491,0.055010746,-0.73333611,0.056381822,0.67528739,0.01471217,-0.084986315,-0.0066920733
28.1205,0.41022169,-0.015398245,0.042194966,0.05447896,-0.73161588,0.055423609,0.67727282,0.014715505,-0.083106836,-0.0063452845
28.1305,0.41027967,-0.016185331,0.042131702,0.053796734,-0.7296645,0.054265651,0.67952253,0.014408249,-0.07710753,-0.0060176299
28.1405,0.41036996,-0.01669428,0.042087955,0.053568037,-0.72758513,0.053224361,0.6818486,0.01820781,-0.022743068,-0.0077609433
28.1505,0.41054054,-0.01657709,0.042032488,0.053525876,-0.72522482,0.052485348,0.6844189,0.027715553,0.035491132,-0.010818629
28.1605,0.41078704,-0.015971316,0.041953549,0.053445937,-0.72260257,0.051864358,0.68724023,0.034274216,0.078592137,-0.01039406
28.1705,0.41108807,-0.014996031,0.041853331,0.05331628,-0.71991284,0.051354731,0.69010548,0.038802395,0.11147921,-0.0096839313
28.1805,0.41146042,-0.013697527,0.041750274,0.053158641,-0.71727704,0.05096444,0.69288559,0.047378924,0.14395545,-0.011323236
28.1905,0.41191331,-0.012116679,0.041637048,0.0529939,-0.71481288,0.050701799,0.69545922,0.053879376,0.16950461,-0.014559044
28.2005,0.41242581,-0.010324396,0.041529534,0.052841316,-0.712549,0.050573825,0.6977994,0.057656696,0.18702255,-0.0094743547
28.2105,0.41297509,-0.0083741907,0.041408761,0.052672004,-0.710457,0.050571946,0.69994214,0.057971314,0.20211319,-0.019441644
28.2205,0.41339457,-0.0063528829,0.041283349,0.052486644,-0.70820013,0.050630214,0.70223522,0.037925196,0.20364758,-0.016061632
28.2305,0.41368511,-0.0043303264,0.041151628,0.052363018,-0.7058757,0.050668627,0.7045781,0.030957367,0.20074971,-0.011283464
28.2405,0.41392758,-0.0023599615,0.041032288,0.052163035,-0.70363774,0.050770744,0.70682054,0.027863112,0.19562885,-0.021530652
28.2505,0.41408783,-0.00058215243,0.040951274,0.051704062,-0.70155687,0.050927859,0.70890832,0.014047851,0.14681971,0.0083257808
28.2605,0.41407605,0.00053541829,0.041126299,0.050586194,-0.70015227,0.050221329,0.71042639,0.00060708733,0.083941353,0.022872542
28.2705,0.41394937,0.0011229384,0.041355306,0.049157086,-0.69918339,0.04893246,0.71156995,-0.0063266836,0.039406476,0.017189332
28.2805,0.41377123,0.0014007531,0.041376086,0.047458454,-0.69856775,0.047667475,0.71237533,-0.0089158058,0.013287681,0.0063111441
28.2905,0.41359026,0.0014463409,0.041430454,0.045655192,-0.69818265,0.046310231,0.71296,-0.0075283811,-0.0026624575,0.005984869
28.3005,0.41342394,0.0013458674,0.041577715,0.043769564,-0.69768719,0.044835885,0.71365717,-0.0051069595,-0.017866723,0.021930613
28.3105,0.41326095,0.0011237044,0.041837941,0.041801228,-0.69687096,0.043304749,0.71466651,-0.0048140331,-0.026805248,0.022921606
28.3205,0.4131032,0.00082523648,0.042124577,0.0399689,-0.69590354,0.041686761,0.71580931,-0.0041179058,-0.032574684,0.036207192
28.3305,0.41295362,0.00042941836,0.042500565,0.038119452,-0.6949385,0.039957998,0.71694543,-0.0020315606,-0.046366906,0.042339528
28.3405,0.41280772,-7.1653711e-05,0.042948128,0.036185026,-0.69404459,0.038172534,0.71800808,-0.0021547668,-0.054030835,0.052135343
28.3505,0.41266875,-0.00063462405,0.043453943,0.034341607,-0.69313124,0.036361083,0.71907413,-0.0020631806,-0.058271291,0.054164997
28.3605,0.41254368,-0.0012696154,0.043993341,0.032525848,-0.69238885,0.034451358,0.71996725,0.00091840453,-0.068325351,0.059666307
28.3705,0.41243632,-0.0019771285,0.044563053,0.030700143,-0.69184432,0.032461874,0.720663,0.0013537956,-0.074322602,0.052327633
28.3805,0.41234378,-0.0027197699,0.045134146,0.029080393,-0.69136858,0.030398419,0.72127647,0.0027517733,-0.076568957,0.05321855
28.3905,0.41226422,-0.0035011182,0.045684811,0.027485484,-0.691215,0.028317968,0.72157084,0.0028884763,-0.080622304,0.058156892
28.4005,0.4121939,-0.0043269163,0.046170929,0.025813353,-0.69149266,0.026292198,0.7214432,0.0036471761,-0.085248965,0.039381724
28.4105,0.41214572,-0.0051336024,0.046717544,0.024403013,-0.69205787,0.0241656,0.72102456,0.0049034437,-0.078553559,0.061563419
28.4205,0.41211706,-0.0059140754,0.047357053,0.022703884,-0.69300485,0.022359546,0.72022834,0.0055652561,-0.080050809,0.05215854
28.4305,0.41210803,-0.0067295783,0.047705576,0.021089424,-0.69463751,0.020540999,0.71875728,0.0065632318,-0.082333565,0.034229117
28.4405,0.41211489,-0.0075404706,0.04799811,0.019566936,-0.69655664,0.018748386,0.71698988,0.0070038348,-0.079892465,0.027184613
28.4505,0.41213509,-0.0083396327,0.048238732,0.018063016,-0.69868251,0.017050903,0.71500052,0.008176192,-0.079408443,0.016545849
28.4605,0.41218005,-0.0091204336,0.048345508,0.016398657,-0.70092449,0.015666411,0.71287482,0.0096975335,-0.077969923,0.011032349
28.4705,0.41225271,-0.0098175043,0.048447358,0.015204358,-0.70325756,0.013941739,0.71063581,0.013290429,-0.061333196,0.0053050897
28.4805,0.41239077,-0.010289366,0.048418935,0.014145019,-0.70580422,0.01241601,0.70815688,0.020738753,-0.027903079,-0.020635208
28.4905,0.41262247,-0.010530211,0.04815276,0.012739025,-0.7084037,0.011989953,0.70559064,0.024389611,-0.027327797,-0.020328422
28.5005,0.41280592,-0.010810582,0.048024751,0.011551985,-0.71062695,0.011045107,0.70338744,0.017110903,-0.0275601,-0.0082891744
28.5105,0.41292571,-0.011044467,0.047888234,0.01057165,-0.71284101,0.0098884808,0.70117626,0.012585768,-0.011222751,-0.021168427
28.5205,0.41303995,-0.01102821,0.047624301,0.0099510289,-0.71513082,0.0092590403,0.69885847,0.0081596927,-0.0018611794,-0.02610501
28.5305,0.41309603,-0.011087248,0.047390437,0.0091765522,-0.71719256,0.0084557984,0.69676332,0.0053827765,-0.0082885693,-0.022233904
28.5405,0.4131934,-0.011004893,0.047088155,0.0086750649,-0.71925458,0.008019021,0.69464616,0.01166676,0.027254472,-0.038352339
28.5505,0.4133624,-0.010748755,0.046698435,0.0085295238,-0.72138642,0.0080486717,0.69243346,0.015497895,0.041479502,-0.044675943
28.5605,0.41357454,-0.01039378,0.046269457,0.0086193342,-0.72347202,0.0083752567,0.69024908,0.017144457,0.037341034,-0.042845228
28.5705,0.41383471,-0.0099776199,0.045784036,0.0088507752,-0.72556478,0.0089751957,0.68803841,0.022329304,0.047739326,-0.051408874
28.5805,0.4141663,-0.0093979267,0.04522106,0.009483127,-0.72776606,0.0099879648,0.68568716,0.02634822,0.06761706,-0.05887465
28.5905,0.41453582,-0.0087385468,0.044631667,0.010360259,-0.72994454,0.011213208,0.68333586,0.026796102,0.055011884,-0.055185446
28.6005,0.41490706,-0.0081651967,0.044022746,0.011132156,-0.73210647,0.012338872,0.68098748,0.027498862,0.055719569,-0.062960098
28.6105,0.41528713,-0.0075677989,0.043336753,0.011901209,-0.7343314,0.013644225,0.67854963,0.025979474,0.046010488,-0.063515786
28.6205,0.41562977,-0.007105379,0.042697218,0.012509011,-0.73641806,0.014660493,0.6762522,0.026588828,0.057121701,-0.068504187
28.6305,0.41592707,-0.0067074424,0.042033739,0.0128881,-0.73849731,0.015518879,0.67395459,0.019551424,0.031698209,-0.053252199
28.6405,0.41616558,-0.006351923,0.041790665,0.012977941,-0.73960879,0.015877407,0.67272455,0.022066911,0.040980652,-0.0027261769
28.6505,0.41641037,-0.0058958427,0.041890557,0.013052306,-0.73990689,0.016025831,0.67239171,0.024154381,0.048857228,0.0168688
28.6605,0.41667969,-0.0053148665,0.042089439,0.013077546,-0.73963357,0.016157398,0.6726887,0.029193316,0.066005702,0.022238674
28.6705,0.4170075,-0.0044868733,0.042167439,0.01338358,-0.73914389,0.016675332,0.67320808,0.033783928,0.11206961,-0.023508867
28.6805,0.41737751,-0.0034729399,0.042117463,0.013957548,-0.73858905,0.017546634,0.673783,0.034202408,0.095730597,0.0082442894
28.6905,0.41775495,-0.0023968845,0.04211557,0.014555946,-0.73748927,0.018394532,0.67495136,0.036774581,0.12554866,-0.014728233
28.7005,0.41813459,-0.00125449,0.042110067,0.015224642,-0.73594087,0.019280459,0.67659996,0.036285286,0.11388171,0.0021394826
28.7105,0.41852091,-5.8239184e-05,0.042036692,0.016070174,-0.73433882,0.020360997,0.67828731,0.035204478,0.11033397,0.0036100878
28.7205,0.41889883,0.0011292481,0.041978699,0.017009388,-0.73240018,0.021469597,0.68032324,0.035270747,0.11945355,-0.0059841851
28.7305,0.41926875,0.0022957511,0.041916026,0.018061126,-0.73015573,0.022579549,0.68266871,0.03466124,0.12022612,-0.011614886
28.7405,0.41962711,0.0034170134,0.041844227,0.019136179,-0.72785364,0.023667221,0.68505674,0.033563412,0.11547652,-0.012137321
28.7505,0.41993269,0.0041394333,0.041780818,0.019671323,-0.72535834,0.024649344,0.6876487,0.028023088,0.02949124,-0.0012963795
28.7605,0.42015551,0.0040905122,0.04170431,0.019911839,-0.72266131,0.025177977,0.69045653,0.02189815,-0.032437269,-0.010398697
28.7705,0.42030719,0.0035139878,0.041610023,0.020165553,-0.71985718,0.025490897,0.6933608,0.015939042,-0.078027016,-0.0049308887
28.7805,0.42041261,0.0024903641,0.041509578,0.020449548,-0.71706361,0.025655625,0.69623515,0.013236307,-0.12360001,-0.014711946
28.7905,0.42049396,0.0010694744,0.041404817,0.020726456,-0.71436738,0.025666656,0.69899277,0.01125337,-0.15874958,-0.011981723
28.8005,0.42053695,-0.00065543711,0.041303407,0.020995796,-0.71175385,0.025468237,0.70165305,0.0017308665,-0.18466559,-0.017461893
28.8105,0.42041159,-0.0025750968,0.041178962,0.021378444,-0.70894148,0.025039166,0.70449839,-0.013114306,-0.19853609,-0.0065309982
28.8205,0.42015861,-0.0046432492,0.041053875,0.021746265,-0.70599514,0.024453037,0.70746025,-0.023526729,-0.21275393,-0.010242685
28.8305,0.41984838,-0.0067062879,0.041031337,0.022146265,-0.70310584,0.023761858,0.71034294,-0.025933747,-0.18149611,0.018625323
28.8405,0.41954874,-0.0082542034,0.041402759,0.023095598,-0.70049909,0.023800221,0.7128823,-0.031100305,-0.14696027,0.025266726
28.8505,0.41921018,-0.009623007,0.041520198,0.023997041,-0.69850274,0.024030995,0.71480107,-0.032865034,-0.11359068,0.023232688
28.8605,0.41889139,-0.010635612,0.041687329,0.025076848,-0.69677256,0.024521199,0.71643413,-0.033479523,-0.090934028,0.0097598016
28.8705,0.41861531,-0.011283607,0.041923305,0.026445882,-0.69507243,0.025261328,0.71800891,-0.028757099,-0.048363437,0.022436108
28.8805,0.41840151,-0.011630936,0.042166639,0.028090551,-0.6933929,0.026214061,0.71953459,-0.022787901,-0.023226047,0.026582543
28.8905,0.41825742,-0.011791098,0.042409465,0.029876076,-0.69186778,0.027305854,0.72088888,-0.017811118,-0.011400339,0.016886329
28.9005,0.41818937,-0.011786141,0.042720894,0.031861108,-0.69024325,0.028543712,0.72231183,-0.010077195,0.008356868,0.033357731
28.9105,0.41818956,-0.011615115,0.043131572,0.0340428,-0.68837897,0.0299069,0.72393443,-0.0048109312,0.023273286,0.040423632
28.9205,0.41823361,-0.01132906,0.043575364,0.036216056,-0.68647466,0.031407916,0.72557183,-0.0018402268,0.032124714,0.041640768
28.9305,0.41832262,-0.010939115,0.044064979,0.038389788,-0.68469754,0.033114701,0.72706184,0.0023667639,0.044515733,0.049413565
28.9405,0.41845341,-0.010454652,0.044605812,0.040620461,-0.68310846,0.034972496,0.72834726,0.005037802,0.052041985,0.052345222
28.9505,0.41860995,-0.0099160036,0.045160877,0.042664842,-0.68165685,0.037088427,0.72948481,0.006944761,0.057021457,0.052803722
28.9605,0.41879127,-0.0093086792,0.045645524,0.044512989,-0.68062839,0.03949035,0.73020826,0.0077333966,0.066366506,0.040404476
28.9705,0.41899829,-0.0086497741,0.046083176,0.046215418,-0.6800672,0.042124789,0.73047809,0.011804611,0.061096486,0.053501843
28.9805,0.41926701,-0.0082186465,0.046575387,0.048584112,-0.67996193,0.044118546,0.73030467,0.01765257,0.034190371,0.045421421
28.9905,0.41961415,-0.0079238675,0.046918013,0.050875758,-0.68062838,0.046194014,0.72939892,0.022638634,0.032590583,0.023932298
29.0005,0.41999082,-0.007555844,0.047167127,0.052873832,-0.68188067,0.048453892,0.7279391,0.02350234,0.042565923,0.024446962
29.0105,0.4203752,-0.007121285,0.047446024,0.054796025,-0.68352384,0.05059244,0.72610809,0.024194613,0.047571942,0.030038345
29.0205,0.42077169,-0.0066308127,0.047656758,0.056551728,-0.68578228,0.052695828,0.72369035,0.024963637,0.053683333,-0.00013416771
29.0305,0.42118197,-0.0060831672,0.047635836,0.058030154,-0.68874453,0.054796596,0.72059753,0.025874782,0.058638926,0.0010868372
29.0405,0.4215964,-0.0055002223,0.047507606,0.059254943,-0.6920658,0.056881414,0.71714593,0.02643827,0.062078714,-0.013102886
29.0505,0.42201609,-0.0048946609,0.047310843,0.060467476,-0.69559387,0.058760631,0.71347042,0.027325139,0.06544199,-0.021496627
29.0605,0.42245024,-0.0042594737,0.047018412,0.06157612,-0.69923801,0.060588826,0.70965033,0.029748128,0.065748881,-0.031049514
29.0705,0.4228927,-0.0036137313,0.046661012,0.062462903,-0.70288062,0.062399827,0.70580697,0.030549288,0.06661482,-0.032774021
29.0805,0.42334747,-0.0029419944,0.04634914,0.063552547,-0.7062602,0.063953404,0.7021877,0.031756303,0.071319227,-0.039331122
29.0905,0.42379732,-0.0022536724,0.046074998,0.064206581,-0.70924953,0.065933855,0.69892442,0.032619764,0.070017599,-0.011218559
29.1005,0.42422799,-0.0016300871,0.045953096,0.064852184,-0.71160882,0.067758691,0.69628718,0.031598401,0.061658312,0.0014040091
29.1105,0.42463986,-0.00105965,0.045980448,0.065575569,-0.71330413,0.069463926,0.69431392,0.031513155,0.05947678,0.018194201
29.1205,0.42504098,-0.00052336848,0.046135694,0.066499868,-0.71436901,0.07096782,0.69297782,0.031146541,0.052107076,0.014725153
29.1305,0.42542735,-9.8015683e-05,0.04637366,0.067817149,-0.71507589,0.071952158,0.69201892,0.026751605,0.017087717,0.013631202
29.1405,0.42565014,-0.00041165109,0.046343802,0.068236685,-0.71670969,0.071897456,0.69029105,0.011662491,-0.067856742,-0.022070366
29.1505,0.42570097,-0.0013723923,0.045969892,0.067284756,-0.71916722,0.070983223,0.68791908,0.0015698427,-0.118832,-0.052598086
29.1605,0.42563281,-0.0027246347,0.045330784,0.065466213,-0.72206802,0.069326441,0.68521952,-0.0045099931,-0.15017546,-0.073589035
29.1705,0.42550307,-0.0043747628,0.044460715,0.063036665,-0.72531259,0.067041755,0.68224147,-0.0058252687,-0.17972954,-0.099496072
29.1805,0.42538338,-0.0060491493,0.04345951,0.060590079,-0.72868473,0.064695749,0.679089,0.00015128577,-0.12169233,-0.088259295
29.1905,0.42546079,-0.0068012038,0.04276149,0.060010828,-0.73132251,0.064329733,0.67633407,0.010218106,-0.04461048,-0.05799379
29.2005,0.42566159,-0.0071114043,0.042232034,0.060302148,-0.73350059,0.064878333,0.67389268,0.015265069,-0.03530151,-0.057919926
29.2105,0.42584233,-0.0076519516,0.041808591,0.060132216,-0.73525056,0.064960107,0.67199026,0.01576361,-0.058043235,-0.01493119
29.2205,0.42601243,-0.0083227074,0.041853165,0.059974047,-0.73589799,0.064958747,0.67129549,0.016699477,-0.073932722,0.017003946
29.2305,0.42617909,-0.009129464,0.042089116,0.059871474,-0.73616482,0.064889294,0.67101874,0.016791787,-0.086454993,0.027608231
29.2405,0.42631856,-0.01015007,0.042223304,0.059487316,-0.73669593,0.064339974,0.67052273,0.013684602,-0.12632378,-0.014927973
29.2505,0.42643372,-0.011337286,0.042199061,0.058748612,-0.73751013,0.063355397,0.66978616,0.016498921,-0.11020496,0.011186909
29.2605,0.42656049,-0.012471352,0.042250011,0.058233501,-0.7377484,0.06249326,0.66964972,0.014891543,-0.12153724,-0.0079675515
29.2705,0.42668124,-0.013558298,0.042299004,0.057838666,-0.73745488,0.06162259,0.67008779,0.015851417,-0.10887482,0.00086175484
29.2805,0.4267863,-0.014617583,0.042290539,0.057453536,-0.73698336,0.06061026,0.6707317,0.016096574,-0.096809344,0.0070652061
29.2905,0.42687945,-0.015626596,0.042287745,0.05701994,-0.73607567,0.059541076,0.67186025,0.01506057,-0.10013434,-0.0024416217
29.3005,0.42696776,-0.016562184,0.042275538,0.056608795,-0.73476658,0.058526834,0.67341527,0.015207638,-0.092847607,-0.0038981628
29.3105,0.42705287,-0.017418697,0.042248053,0.056163763,-0.73329753,0.057647741,0.67512747,0.014607787,-0.083831797,-0.0035004299
29.3205,0.4271178,-0.018255976,0.042193285,0.055539146,-0.73158697,0.056622104,0.67711878,0.01425297,-0.083743536,-0.0054326604
29.3305,0.42717076,-0.01905641,0.042130332,0.054857996,-0.72962831,0.055465723,0.67937963,0.014428188,-0.075093126,-0.0043849794
29.3405,0.42725879,-0.019583007,0.042086593,0.054662565,-0.72753497,0.054471745,0.68171673,0.018254374,-0.022998972,-0.0019152839
29.3505,0.42743189,-0.019488806,0.042027837,0.054646628,-0.72518366,0.053739801,0.68427658,0.027946666,0.03370031,-0.0087489306
29.3605,0.42768182,-0.018901473,0.041954616,0.05459105,-0.7225573,0.053116762,0.68710216,0.034617556,0.07693042,-0.0087521536
29.3705,0.42798591,-0.017941305,0.04185359,0.054474424,-0.71987047,0.052595348,0.68996578,0.038719575,0.11031731,-0.013309461
29.3805,0.4283556,-0.016653558,0.041747669,0.054324621,-0.7172155,0.052195875,0.69276717,0.047350423,0.14329747,-0.015200842
29.3905,0.42880851,-0.015081611,0.041632646,0.054166381,-0.71473974,0.051922464,0.69535398,0.053954465,0.16820862,-0.012110757
29.4005,0.42932548,-0.01329447,0.041518022,0.054022866,-0.71248494,0.051785303,0.69768547,0.058682792,0.18708317,-0.012886785
29.4105,0.4298907,-0.011349258,0.041409621,0.053844035,-0.71041149,0.051791871,0.69980993,0.058076587,0.19936378,-0.0066970937
29.4205,0.43031502,-0.0093262703,0.041279383,0.053643536,-0.70817387,0.05187101,0.70208371,0.037757459,0.2027424,-0.011461621
29.4305,0.43060804,-0.0073016933,0.041148724,0.053569094,-0.70584134,0.051861173,0.70443507,0.031326363,0.20162852,-0.014799
29.4405,0.43084923,-0.0053305597,0.041035026,0.053384019,-0.7035756,0.051946098,0.70670583,0.026413928,0.19476761,-0.016504383
29.4505,0.43100487,-0.0035500728,0.040972015,0.052883186,-0.70144441,0.052089252,0.70884823,0.014293248,0.14658048,0.012224564
29.4605,0.43099362,-0.0024244509,0.041172767,0.051722538,-0.69999564,0.05133207,0.71041953,0.0009581274,0.085056219,0.024447425
29.4705,0.43086562,-0.0018091281,0.041357399,0.050244389,-0.69904129,0.05010207,0.71155222,-0.0059350334,0.047255963,0.00047263251
29.4805,0.43068876,-0.0015296843,0.04141357,0.04867828,-0.69841063,0.048688001,0.71237806,-0.0085634411,0.013776919,0.0093039495
29.4905,0.4305087,-0.0014790652,0.041483688,0.046867629,-0.69801134,0.047331225,0.71298201,-0.007526711,-0.0021959063,0.0066492346
29.5005,0.4303409,-0.0015748318,0.041633934,0.044941895,-0.69750829,0.045902656,0.71369136,-0.0052947183,-0.016587129,0.024235204
29.5105,0.43017756,-0.0017869847,0.041853748,0.042990374,-0.6967254,0.044380533,0.71467189,-0.0046137046,-0.026408837,0.025743354
29.5205,0.43002016,-0.002080088,0.042150212,0.041132101,-0.69575309,0.042802562,0.71582381,-0.0043244274,-0.032607069,0.029636954
29.5305,0.42986765,-0.002475604,0.042519275,0.039264296,-0.69480062,0.041111308,0.71695207,-0.0030334337,-0.046803379,0.037425558
29.5405,0.42972242,-0.0029798397,0.042975679,0.037328257,-0.6939042,0.039337517,0.71802237,-0.0019625018,-0.054859257,0.049314026
29.5505,0.42958187,-0.0035414699,0.043470762,0.035526904,-0.69300601,0.037498425,0.71907884,-0.0024714515,-0.059478698,0.046391926
29.5605,0.42945212,-0.0041801877,0.044009982,0.03363699,-0.69225815,0.035663463,0.71998286,-0.00038418353,-0.070086478,0.046579023
29.5705,0.42934768,-0.0048972816,0.044566061,0.031939846,-0.69175658,0.033547163,0.72064364,0.0013577361,-0.076930368,0.047993638
29.5805,0.42925479,-0.0056533215,0.045141451,0.03026509,-0.69127357,0.031536936,0.72126992,0.0017691462,-0.078562568,0.051196502
29.5905,0.42916823,-0.0064490661,0.045684863,0.028602233,-0.69112642,0.029500629,0.72156489,0.0033063861,-0.084241285,0.037282438
29.6005,0.42910292,-0.0072788983,0.046165881,0.027175345,-0.69143035,0.027209687,0.72141888,0.0031719259,-0.084998438,0.045221409
29.6105,0.4290488,-0.008085405,0.046744428,0.025535114,-0.69194026,0.025310868,0.72105894,0.0042099081,-0.07861602,0.063839402
29.6205,0.42901484,-0.0088746117,0.047361744,0.02389898,-0.69291483,0.023445701,0.72024174,0.0053575123,-0.081990715,0.041687881
29.6305,0.42900091,-0.0096881191,0.047750327,0.022169837,-0.69450772,0.021717323,0.71881561,0.005908221,-0.081387286,0.03416613
29.6405,0.42900751,-0.010495016,0.048023359,0.020933241,-0.69648148,0.019668948,0.71699964,0.007003275,-0.078948504,0.024666915
29.6505,0.42902756,-0.0112853,0.048243726,0.019180483,-0.69855952,0.018270279,0.71506147,0.0079230846,-0.079049283,0.011939512
29.6605,0.4290611,-0.012067662,0.048359487,0.01761272,-0.70081282,0.016792346,0.71293001,0.0085600544,-0.076695445,0.0070666763
29.6705,0.42913567,-0.012728788,0.048455375,0.016288782,-0.70316499,0.015156858,0.7106785,0.014239368,-0.058086158,0.0055501929
29.6805,0.42929265,-0.013073058,0.048346393,0.015395172,-0.70586262,0.013897047,0.70804507,0.01888955,-0.024476397,-0.022635979
29.6905,0.42948529,-0.013373796,0.0482083,0.014173439,-0.70832115,0.013019073,0.70562792,0.022740095,-0.034108098,-0.0011003512
29.7005,0.42968254,-0.013563631,0.048046979,0.013065269,-0.71057591,0.012464374,0.70338881,0.017967453,-0.0032570061,-0.030754072
29.7105,0.42982273,-0.013664458,0.047784762,0.012338583,-0.71297402,0.011713458,0.70098402,0.010733158,-0.013252742,-0.024662313
29.7205,0.42988883,-0.013796024,0.047554255,0.011418909,-0.71520452,0.010783231,0.69873874,0.0061696242,-0.013147256,-0.021961269
29.7305,0.42992424,-0.013918827,0.047342796,0.010491656,-0.71722819,0.0098555046,0.69668969,0.0046930527,-0.011771568,-0.020761728
29.7405,0.42998715,-0.014035342,0.047110465,0.009608945,-0.71918468,0.0090223984,0.69469393,0.010231962,-0.0079869747,-0.026285466
29.7505,0.43015866,-0.013768726,0.046720436,0.0094776019,-0.72131389,0.0090715112,0.69248405,0.016180844,0.055221875,-0.04916479
29.7605,0.43037186,-0.013398462,0.046289125,0.0096033159,-0.72340516,0.0094167274,0.69029274,0.016300419,0.022518403,-0.036837693
29.7705,0.43066675,-0.012834284,0.045782536,0.010153838,-0.72554556,0.010301544,0.6880221,0.024683726,0.07787779,-0.06103976
29.7805,0.43098166,-0.012366437,0.045267513,0.010643164,-0.72768035,0.011051486,0.68574478,0.025484273,0.04423111,-0.050297952
29.7905,0.43137694,-0.011612755,0.044651627,0.011670762,-0.72988539,0.012508295,0.68335544,0.030446109,0.095140369,-0.066954985
29.8005,0.43175044,-0.010991614,0.04402709,0.01245349,-0.73205841,0.01377018,0.68098882,0.025973379,0.041963748,-0.057098327
29.8105,0.43212004,-0.010434997,0.043360593,0.013136536,-0.73425518,0.014983981,0.67858105,0.025735166,0.044863487,-0.062502858
29.8205,0.43245691,-0.009997052,0.042720317,0.01372158,-0.73634542,0.01591726,0.67627937,0.027143027,0.062410153,-0.072852691
29.8305,0.43277672,-0.0095269615,0.042008867,0.0142237,-0.73848754,0.016990916,0.67390292,0.020234648,0.036509979,-0.06112568
29.8405,0.43301574,-0.0091741804,0.041715964,0.014445777,-0.73967363,0.017485586,0.67258345,0.020790461,0.039108418,-0.0064810995
29.8505,0.43325678,-0.0087215959,0.041805089,0.014560357,-0.73999002,0.017684184,0.67222767,0.0237087,0.050257639,0.019861987
29.8605,0.4335211,-0.0081338837,0.042031632,0.014635926,-0.73965173,0.017801911,0.67259513,0.029156649,0.066257763,0.024411647
29.8705,0.43383582,-0.0073528455,0.042188611,0.014825458,-0.7390151,0.018149985,0.67328112,0.033386257,0.10305015,-0.01077995
29.8805,0.43421579,-0.0063134571,0.042106589,0.015475,-0.73851529,0.019126569,0.6737877,0.034228929,0.097459375,0.005790679
29.8905,0.43459068,-0.0052561173,0.04212503,0.016014675,-0.73737899,0.01990493,0.67499597,0.037169839,0.12936381,-0.020025181
29.9005,0.43497885,-0.0040954301,0.04209509,0.016733852,-0.73587711,0.020861011,0.67658678,0.036255813,0.10783893,0.0090762847
29.9105,0.43536379,-0.0029194385,0.04205119,0.017516875,-0.73422421,0.021859006,0.67832894,0.035688443,0.1099974,0.0043082668
29.9205,0.43574357,-0.001732487,0.041990321,0.018434928,-0.73229157,0.022957081,0.68035445,0.035525557,0.12033125,-0.0062440776
29.9305,0.43610833,-0.00057319254,0.041925573,0.019402412,-0.7300496,0.024019515,0.68269627,0.034086761,0.11458547,-0.0075947167
29.9405,0.43646392,0.00054147049,0.041852757,0.02047577,-0.72776747,0.025030964,0.6850611,0.033233283,0.11039293,-0.0084992377
29.9505,0.43678195,0.0013137049,0.04177757,0.02111717,-0.72531872,0.025914165,0.6876011,0.029740941,0.036810709,-0.0058844862
29.9605,0.43701625,0.0013184883,0.041692898,0.021380396,-0.72264963,0.026433136,0.69037792,0.02265088,-0.027610126,-0.010176633
29.9705,0.43717493,0.00078336751,0.041610845,0.021610144,-0.71983976,0.026759612,0.69328756,0.016693526,-0.074493922,-0.0060939086
29.9805,0.43728522,-0.00020833992,0.04149783,0.02187054,-0.71707165,0.026958813,0.69613444,0.013408766,-0.12064191,-0.015097338
29.9905,0.43736664,-0.0016000538,0.041411018,0.02213416,-0.71434911,0.026998401,0.69891811,0.011146209,-0.15537791,-0.0066148951
