t,x,y,z,qw,qx,qy,qz,vx,vy,vz
0.0005,0.014531094,0.033146847,0.08,2.2414272e-15,-0.70710678,2.2414272e-15,0.70710678,0,0,0
0.0105,0.014528825,0.033250686,0.079509191,0.00045698969,-0.70610091,0.00046055733,0.70811092,-0.0017393106,0.018562195,-0.094415298
0.0205,0.014528909,0.033504693,0.078051644,0.0015555471,-0.70380002,0.0015639929,0.71039472,-0.0022724611,0.030601403,-0.19282733
0.0305,0.014538237,0.033852233,0.075598843,0.0030345314,-0.70084644,0.003040126,0.71329925,-0.0019601448,0.037706588,-0.29319293
0.0405,0.014569089,0.034203605,0.072090226,0.0046290807,-0.69821165,0.0046246539,0.71586149,-0.00058668999,0.032724793,-0.40279779
0.0505,0.014623026,0.034506135,0.0674994,0.0061579437,-0.69635289,0.0061457313,0.71764683,0.00061162961,0.027981605,-0.50966611
0.0605,0.014691499,0.034762149,0.061852048,0.0075626208,-0.69508644,0.0075454685,0.71884679,0.001604878,0.023470161,-0.61416605
0.0705,0.014776603,0.03494917,0.055134847,0.008744618,-0.69481011,0.0087316738,0.71908706,0.0028359431,0.014785389,-0.72285319
0.0805,0.014783351,0.0350647,0.047064278,0.0093780228,-0.69586985,0.0098639972,0.71803893,-0.025241387,0.01196039,-0.91102306
0.0905,0.014758783,0.035169544,0.040895918,0.0098954215,-0.69755846,0.010662935,0.71638019,0.0097493709,0.0093229248,-0.29652721
0.1005,0.015008046,0.035247865,0.039828901,0.010491122,-0.69886439,0.011282686,0.71508825,0.02481091,0.0069341647,0.017368097
0.1105,0.015336135,0.035312958,0.040661181,0.011075554,-0.70034464,0.011808137,0.71362124,0.027884561,0.0063881826,0.12137449
0.1205,0.015668177,0.035375433,0.041998772,0.011642284,-0.70193862,0.012308131,0.71203591,0.026453107,0.006204653,0.13627708
0.1305,0.015986684,0.035451951,0.043290446,0.012364928,-0.70366559,0.012999453,0.71030476,0.023606754,0.008837896,0.12113984
0.1405,0.016296374,0.035543522,0.044395874,0.013271698,-0.70544762,0.013929698,0.70850087,0.021733247,0.0096530178,0.10058452
0.1505,0.016591136,0.035636119,0.045289567,0.01422746,-0.7072003,0.014952353,0.70671193,0.019858165,0.0093457569,0.079504356
0.1605,0.016895405,0.035743851,0.045926384,0.015335881,-0.70904568,0.016162862,0.70481047,0.021088337,0.012417151,0.050572795
0.1705,0.017219936,0.035868957,0.046306619,0.01661242,-0.7110333,0.017563872,0.70274261,0.021428729,0.013299576,0.027769062
0.1805,0.017547455,0.035923845,0.046511577,0.017784368,-0.7130504,0.018867259,0.70063319,0.02186493,-0.01410114,0.010997661
0.1905,0.017818987,0.035404768,0.046378503,0.017951705,-0.71544965,0.019104888,0.69817228,0.021704118,-0.081723024,-0.033531583
0.2005,0.01804546,0.03433516,0.045880811,0.017184599,-0.71832168,0.018278761,0.69525862,0.022157844,-0.12687456,-0.063924411
0.2105,0.018236392,0.03291459,0.045130096,0.015773261,-0.72145542,0.016668337,0.69208052,0.022052566,-0.15421601,-0.084830864
0.2205,0.018420238,0.031288868,0.044091624,0.013989792,-0.72493806,0.014544822,0.68851837,0.024342699,-0.16946188,-0.12036187
0.2305,0.018616403,0.029570944,0.042767635,0.012038674,-0.72877969,0.012119844,0.68453513,0.025572613,-0.17399429,-0.14486926
0.2405,0.018817612,0.028066016,0.041467294,0.010424812,-0.73242468,0.0099948588,0.68069488,0.02101348,-0.1055462,-0.0848852
0.2505,0.019006132,0.027345986,0.041080333,0.0098617914,-0.73422329,0.0092235882,0.67877377,0.01823552,-0.051260864,-0.0090927034
0.2605,0.019211651,0.026841791,0.041196447,0.0096916228,-0.73506078,0.0089205897,0.67787325,0.022772214,-0.052453883,0.024204923
0.2705,0.019468702,0.026302774,0.041502283,0.0096729553,-0.73545611,0.0087098224,0.67744733,0.027555786,-0.055552755,0.033178222
0.2805,0.019773298,0.02569845,0.041876345,0.0098288044,-0.73576201,0.0084101206,0.67711663,0.033109564,-0.064521699,0.036514432
0.2905,0.020146992,0.025040447,0.042214018,0.0098573946,-0.7363209,0.008241325,0.67651049,0.039685748,-0.066702405,0.029999711
0.3005,0.020556563,0.02427773,0.042373442,0.0096699341,-0.73728354,0.007638549,0.67547104,0.042464705,-0.083735382,0.0024830037
0.3105,0.020978712,0.023401659,0.042359128,0.0090576709,-0.73866285,0.0065119717,0.67398275,0.045930611,-0.081658366,-0.01697606
0.3205,0.021419066,0.023068385,0.042362589,0.0088603407,-0.74027259,0.0054691486,0.67222621,0.04336363,0.0020770301,0.010608225
0.3305,0.021858989,0.023358712,0.042564246,0.0090154812,-0.74164612,0.0048369476,0.67071332,0.042256756,0.051093496,0.017232441
0.3405,0.022308451,0.024107687,0.042634336,0.0093574439,-0.74308139,0.0046073589,0.66911976,0.041695922,0.088258579,0.014232994
0.3505,0.022753005,0.02517422,0.042689003,0.0096707235,-0.7443058,0.0047627367,0.66775195,0.040352897,0.11837132,0.0062225526
0.3605,0.023189437,0.026484104,0.042706043,0.0099106204,-0.7453677,0.0052616731,0.66655914,0.039043563,0.13902755,0.0052963449
0.3705,0.023634079,0.027960702,0.042679314,0.010018655,-0.74629617,0.0060587161,0.66551105,0.039261382,0.15802803,-0.013573407
0.3805,0.023933153,0.029490015,0.042653135,0.010339377,-0.74680226,0.0067298231,0.66493172,0.016954505,0.15503196,-0.0087218399
0.3905,0.024066726,0.030979565,0.042653564,0.010752491,-0.74681985,0.0072536297,0.6648999,0.0074749492,0.14976594,-0.007774464
0.4005,0.024120093,0.032392394,0.04265114,0.011147288,-0.74658665,0.0077321253,0.66514986,0.0012009489,0.13826922,-0.00508982
0.4105,0.024131641,0.033693387,0.042643972,0.011483771,-0.74621535,0.0081763658,0.66555535,-0.0026882713,0.12163538,0.0016286224
0.4205,0.024047755,0.03475951,0.042605933,0.011550417,-0.74568008,0.0087022837,0.66614718,-0.0091871897,0.09913016,-0.0028889495
0.4305,0.023960776,0.035707349,0.042579966,0.011967277,-0.7448333,0.0088555946,0.66708449,-0.0092113047,0.087936165,-0.0020864982
0.4405,0.023823246,0.036424644,0.042553581,0.012199163,-0.74356767,0.0090121524,0.66848865,-0.014428116,0.062545306,-0.011242622
0.4505,0.023655999,0.03696057,0.042488438,0.012108954,-0.74218611,0.0093524242,0.67001917,-0.015050908,0.047331376,-0.0011055125
0.4605,0.023470066,0.037384435,0.042362784,0.011709747,-0.74018556,0.0099218612,0.67222747,-0.015387901,0.040792062,-0.013651881
0.4705,0.023284203,0.037817647,0.042253241,0.011669824,-0.73734353,0.010111646,0.67534146,-0.01380785,0.040309485,-0.010839613
0.4805,0.02309174,0.038161391,0.042105216,0.011515728,-0.73414193,0.010431848,0.67881823,-0.013854819,0.029474502,-0.018560926
0.4905,0.022889079,0.038346508,0.041914644,0.011070381,-0.73055201,0.010903108,0.68268025,-0.013837026,0.010190555,-0.018065905
0.5005,0.02268094,0.038351801,0.041695717,0.01051077,-0.72661708,0.0113531,0.68686844,-0.010819817,-0.0011688791,-0.016252015
0.5105,0.022545512,0.038489508,0.041603176,0.010835805,-0.72253016,0.010933329,0.69116801,-0.0015815767,0.022970023,-0.014602649
0.5205,0.022490018,0.038815303,0.041442949,0.010649832,-0.71863479,0.010971267,0.69521957,0.0042730719,0.03904821,-0.016418629
0.5305,0.022465726,0.039238758,0.04132589,0.010142283,-0.71485464,0.011339764,0.69910757,0.0048722221,0.045076758,-0.011532997
0.5405,0.022444963,0.039663599,0.041205107,0.0096158577,-0.71132667,0.011709565,0.70269822,0.0045875652,0.03538003,-0.0060114302
0.5505,0.022437606,0.039864819,0.041082269,0.0092786294,-0.70812001,0.011895346,0.70593092,0.0055710238,0.0070284455,-0.0052255431
0.5605,0.02243616,0.039820228,0.041128752,0.0088801103,-0.7057418,0.01183377,0.70831463,0.0057106557,-0.01332231,0.011939923
0.5705,0.022429558,0.03961152,0.041238666,0.0080306457,-0.70418197,0.011386781,0.7098828,0.0058190414,-0.025769305,0.011569504
0.5805,0.022412153,0.039315349,0.041400573,0.0069626777,-0.70295095,0.010731237,0.71112328,0.0050055433,-0.031835681,0.022230574
0.5905,0.022385363,0.038972473,0.041617861,0.0058238696,-0.7017696,0.0099725594,0.71231036,0.0047426175,-0.035506204,0.023902024
0.6005,0.022359655,0.038578713,0.041751574,0.0047399282,-0.70076616,0.0090900894,0.71331739,0.0050738422,-0.042037547,0.0052890674
0.6105,0.022314874,0.038165178,0.042049259,0.0036288957,-0.69920149,0.0078612732,0.71487223,0.0056041708,-0.041109211,0.048718246
0.6205,0.022273325,0.037737412,0.042610821,0.0021244533,-0.69671836,0.0065692371,0.71731155,0.010741088,-0.041221316,0.069089968
0.6305,0.0222695,0.037322881,0.043377816,0.00062502594,-0.69372302,0.0051313645,0.72022333,0.015989974,-0.042065998,0.077743376
0.6405,0.022322852,0.036859674,0.044080066,-0.0010434828,-0.6911139,0.0032755718,0.72273769,0.022651988,-0.047131695,0.069936848
0.6505,0.022425795,0.036389613,0.044793156,-0.0029178265,-0.68914941,0.0010410569,0.72461265,0.029038594,-0.046277657,0.069364402
0.6605,0.022617565,0.03594534,0.045500318,-0.0048791232,-0.68733002,-0.0013081183,0.7263277,0.038270202,-0.042803656,0.07110141
0.6705,0.022872886,0.035488419,0.046150702,-0.0067897375,-0.68608252,-0.0041617968,0.72748014,0.043551617,-0.048272172,0.054358009
0.6805,0.023180644,0.03499985,0.046701941,-0.0084540169,-0.68559307,-0.0077087016,0.72789508,0.0476626,-0.050705766,0.045919273
0.6905,0.023505311,0.034570731,0.047273549,-0.010420093,-0.68550576,-0.010940415,0.72791042,0.046659339,-0.036962875,0.058314306
0.7005,0.023835655,0.034213092,0.047864228,-0.012962906,-0.68604319,-0.013764941,0.72731508,0.047416441,-0.033607388,0.056958339
0.7105,0.024172742,0.033881239,0.048415689,-0.015761224,-0.68711296,-0.016509474,0.72619199,0.047188862,-0.030980835,0.053471535
0.7205,0.024511631,0.033573115,0.048928478,-0.018504931,-0.68838476,-0.019136319,0.72485708,0.046189816,-0.028574014,0.049941154
0.7305,0.024858524,0.03322652,0.049578284,-0.021181458,-0.68920853,-0.021732434,0.72392725,0.049784354,-0.037038605,0.077451059
0.7405,0.025202894,0.032876273,0.050469312,-0.023654484,-0.68953849,-0.02434325,0.72345321,0.041819231,-0.019437847,0.095547748
0.7505,0.025485332,0.033014137,0.051426629,-0.024898956,-0.69054675,-0.026244288,0.72238249,0.030365548,0.039979051,0.090356499
0.7605,0.02577726,0.033757435,0.052211218,-0.024850373,-0.69216517,-0.027003957,0.72080553,0.026792991,0.10082462,0.064252328
0.7705,0.026105028,0.035018467,0.052724685,-0.023777357,-0.69427183,-0.026653875,0.71882601,0.023720839,0.14476378,0.037321288
0.7805,0.026458826,0.036657972,0.052977138,-0.021945318,-0.69668304,-0.025347793,0.71659517,0.021206532,0.17734333,0.013001747
0.7905,0.026855167,0.038646924,0.052848789,-0.019427957,-0.69959424,-0.023071665,0.71390347,0.021060303,0.21401281,-0.034721733
0.8005,0.027304344,0.040942199,0.05228461,-0.016323033,-0.70309401,-0.019878681,0.71063156,0.021164337,0.23985365,-0.072617451
0.8105,0.027794428,0.043443224,0.051380322,-0.012814922,-0.70697954,-0.015986625,0.70693715,0.021504622,0.25649722,-0.10222506
0.8205,0.028330803,0.046083826,0.050079323,-0.0090478278,-0.71135973,-0.011529656,0.70267528,0.023678195,0.26881928,-0.14890795
0.8305,0.028914637,0.048792845,0.048374935,-0.005164058,-0.71624837,-0.0066642899,0.69779452,0.025971974,0.27202838,-0.1830541
0.8405,0.029533113,0.051484482,0.04638495,-0.0013083191,-0.72142278,-0.0016076602,0.69249179,0.028308888,0.26718467,-0.20666072
0.8505,0.030181939,0.054085285,0.044121936,0.002378182,-0.72686875,0.0034659037,0.68676353,0.031514572,0.25563082,-0.23677375
0.8605,0.030848311,0.056524601,0.041639479,0.0057671635,-0.73249921,0.0083627945,0.68069209,0.032126509,0.22261573,-0.22695939
0.8705,0.031256712,0.057913896,0.040398959,0.007665185,-0.7357081,0.010805342,0.67716916,0.01619121,0.084830552,-0.055013876
0.8805,0.031480789,0.058537733,0.040298634,0.0081474763,-0.73688272,0.011754549,0.67586929,0.01715894,0.048899785,0.019294922
0.8905,0.0317131,0.059011866,0.040645741,0.0082112455,-0.73754638,0.012170184,0.67513687,0.025069276,0.0526353,0.046131133
0.9005,0.031994279,0.05955518,0.041159637,0.0081201659,-0.73784965,0.01248605,0.67480075,0.029111593,0.0562905,0.054050561
0.9105,0.032343713,0.060166415,0.04166459,0.0081201259,-0.73824769,0.012650018,0.67436221,0.037457728,0.06430895,0.046965227
0.9205,0.032767903,0.060728669,0.042075198,0.0077383852,-0.73890669,0.01313688,0.67363525,0.043357627,0.033338533,0.041157744
0.9305,0.033227618,0.06072601,0.042347984,0.0070825429,-0.74011676,0.013808076,0.67229931,0.043005371,-0.025930179,0.0075363128
0.9405,0.033682241,0.060175627,0.042315129,0.0063175605,-0.74185757,0.01436975,0.67037373,0.042608663,-0.072923739,0.014827449
0.9505,0.034105397,0.059207981,0.042443653,0.0055295063,-0.74325817,0.014740605,0.66881943,0.033560991,-0.12274817,-0.014118448
0.9605,0.034303,0.057932238,0.042505154,0.0048613205,-0.74423697,0.01470814,0.667736,0.010246379,-0.13530242,0.016334183
0.9705,0.034318471,0.056419195,0.042523678,0.0043002755,-0.74487086,0.014324591,0.66704101,-0.0026298934,-0.16262417,-0.002650488
0.9805,0.034228959,0.054712041,0.042518275,0.0037698906,-0.74526373,0.013703763,0.66661831,-0.008965363,-0.17888215,-0.0010264749
0.9905,0.034091451,0.052858055,0.042521482,0.0032508934,-0.74546649,0.012933072,0.6664097,-0.011209913,-0.1908128,0.0016003918
1.0005,0.033936216,0.050902346,0.042514726,0.0027507249,-0.74553106,0.012060745,0.66635607,-0.012176642,-0.20249539,-0.0096650897
1.0105,0.033724052,0.048963676,0.04251301,0.002304212,-0.74533489,0.01117212,0.66659267,-0.022164272,-0.1883133,8.9856792e-05
1.0205,0.033510192,0.047046382,0.042494474,0.001801908,-0.74508543,0.010324207,0.6668867,-0.011834566,-0.19344568,-0.00086769319
1.0305,0.033377805,0.045127499,0.042451597,0.0017461818,-0.744774,0.0090921547,0.66725256,-0.0093109443,-0.18954852,-0.008069068
1.0405,0.03318385,0.043339608,0.042401037,0.0017654601,-0.74390002,0.0079353207,0.66824148,-0.018194174,-0.16877049,-0.0030286717
1.0505,0.032918688,0.041745024,0.042337633,0.001657369,-0.74261169,0.0070190726,0.6696834,-0.023286122,-0.14858618,-0.003576044
1.0605,0.032635137,0.04030287,0.042276919,0.0013269302,-0.74046851,0.0064339321,0.67205895,-0.021165792,-0.13260395,-0.0008677486
1.0705,0.032344827,0.039100343,0.042170936,0.0012965272,-0.73751254,0.005678511,0.67530832,-0.01902798,-0.11554502,-0.013081896
1.0805,0.032091575,0.038032639,0.042051806,0.0013813782,-0.73418174,0.0049387677,0.67893363,-0.016642154,-0.097439048,-0.017740613
1.0905,0.031874659,0.037080729,0.041904446,0.0016732999,-0.73053093,0.0041152043,0.68286516,-0.011043027,-0.096015358,-0.023766487
1.1005,0.031686824,0.036184649,0.041733085,0.0019636539,-0.72654913,0.0033602559,0.68710349,-0.0085281771,-0.080336773,-0.016032427
1.1105,0.031542903,0.035549101,0.041580102,0.0020699469,-0.72236022,0.0028652387,0.69150793,-0.0036515137,-0.057152872,-0.016333545
1.1205,0.031429606,0.034930795,0.041420483,0.0023290855,-0.71827444,0.002390919,0.69575189,-0.0022438075,-0.06466574,-0.016759114
1.1305,0.031324844,0.034286505,0.041321412,0.0026768949,-0.71431032,0.0019007258,0.6998214,-0.0031537481,-0.065664321,-0.014142439
1.1405,0.03121721,0.03365211,0.041221176,0.0028567535,-0.71053174,0.0015333022,0.70365768,-0.0034947146,-0.062764203,-0.013086448
1.1505,0.031096636,0.033295105,0.041254257,0.0030324256,-0.70726281,0.0014054833,0.70694282,-0.008310303,-0.017770745,0.010312683
1.1605,0.030962439,0.033230941,0.041373946,0.0031855131,-0.70470296,0.0016261737,0.70949345,-0.010614607,0.0015565093,0.012151329
1.1705,0.030836154,0.033300157,0.041467192,0.0032763208,-0.70274514,0.0020148025,0.71143128,-0.010146565,0.01142728,0.007696294
1.1805,0.030736229,0.033456241,0.041604802,0.003637464,-0.7009496,0.0026648655,0.71319656,-0.0097575323,0.019778446,0.018732382
1.1905,0.030662114,0.033676589,0.041822121,0.0043870198,-0.69909259,0.0035840715,0.71500871,-0.0081058206,0.024262794,0.023867592
1.2005,0.030612609,0.033937855,0.042024884,0.0051612258,-0.69730959,0.0048015821,0.71673541,-0.0061674475,0.027193661,0.021907002
1.2105,0.030639522,0.034254876,0.042439519,0.0064252814,-0.6949445,0.0063045654,0.71900703,0.0036454475,0.035016845,0.057042238
1.2205,0.03077063,0.034626802,0.043120766,0.0086568358,-0.69175701,0.0077159561,0.72203723,0.012802014,0.037197914,0.074932011
1.2305,0.030992333,0.035008185,0.043925833,0.010861749,-0.68819351,0.0095553034,0.72538294,0.020768605,0.036594604,0.084918056
1.2405,0.031304699,0.035409521,0.044735354,0.013295965,-0.68506916,0.011538578,0.72826529,0.026487908,0.041943715,0.075531216
1.2505,0.031691075,0.035846475,0.045461484,0.015884074,-0.68278033,0.013659376,0.73032331,0.030750262,0.044257119,0.069485038
1.2605,0.032126748,0.036293337,0.046097689,0.018391969,-0.68103405,0.015903392,0.73184796,0.035216608,0.043271227,0.061996614
1.2705,0.032614213,0.036692423,0.046692155,0.0207054,-0.67998814,0.018339567,0.73270122,0.038133297,0.037923742,0.057343215
1.2805,0.033133953,0.037039824,0.047204648,0.02287808,-0.67984903,0.020836727,0.73269893,0.039551491,0.033102245,0.048123494
1.2905,0.033667047,0.037334762,0.047625902,0.024900141,-0.68031956,0.023294958,0.73212201,0.039143342,0.02756891,0.041472508
1.3005,0.034196705,0.037576212,0.047965755,0.026890487,-0.68167369,0.025566481,0.73071488,0.037668583,0.022800117,0.029249758
1.3105,0.034711455,0.037771723,0.04819051,0.028895401,-0.6838486,0.027576041,0.72852983,0.034662165,0.01802217,0.017194258
1.3205,0.035190788,0.03793614,0.048318747,0.030816319,-0.68645248,0.029375218,0.7259273,0.030940752,0.017087835,0.0092059394
1.3305,0.035664097,0.038135324,0.048518952,0.032671424,-0.68881281,0.031329065,0.7235247,0.033736635,0.02366209,0.029663816
1.3405,0.036162753,0.038374825,0.048896478,0.034604731,-0.69050752,0.033405013,0.72172431,0.036736022,0.025064822,0.044963958
1.3505,0.036659178,0.03854914,0.049348972,0.03628426,-0.69189132,0.035421219,0.72021885,0.034326529,-0.000571645,0.043698211
1.3605,0.037060221,0.038131484,0.049630177,0.036517039,-0.69437053,0.036660681,0.71775488,0.029495247,-0.071793375,0.019530801
1.3705,0.037366152,0.037127623,0.049680185,0.035665809,-0.69760057,0.036751729,0.71465426,0.024980119,-0.12204825,-0.0044949687
1.3805,0.037582784,0.035696664,0.049514261,0.034001599,-0.70116379,0.035820561,0.71128765,0.021301269,-0.16000995,-0.023305596
1.3905,0.037731576,0.033816484,0.049053333,0.031566723,-0.70509377,0.033857371,0.70760158,0.020017354,-0.21172143,-0.06258182
1.4005,0.037828822,0.031496314,0.048274233,0.028412744,-0.70938341,0.030871117,0.70357293,0.019291297,-0.25032554,-0.090679502
1.4105,0.03788828,0.028853915,0.047285624,0.024688926,-0.71378399,0.027019233,0.69940892,0.019869905,-0.27779338,-0.1074657
1.4205,0.037943871,0.025983296,0.046053202,0.020574073,-0.71836447,0.022494046,0.69499871,0.023634254,-0.29692082,-0.13861213
1.4305,0.038008865,0.022977358,0.044542834,0.016249544,-0.7231972,0.017479475,0.69022911,0.024612806,-0.30578967,-0.16573439
1.4405,0.038075174,0.019934165,0.042798104,0.011861786,-0.7281598,0.012165624,0.68519676,0.025835601,-0.30500939,-0.18547933
1.4505,0.038187224,0.017109099,0.041171673,0.0080223657,-0.73261613,0.0074135043,0.6805544,0.027946691,-0.23896679,-0.092286087
1.4605,0.038400975,0.01511728,0.040902776,0.0063364571,-0.73440714,0.0055139065,0.6786572,0.028637411,-0.17252225,0.013955935
1.4705,0.038667656,0.013590681,0.041242082,0.005632312,-0.73494113,0.004824466,0.67809036,0.030231697,-0.13589163,0.044316362
1.4805,0.038984156,0.012293847,0.041814961,0.0062573359,-0.73494084,0.0036638302,0.67809246,0.035776475,-0.12616187,0.053569772
1.4905,0.03935269,0.011093341,0.042348083,0.006474231,-0.73527243,0.0030710371,0.6777338,0.040351461,-0.11953882,0.043142536
1.5005,0.039761848,0.0097997985,0.042673837,0.0055984368,-0.73613614,0.001924313,0.67680761,0.048805451,-0.13682927,0.022123011
1.5105,0.040201075,0.008392513,0.042836637,0.003891171,-0.73740024,-5.8662429e-05,0.67544485,0.054121961,-0.14154656,0.0015348189
1.5205,0.040648833,0.0072984224,0.042623573,0.0023129107,-0.73952057,-0.0025417154,0.67312519,0.049347382,-0.074191183,-0.045839264
1.5305,0.041060481,0.0069971329,0.042312294,0.0015566311,-0.74172129,-0.0044740882,0.6706915,0.041005619,0.005881118,-0.0078269947
1.5405,0.041444506,0.0073616841,0.042455644,0.0015757249,-0.74304959,-0.0055061844,0.66921186,0.037476141,0.059013562,0.024441156
1.5505,0.041809718,0.0081717814,0.042803311,0.0017912747,-0.74388057,-0.0061386737,0.66828198,0.035226184,0.099028018,0.037774213
1.5605,0.042166976,0.0094507648,0.04291501,0.0022425658,-0.74486621,-0.0061764638,0.66718149,0.029923501,0.15422656,-0.021968822
1.5705,0.042515808,0.011073014,0.042873963,0.0025674994,-0.74583319,-0.0056524725,0.66610383,0.031784369,0.16690055,0.01764873
1.5805,0.042853598,0.012925709,0.042842318,0.0028008925,-0.74657754,-0.0047844161,0.66527531,0.02085483,0.19336604,-0.0033785842
1.5905,0.042995787,0.014871301,0.042852929,0.0032261541,-0.74676528,-0.0040195368,0.66506771,0.0039672087,0.19852956,-0.00036823891
1.6005,0.043014833,0.016855753,0.042844425,0.0037082272,-0.74662307,-0.0032491554,0.66522905,-0.0046388048,0.20296992,-0.011010675
1.6105,0.04298161,0.018830887,0.042820619,0.0041912303,-0.74629462,-0.0024642923,0.665598,-0.007174461,0.19703284,-0.0038943391
1.6205,0.04291761,0.020736556,0.042775499,0.0046147902,-0.74585632,-0.0016522242,0.66608883,-0.014448255,0.18349849,-0.014096332
1.6305,0.042783327,0.022458062,0.042719163,0.0048945106,-0.74497983,-0.00086918791,0.66706847,-0.01435882,0.16734613,-0.00084251995
1.6405,0.042605899,0.02393837,0.042647611,0.0050378043,-0.74365168,-0.00015407733,0.66854826,-0.018317943,0.13986395,-0.015069119
1.6505,0.042420161,0.025221033,0.04256677,0.0052277719,-0.74212186,0.00039025142,0.67024448,-0.019082391,0.11345931,-0.006493935
1.6605,0.042220504,0.02631915,0.042487549,0.0052402983,-0.73988154,0.00083087681,0.67271625,-0.018209906,0.1022739,-0.01271845
1.6705,0.041993661,0.027273414,0.042321744,0.0049750786,-0.73692585,0.0014488392,0.67595373,-0.017357467,0.094831476,-0.018058783
1.6805,0.041770132,0.028143169,0.042156014,0.004718167,-0.73362609,0.001990919,0.67953406,-0.016935148,0.082174989,-0.016639731
1.6905,0.041547807,0.028955051,0.041986214,0.0043676293,-0.72991052,0.0024716354,0.68352428,-0.014623088,0.082876593,-0.010801046
1.7005,0.041344081,0.029766678,0.04176791,0.0039071358,-0.72591005,0.0028871113,0.68777249,-0.012870852,0.075483848,-0.02442987
1.7105,0.041143505,0.03042438,0.041529594,0.0032221446,-0.72188737,0.0034703167,0.69199436,-0.010955795,0.064252059,-0.020645428
1.7205,0.040965439,0.031044619,0.041405264,0.0032564435,-0.71779471,0.0033172389,0.69623929,-0.0084036975,0.059270117,-0.022341688
1.7305,0.040822267,0.031661336,0.041257134,0.003174057,-0.71394334,0.0032171936,0.70018889,-0.00521912,0.062822507,-0.01992476
1.7405,0.040710021,0.032278153,0.041142195,0.002745592,-0.71030069,0.0034594946,0.70388453,-0.0031568402,0.061435432,-0.0090915116
1.7505,0.040632577,0.032780961,0.041080914,0.0021910878,-0.70726509,0.0036915447,0.70693541,0.0011727954,0.036635464,0.0052723439
1.7605,0.040549024,0.032963973,0.041151341,0.0011205411,-0.7052247,0.003495406,0.70897436,-0.0025113811,0.0066250113,0.012187621
1.7705,0.040435666,0.032911701,0.041209902,-0.00029367994,-0.70396739,0.0030013275,0.71022589,-0.0041292173,-0.012652476,0.0038809267
1.7805,0.04031057,0.032722764,0.041288017,-0.0015992726,-0.70301147,0.0021027837,0.7111736,-0.0047700928,-0.021512501,0.01680603
1.7905,0.040182423,0.032456876,0.041439885,-0.0029609721,-0.70204975,0.0011640386,0.7121208,-0.0041354902,-0.028060766,0.021004698
1.8005,0.040065755,0.032143744,0.041617411,-0.0043180894,-0.70114404,0.00022539332,0.71300655,-0.0027953394,-0.031840618,0.020745955
1.8105,0.039954058,0.031760588,0.041864623,-0.0057858058,-0.69969661,-0.00096515135,0.71441602,0.0014500375,-0.038994723,0.045666619
1.8205,0.039872668,0.031350531,0.042450488,-0.0075021969,-0.69728169,-0.002325079,0.71675419,0.0079974742,-0.043268701,0.061689023
1.8305,0.039841553,0.030906096,0.043169711,-0.009124432,-0.69439142,-0.0039566309,0.71952876,0.014423465,-0.0444342,0.074761032
1.8405,0.039876234,0.03043304,0.043905405,-0.010900484,-0.69179217,-0.0059715876,0.72198969,0.021860959,-0.049500683,0.065720623
1.8505,0.039971758,0.029938989,0.044589711,-0.012962037,-0.68982072,-0.008284282,0.72381678,0.029905517,-0.048737011,0.063488984
1.8605,0.040163842,0.029483207,0.04532156,-0.015113294,-0.68791343,-0.010681657,0.72555675,0.038825149,-0.043300131,0.073945253
1.8705,0.040417766,0.029015386,0.045997114,-0.017181021,-0.68657886,-0.013589656,0.72672526,0.044002747,-0.048619276,0.057283327
1.8805,0.0407251,0.028525488,0.046571862,-0.019040626,-0.68599422,-0.017125238,0.72715618,0.04875451,-0.05002664,0.04755437
1.8905,0.041065007,0.02807397,0.047130444,-0.020869732,-0.68579752,-0.020651421,0.72719993,0.048823569,-0.038513642,0.057250702
1.9005,0.04140918,0.02770651,0.047729844,-0.023374869,-0.68621393,-0.023646346,0.72663946,0.049139342,-0.033651345,0.05807463
1.9105,0.041758593,0.027375324,0.04829845,-0.026188403,-0.68717592,-0.026489246,0.72553549,0.048734623,-0.030195292,0.05528128
1.9205,0.042108551,0.027073137,0.048830573,-0.028964688,-0.68834821,-0.029180539,0.72421425,0.047555394,-0.027434166,0.051919189
1.9305,0.042469803,0.026738867,0.049502363,-0.031683252,-0.68906648,-0.031817804,0.72330574,0.051942971,-0.03483774,0.079897429
1.9405,0.042845597,0.026379698,0.050422702,-0.034253293,-0.68913811,-0.034461888,0.72299914,0.046640958,-0.02974911,0.10100596
1.9505,0.043140761,0.026395673,0.051458218,-0.035731744,-0.68984303,-0.03665153,0.72214714,0.032393881,0.026784886,0.099475735
1.9605,0.043420136,0.026995983,0.052347922,-0.035903792,-0.6912185,-0.037790364,0.72076334,0.026694679,0.085911061,0.075135733
1.9705,0.043716535,0.028106316,0.052980368,-0.035045204,-0.69311013,-0.037856471,0.71898336,0.022022358,0.12952478,0.049110305
1.9805,0.044024239,0.029601904,0.05335486,-0.033412064,-0.69532546,-0.036960493,0.71696587,0.018248018,0.16334689,0.025404271
1.9905,0.044364265,0.031471235,0.053351811,-0.031051051,-0.69805581,-0.035051898,0.71451052,0.016611323,0.20310021,-0.022410181
2.0005,0.044746452,0.033688616,0.052913402,-0.028030245,-0.70139337,-0.032147062,0.71149716,0.015297827,0.23366713,-0.060400372
2.0105,0.045164304,0.036168803,0.052131526,-0.024507111,-0.70513896,-0.028427932,0.70807506,0.014796632,0.25651471,-0.090242263
2.0205,0.045627852,0.038859905,0.050943356,-0.020599643,-0.70940986,-0.023996589,0.70408626,0.016080755,0.27645788,-0.1383366
2.0305,0.046143,0.041699576,0.049334022,-0.016434601,-0.71422921,-0.018987109,0.69946124,0.018172577,0.28777422,-0.17427964
2.0405,0.046704084,0.044602037,0.04741803,-0.012155594,-0.71937487,-0.01361047,0.69438231,0.020944028,0.29075163,-0.20005194
2.0505,0.047311954,0.047486642,0.045205723,-0.0079151569,-0.72483134,-0.0080517107,0.68883383,0.025009181,0.28605413,-0.23270351
2.0605,0.047958572,0.050278647,0.042722104,-0.0038518264,-0.73055273,-0.0024900928,0.68284089,0.028355425,0.27417049,-0.25533577
2.0705,0.048505301,0.052522673,0.04075782,-0.00072383187,-0.73515146,0.0016630115,0.67790046,0.018282282,0.14928061,-0.10603459
2.0805,0.048761683,0.053528081,0.040325308,0.00027947936,-0.73690137,0.0032317502,0.67599249,0.0141686,0.074225533,0.00070367934
2.0905,0.048964245,0.054181869,0.040570742,0.0004845188,-0.73776142,0.0038801047,0.67505022,0.019718013,0.067981825,0.042947038
2.1005,0.049207179,0.054850238,0.041045596,0.00045983135,-0.73810529,0.00426824,0.67467188,0.027047419,0.071694716,0.052290837
2.1105,0.049524207,0.055613211,0.041564653,0.00046983733,-0.73853888,0.0044897043,0.67419577,0.031750053,0.078992058,0.051799851
2.1205,0.049889847,0.056352247,0.0420476,0.00015258512,-0.73904242,0.0049552094,0.67364065,0.039817867,0.05469739,0.046474466
2.1305,0.050331701,0.056527735,0.042369471,-0.00043864111,-0.7401729,0.0056625215,0.67239261,0.041919915,-0.0095647768,0.013445374
2.1405,0.050789719,0.056101731,0.042289606,-0.0010373584,-0.74200734,0.0063124538,0.67036123,0.042403993,-0.062928543,0.0062646824
2.1505,0.051223571,0.055256893,0.042470825,-0.0015691447,-0.74335448,0.0068159098,0.66886112,0.033498277,-0.10303129,0.018733741
2.1605,0.051438814,0.054027611,0.042480969,-0.0021426846,-0.74444461,0.0068155052,0.667646,0.011291842,-0.13035269,0.015605648
2.1705,0.051469796,0.052572683,0.042522215,-0.0025895062,-0.74506569,0.0065069499,0.66695433,-0.0014744346,-0.15579455,0.0020683553
2.1805,0.051399552,0.050922624,0.04253027,-0.0030332649,-0.74545634,0.0059588143,0.66652093,-0.0073053378,-0.17204717,0.001544636
2.1905,0.051285736,0.049131437,0.042527438,-0.0034918328,-0.74567961,0.0052499216,0.66627485,-0.0090573659,-0.18626432,-0.0047742341
2.2005,0.051156746,0.047258118,0.042515075,-0.0039315071,-0.74576079,0.0044373745,0.66618744,-0.0095666765,-0.1877621,0.0019210749
2.2105,0.050987614,0.045398056,0.042502466,-0.0043378716,-0.74561629,0.0036137732,0.66635161,-0.018584859,-0.17893251,0.0018022099
2.2205,0.050812011,0.043604835,0.042485497,-0.0046375779,-0.74535973,0.0027594241,0.66664064,-0.0089866039,-0.18139929,-0.0057943202
2.2305,0.050681734,0.04183791,0.042458041,-0.0048614663,-0.74489001,0.0018658824,0.66716697,-0.009854396,-0.17246929,-0.0011356924
2.2405,0.050511644,0.040181205,0.04242359,-0.0050528486,-0.74391013,0.001034384,0.66825977,-0.015319523,-0.15911594,-0.011631978
2.2505,0.050279988,0.038707508,0.042358772,-0.00508984,-0.74260265,0.00019376224,0.66971289,-0.017679601,-0.14017285,-0.0031454521
2.2605,0.050046642,0.037355567,0.042273212,-0.0051519482,-0.74058902,-0.00055083245,0.67193828,-0.018042839,-0.12252231,-0.010691285
2.2705,0.049796362,0.036291224,0.04216987,-0.0051039879,-0.73765669,-0.0012162019,0.6751556,-0.016404531,-0.09661289,-0.0076300788
2.2805,0.049581594,0.035328173,0.042036425,-0.0050846978,-0.73434126,-0.0017888884,0.67875906,-0.012041947,-0.091849411,-0.0094498247
2.2905,0.049390464,0.034450871,0.041902514,-0.0049313729,-0.73063785,-0.0023868227,0.68274323,-0.0089818133,-0.077559257,-0.017293546
2.3005,0.049227089,0.033711693,0.041754569,-0.0044058279,-0.72661767,-0.0032531244,0.6870202,-0.007772804,-0.075790116,-0.013848088
2.3105,0.049069114,0.032948672,0.041592354,-0.0042910168,-0.72250357,-0.0037323698,0.6913438,-0.0065418823,-0.076375253,-0.018406832
2.3205,0.048930249,0.032254258,0.041426911,-0.0040575997,-0.71844929,-0.0042536187,0.6955545,-0.0041555512,-0.057892908,-0.019023865
2.3305,0.048802539,0.031662637,0.04130823,-0.0039753862,-0.7143983,-0.0045307883,0.69971332,-0.0047244327,-0.061851644,-0.017128873
2.3405,0.048687932,0.031055335,0.041198784,-0.0038661549,-0.71059631,-0.0048367085,0.7035727,-0.0032121859,-0.060745577,-0.015229695
2.3505,0.048605333,0.030617425,0.041200686,-0.0037397355,-0.70737381,-0.0048855692,0.70681288,-0.0044722189,-0.026011558,0.0089450407
2.3605,0.048503215,0.030506512,0.041324532,-0.0034786369,-0.70482345,-0.0046338861,0.7093591,-0.0084924397,-0.0004394103,0.012426459
2.3705,0.048399872,0.030571237,0.041428671,-0.0032456689,-0.70284665,-0.0041997101,0.7113216,-0.0085167012,0.011934742,0.0085448595
2.3805,0.048316749,0.030744393,0.041572446,-0.0027584127,-0.70103021,-0.0034663956,0.71311782,-0.0083769845,0.021779721,0.019568425
2.3905,0.048255181,0.030999676,0.041782387,-0.0019550076,-0.69915428,-0.0023818296,0.71496419,-0.007954809,0.029373285,0.020520548
2.4005,0.048212605,0.03131027,0.041980935,-0.0011233098,-0.69735273,-0.00099725288,0.71672653,-0.00628043,0.032222616,0.024039568
2.4105,0.04822715,0.031682798,0.042407049,0.00043819378,-0.69495452,0.00042521409,0.71905343,0.00060727174,0.039434265,0.056178773
2.4205,0.048328392,0.032117548,0.043084096,0.002574835,-0.69174882,0.0021445643,0.72213042,0.0090996872,0.043910906,0.077912265
2.4305,0.048515805,0.032572655,0.043905326,0.0049919926,-0.6881481,0.0040047009,0.72554203,0.016573881,0.043703148,0.086716832
2.4405,0.048783753,0.033057768,0.044719133,0.0075727195,-0.68500449,0.0060767134,0.72847414,0.02138623,0.050075912,0.078559645
2.4505,0.049124775,0.033587196,0.045445496,0.010309271,-0.68270742,0.0082833091,0.73057217,0.025128507,0.05378647,0.070263218
2.4605,0.049507315,0.034129498,0.046081362,0.012784231,-0.68096502,0.01080759,0.73212458,0.029282877,0.052426458,0.062765865
2.4705,0.04994057,0.034618537,0.046690646,0.015122904,-0.67990039,0.013465955,0.73302484,0.032335066,0.046589516,0.060305189
2.4805,0.050413655,0.035049633,0.047231617,0.017413692,-0.67970319,0.016084758,0.7331041,0.034560751,0.040982239,0.04465794
2.4905,0.050910012,0.035419139,0.047651433,0.01956721,-0.68011808,0.018625168,0.73260468,0.036210525,0.033827939,0.043080879
2.5005,0.051426631,0.035716587,0.048015594,0.021623896,-0.6814063,0.021066678,0.73128248,0.036735148,0.027898901,0.032848736
2.5105,0.051946386,0.03596218,0.048271718,0.023613156,-0.68351813,0.023326647,0.72917848,0.035265899,0.023258054,0.021550838
2.5205,0.052439954,0.036165009,0.048429619,0.025560668,-0.68606808,0.02531718,0.72664729,0.032033881,0.01897711,0.011608611
2.5305,0.052919573,0.036382979,0.048660706,0.027638539,-0.68837162,0.027239765,0.72431942,0.033079939,0.02481116,0.032122374
2.5405,0.053407248,0.036634996,0.049076062,0.029955664,-0.68999554,0.029095805,0.72260794,0.034726719,0.025026035,0.046974956
2.5505,0.053887793,0.0368273,0.049494099,0.031956002,-0.69146237,0.030921497,0.72104263,0.032547767,0.0032716172,0.040169232
2.5605,0.054280527,0.036407306,0.04975846,0.032404383,-0.69404582,0.032039926,0.71848716,0.028375932,-0.075716951,0.016394406
2.5705,0.054575523,0.035341213,0.049782006,0.031532999,-0.69736363,0.032005462,0.71530783,0.024533288,-0.13007052,-0.0065290287
2.5805,0.054784629,0.033821877,0.049598045,0.029743826,-0.70098485,0.030934996,0.71188382,0.021423878,-0.16918058,-0.025019969
2.5905,0.05493182,0.031854524,0.049119278,0.027168343,-0.70495503,0.028841581,0.70814437,0.020923927,-0.2194982,-0.064143248
2.6005,0.055037136,0.029472561,0.04832305,0.023919024,-0.70926819,0.025774127,0.70406122,0.020841262,-0.25437958,-0.092185566
2.6105,0.055115139,0.026815492,0.047318172,0.020187175,-0.71367847,0.021931404,0.69983894,0.021824112,-0.27617772,-0.1090464
2.6205,0.055198863,0.023993906,0.04606819,0.01618302,-0.71826188,0.017541601,0.69536341,0.025691037,-0.28828727,-0.14041593
2.6305,0.055306507,0.021109722,0.044558597,0.012094296,-0.72305514,0.012814713,0.69056555,0.027532604,-0.28973845,-0.16442613
2.6405,0.055419537,0.018258929,0.042824228,0.0080683123,-0.72797592,0.0079364472,0.68550928,0.027593822,-0.28226829,-0.18503949
2.6505,0.055570218,0.015668399,0.041195135,0.0046308797,-0.73242677,0.003666797,0.6808202,0.028891256,-0.21739512,-0.093941225
2.6605,0.055779624,0.014083585,0.04084149,0.0031884438,-0.73443274,0.0019762177,0.67867111,0.025661207,-0.13015181,0.0040969687
2.6705,0.056025128,0.012930972,0.0410947,0.002564354,-0.7351539,0.0014087904,0.67789393,0.0270804,-0.10227099,0.03745517
2.6805,0.056317799,0.011927649,0.041603893,0.0030889856,-0.73531006,0.00043576598,0.67772368,0.033514854,-0.10086306,0.049365781
2.6905,0.05668061,0.010955116,0.042090935,0.0033124801,-0.73577373,-5.9110598e-05,0.67721935,0.038569771,-0.094533674,0.043152928
2.7005,0.057100466,0.010015154,0.042460458,0.0031428987,-0.73656856,-0.00041756885,0.67635545,0.045518934,-0.1003018,0.027218728
2.7105,0.05755118,0.0089419744,0.04266948,0.0022214567,-0.73774215,-0.0015899762,0.67507707,0.051185394,-0.11074078,0.0055306352
2.7205,0.058006532,0.0082158093,0.042491724,0.0014465081,-0.73979931,-0.0033742413,0.67281758,0.046268632,-0.038224007,-0.043124332
2.7305,0.058428019,0.00821879,0.042351308,0.0012675538,-0.74175878,-0.0046624521,0.67064937,0.040135063,0.028430414,0.0050673355
2.7405,0.058821698,0.0087538139,0.042570396,0.0014578912,-0.74300892,-0.0054375569,0.66925784,0.037919706,0.072459718,0.028627783
2.7505,0.059204231,0.0097093695,0.04287296,0.0018003273,-0.7439388,-0.0058480101,0.66821974,0.035382145,0.11960119,0.0090469175
2.7605,0.059578253,0.011138541,0.042803084,0.0023514785,-0.74517207,-0.0055802029,0.66684475,0.031811521,0.15240374,0.0051749664
2.7705,0.059942127,0.012784204,0.042871065,0.0025890324,-0.74598093,-0.0049916362,0.66594357,0.0322445,0.18638211,-0.017947572
2.7805,0.060284706,0.014660994,0.04284443,0.0028426643,-0.74668227,-0.004083313,0.66516226,0.021389825,0.19779142,-0.012250329
2.7905,0.060443143,0.01662068,0.042813993,0.0033307348,-0.74688989,-0.0032808435,0.6649313,0.0060346406,0.20381286,-0.015556595
2.8005,0.060483847,0.018587954,0.042789431,0.0037957213,-0.74674952,-0.0024627918,0.66508998,-0.0022411245,0.19849324,-0.0080464499
2.8105,0.06047349,0.020516791,0.042767424,0.0042190358,-0.74641143,-0.0016451512,0.66546936,-0.0047203449,0.19140927,-0.00312176
2.8205,0.06043581,0.022362423,0.042731304,0.0046016226,-0.74596611,-0.00083084565,0.66596749,-0.011416738,0.17466293,-0.0061816047
2.8305,0.060319723,0.023994632,0.042668294,0.0048285497,-0.74510019,-4.127189e-05,0.66693507,-0.012807859,0.15602422,0.0027336946
2.8405,0.060160672,0.025390095,0.042586647,0.0049520045,-0.74379507,0.00066101546,0.66838906,-0.015799609,0.13180067,-0.010140629
2.8505,0.059989079,0.026571976,0.042508505,0.0050135144,-0.74226778,0.0012406617,0.67008348,-0.01558701,0.11013795,-0.0051120468
2.8605,0.059815973,0.027669755,0.042455756,0.0053176445,-0.740016,0.0013628254,0.67256686,-0.013893543,0.10764812,-0.011585246
2.8705,0.05961648,0.028639911,0.042318306,0.0052465396,-0.73703278,0.0017460183,0.67583437,-0.016065227,0.090429546,-0.011508007
2.8805,0.059404119,0.029477066,0.042144622,0.0048261492,-0.73373639,0.0024284945,0.67941277,-0.015873886,0.078899256,-0.011932635
2.8905,0.059183693,0.030149726,0.041903435,0.0040226953,-0.73013347,0.0033486175,0.68328451,-0.01590675,0.059100366,-0.021532123
2.9005,0.058966283,0.03073783,0.041692426,0.0035145339,-0.72613795,0.003820911,0.68752944,-0.013108471,0.061169648,-0.014921503
2.9105,0.058787665,0.03133377,0.041603021,0.0039819603,-0.72195314,0.0032724778,0.69192275,-0.0080695071,0.05917162,-0.013411163
2.9205,0.058649602,0.031957822,0.04143418,0.0037185084,-0.7179467,0.0033807606,0.69607994,-0.0045917668,0.064566139,-0.017782348
2.9305,0.058537514,0.032596649,0.041232136,0.0031873218,-0.71414189,0.0037163583,0.69998385,-0.0032910674,0.063855837,-0.012192606
2.9405,0.058432982,0.033212497,0.041168141,0.0026846798,-0.71041094,0.0040605467,0.70377028,-0.0034457686,0.06044541,0.00033272501
2.9505,0.058348707,0.033709655,0.041057022,0.0022076215,-0.70738767,0.0043119048,0.70680918,-0.0036460115,0.033948657,0.0030493081
2.9605,0.05823341,0.033879088,0.041114758,0.001474625,-0.70526025,0.0043523395,0.70893361,-0.0069269831,0.0039873934,0.0072814112
2.9705,0.058098671,0.033828307,0.041170861,0.00044753491,-0.70394625,0.0038892648,0.71024246,-0.0065891835,-0.011021736,0.0044435668
2.9805,0.057956875,0.033647327,0.041262686,-0.00064548322,-0.70294411,0.0030940347,0.71123807,-0.0072288855,-0.02039762,0.019089056
2.9905,0.05781161,0.033394482,0.04143613,-0.0018930138,-0.70193163,0.0022869924,0.71223814,-0.006474175,-0.027345675,0.019990158
3.0005,0.057678175,0.033105715,0.041635474,-0.0032576018,-0.70098301,0.00155125,0.71316884,-0.0052192291,-0.029834615,0.017917694
3.0105,0.057553715,0.032742962,0.041936871,-0.0046208506,-0.69948843,0.00038158547,0.71462888,0.00040623492,-0.038258562,0.04649319
3.0205,0.057467456,0.032325913,0.042503039,-0.0061637844,-0.69709514,-0.0010770531,0.71695133,0.0074982289,-0.042852707,0.065363599
3.0305,0.057439311,0.031896165,0.04323963,-0.0079157295,-0.69415489,-0.0024969936,0.71977781,0.014634799,-0.041119865,0.08144223
3.0405,0.057475604,0.031428825,0.043952487,-0.0095845045,-0.6915832,-0.0045507547,0.72221888,0.022045906,-0.048692585,0.066367406
3.0505,0.057576631,0.030941698,0.044631931,-0.011532983,-0.68963525,-0.0069181568,0.72403201,0.030351588,-0.047561562,0.064874211
3.0605,0.05777655,0.030497325,0.045354779,-0.013605978,-0.68776243,-0.0093271123,0.72574838,0.03915259,-0.043479481,0.066747524
3.0705,0.058036589,0.030039209,0.04601929,-0.015636504,-0.6864635,-0.012216416,0.72689347,0.044343544,-0.047104732,0.059300037
3.0805,0.058347042,0.029564136,0.046604175,-0.017497117,-0.68590095,-0.015683369,0.72731546,0.048640747,-0.04863083,0.048298446
3.0905,0.058684728,0.029115391,0.047116658,-0.019375128,-0.68576746,-0.019126002,0.72731135,0.048476873,-0.03818536,0.054713131
3.1005,0.059027673,0.028751007,0.04769739,-0.021872011,-0.68623514,-0.022085496,0.72671534,0.048781825,-0.033544583,0.05690238
3.1105,0.05937492,0.028420428,0.048258603,-0.024658343,-0.68723777,-0.02491237,0.72558638,0.048322878,-0.030313309,0.054779751
3.1205,0.059722264,0.028117506,0.048787869,-0.027404032,-0.68844377,-0.027594853,0.72424631,0.047139189,-0.027632508,0.051666077
3.1305,0.060080137,0.027781532,0.049458248,-0.030093746,-0.68919159,-0.030226276,0.72332267,0.051350349,-0.035258862,0.079742492
3.1405,0.060455576,0.027415121,0.050375876,-0.032650043,-0.68925298,-0.03286064,0.72303837,0.047141724,-0.030825423,0.10095666
3.1505,0.06075457,0.02738823,0.051423058,-0.034182373,-0.68990553,-0.035116891,0.72223869,0.033358074,0.022146828,0.10130714
3.1605,0.061039553,0.027939032,0.052334442,-0.034415253,-0.69123463,-0.036350551,0.72089453,0.027695165,0.080752858,0.076706949
3.1705,0.0613416,0.028996,0.052988169,-0.033627542,-0.69308562,-0.036523177,0.71914364,0.023299927,0.1241507,0.051600554
3.1805,0.061656269,0.030437448,0.053389034,-0.032069735,-0.6952543,-0.035737599,0.71715815,0.01952548,0.15807249,0.027862438
3.1905,0.062002874,0.032255592,0.053411937,-0.029784326,-0.69793658,-0.033931922,0.71473495,0.017811401,0.19833799,-0.020025966
3.2005,0.062391796,0.034428963,0.05299745,-0.026832435,-0.70122697,-0.031112677,0.7117533,0.016454822,0.22983328,-0.058151714
3.2105,0.062817136,0.036876692,0.05223799,-0.023362074,-0.70492696,-0.027453634,0.70836325,0.015914551,0.25404513,-0.088108611
3.2205,0.063289637,0.039551423,0.051070638,-0.0194827,-0.70915515,-0.023046435,0.70440632,0.017193143,0.27581237,-0.13633624
3.2305,0.063816215,0.042394721,0.04948009,-0.015313985,-0.71393597,-0.018016422,0.69981164,0.019334043,0.28927261,-0.17248977
3.2405,0.064392066,0.045322977,0.0475798,-0.010994394,-0.71904893,-0.012569951,0.69475877,0.022231825,0.29451784,-0.19856189
3.2505,0.065018309,0.048255483,0.045377041,-0.0066756423,-0.72448212,-0.006889921,0.68922683,0.026384128,0.29198714,-0.23197244
3.2605,0.065688747,0.051115232,0.042901098,-0.0024997051,-0.73018481,-0.0011601556,0.68324413,0.030147227,0.28194259,-0.2544199
3.2705,0.066286433,0.053517636,0.040781449,0.00087854895,-0.7350524,0.0034645787,0.67800088,0.020585135,0.16766443,-0.12103635
3.2805,0.066561367,0.054593408,0.040245926,0.0021401013,-0.73698615,0.0051672431,0.6758847,0.013844325,0.077713425,-0.0053042443
3.2905,0.066756234,0.055235809,0.040458767,0.0024567975,-0.73792493,0.0058200464,0.67485323,0.018255219,0.064815983,0.040899777
3.3005,0.066977266,0.055906407,0.040964198,0.0023080263,-0.73824516,0.0063491088,0.67449867,0.022915925,0.070570296,0.057362463
3.3105,0.067264356,0.056674103,0.041524905,0.0023591991,-0.73860158,0.0065447033,0.6741063,0.029725463,0.080344015,0.054839889
3.3205,0.067623764,0.057430688,0.042020147,0.0021244162,-0.73911567,0.0069439955,0.67353938,0.039518626,0.054105739,0.046764829
3.3305,0.068062667,0.057601844,0.042360454,0.0015809671,-0.74021999,0.0076117379,0.67231981,0.041681748,-0.009628178,0.016640674
3.3405,0.068517931,0.057174679,0.042279525,0.00097460761,-0.74205051,0.0082996979,0.67029189,0.041926899,-0.063241738,0.004537031
3.3505,0.068947472,0.056334861,0.042456355,0.00042652955,-0.74339488,0.0088688948,0.66879385,0.032663994,-0.10048217,0.024476827
3.3605,0.069155685,0.055113231,0.042469306,-0.0001613913,-0.74447797,0.0089335824,0.66758724,0.010448936,-0.13037665,0.014623192
3.3705,0.069176549,0.053655956,0.042499369,-0.00063763849,-0.7451128,0.008659142,0.66688194,-0.0027450603,-0.15258823,0.0099789397
3.3805,0.069092951,0.05201147,0.042529373,-0.0010794083,-0.74546702,0.0081586663,0.6664917,-0.0087577582,-0.17351372,-0.00032956843
3.3905,0.068963753,0.050212837,0.042532802,-0.0015456353,-0.74567953,0.0074736816,0.66626105,-0.010651496,-0.18868347,-0.0069621991
3.4005,0.068817565,0.04831588,0.042509826,-0.0020133269,-0.74577493,0.0066594068,0.66616166,-0.011255979,-0.1901871,0.0017665508
3.4105,0.068630771,0.046438676,0.042518333,-0.0024123834,-0.74559612,0.0058506616,0.66636805,-0.020601608,-0.1778639,0.010303071
3.4205,0.068424553,0.044602925,0.042489714,-0.0028816345,-0.74534301,0.0050790108,0.6666556,-0.011482665,-0.1877938,-0.010599218
3.4305,0.068302528,0.042794686,0.042451266,-0.0028918113,-0.74500358,0.0039582566,0.66704245,-0.0088085179,-0.17923128,-0.010939035
3.4405,0.068115978,0.041121224,0.042406467,-0.0028377593,-0.74409935,0.0029156399,0.66805659,-0.017885758,-0.15597536,0.001745382
3.4505,0.067858733,0.039637666,0.042357968,-0.0029083695,-0.74277555,0.00211611,0.66953084,-0.021831837,-0.13922176,-0.0015068173
3.4605,0.067587143,0.038291088,0.042276053,-0.0030526868,-0.74070419,0.0014196405,0.67182287,-0.021272801,-0.12092423,-0.0087726088
3.4705,0.067309006,0.037186892,0.042173295,-0.0031767164,-0.73773949,0.00084694872,0.67507751,-0.019003237,-0.10488036,-0.020283289
3.4805,0.067061317,0.036234031,0.042052433,-0.0031522471,-0.73440473,0.00024663285,0.67870442,-0.015462141,-0.088665139,-0.016914612
3.4905,0.066866105,0.03539663,0.041917124,-0.0028959698,-0.73076024,-0.00046054579,0.68262792,-0.0084693522,-0.072800972,-0.013906545
3.5005,0.066713987,0.034790776,0.041762407,-0.0026034925,-0.72673797,-0.0011522071,0.68690889,-0.0055737711,-0.061486517,-0.011993654
3.5105,0.066576375,0.034123784,0.041590465,-0.0023686994,-0.72266538,-0.0017352131,0.69119182,-0.0052163622,-0.070237638,-0.02312177
3.5205,0.066455418,0.033433684,0.041422632,-0.0021377126,-0.71866736,-0.0022088741,0.69534724,-0.0032140601,-0.069817903,-0.021432528
3.5305,0.066342098,0.03279343,0.041344207,-0.0018555507,-0.71468952,-0.0026540295,0.69943435,-0.003290433,-0.053551033,-0.0018932049
3.5405,0.066229919,0.032268565,0.041231944,-0.0017011863,-0.71088966,-0.0030279572,0.70329498,-0.0041430483,-0.055711148,-0.019883938
3.5505,0.066127317,0.031868558,0.041171494,-0.0018112321,-0.70763621,-0.0029377587,0.70656853,-0.0063240886,-0.02107498,0.0043520237
3.5605,0.066011833,0.031792042,0.041250989,-0.0017696552,-0.70506181,-0.0025372416,0.70913911,-0.0090553726,0.002233876,0.01028521
3.5705,0.065905702,0.031871318,0.04134511,-0.0016147263,-0.70306299,-0.0020576106,0.71112277,-0.008478924,0.012937206,0.0089809539
3.5805,0.065821834,0.032051459,0.041500566,-0.001116368,-0.70122149,-0.0013558738,0.71294133,-0.008258407,0.022057749,0.021055326
3.5905,0.065762521,0.032305682,0.041742166,-0.00020906435,-0.69931313,-0.00039191139,0.71481533,-0.0069659324,0.027467184,0.026438501
3.6005,0.065730033,0.032606007,0.04199392,0.00081908651,-0.69746322,0.00077730328,0.71661969,-0.0056570316,0.032318218,0.022823467
3.6105,0.065752058,0.032976682,0.042382196,0.0022188352,-0.69506824,0.0023535975,0.71893649,0.0018353712,0.038630027,0.055408069
3.6205,0.065870288,0.033393016,0.043104538,0.0045833609,-0.69181635,0.0038248747,0.72204882,0.010580382,0.042898448,0.077136765
3.6305,0.066069992,0.033847369,0.043879438,0.0067850384,-0.68825202,0.0058876831,0.72541606,0.01735379,0.045248048,0.07801531
3.6405,0.066357103,0.034324742,0.044698211,0.0093767827,-0.68509997,0.0079360189,0.72834547,0.023840599,0.048750028,0.08033348
3.6505,0.066721318,0.03483853,0.045474427,0.012375029,-0.6827651,0.0098465712,0.73046678,0.027513303,0.051883812,0.072439663
3.6605,0.067124955,0.035365359,0.046135245,0.014922744,-0.680989,0.01227849,0.73203862,0.031410694,0.05340482,0.055502184
3.6705,0.067580788,0.035871686,0.046636634,0.016916344,-0.67995925,0.015275136,0.73289557,0.034267234,0.047997313,0.055196646
3.6805,0.06806695,0.036305649,0.047155352,0.019072573,-0.67975192,0.01801532,0.73297272,0.035696396,0.041013855,0.051861758
3.6905,0.068570452,0.036671194,0.047624036,0.021204604,-0.68011361,0.02057937,0.73251098,0.03684151,0.033439928,0.046684156
3.7005,0.06909169,0.03696451,0.048014952,0.023242027,-0.68136237,0.023022218,0.73121481,0.037296208,0.027629762,0.03489425
3.7105,0.069615021,0.03720708,0.048286631,0.025204379,-0.68344398,0.025284525,0.72912945,0.035673035,0.023094744,0.022830798
3.7205,0.070110938,0.037407721,0.048454245,0.027120781,-0.68596982,0.027279882,0.72661247,0.032332281,0.018883489,0.012461047
3.7305,0.070592287,0.037623699,0.048691713,0.029165669,-0.68825331,0.029209183,0.72429522,0.033339662,0.024699969,0.03273798
3.7405,0.071081102,0.037872809,0.0491124,0.031471405,-0.6898585,0.031049864,0.72259304,0.034893038,0.024597821,0.047396631
3.7505,0.071547875,0.037963086,0.04957824,0.033540322,-0.69131108,0.032478509,0.72104729,0.031233582,-0.018766911,0.04211857
3.7605,0.07190645,0.037358463,0.049853858,0.033784954,-0.69390904,0.033118544,0.71850677,0.026794336,-0.091920146,0.01570055
3.7705,0.072172428,0.036155841,0.049876824,0.032670741,-0.69723324,0.03278295,0.71534867,0.023244055,-0.1419456,-0.007107211
3.7805,0.072357841,0.034536955,0.049686294,0.030659311,-0.70085968,0.031513851,0.71194283,0.020334458,-0.17766539,-0.025771212
3.7905,0.072486097,0.032500743,0.049199994,0.027908513,-0.70483382,0.029293017,0.7082177,0.019908884,-0.22503337,-0.064962508
3.8005,0.072576393,0.030078494,0.048394444,0.024540912,-0.70915271,0.026158184,0.70414198,0.019906716,-0.25706088,-0.092977826
3.8105,0.072643475,0.027409413,0.047380869,0.020750307,-0.71356864,0.022305797,0.69992262,0.020930076,-0.27602774,-0.10981273
3.8205,0.072719991,0.024603723,0.046124063,0.016746025,-0.7181568,0.017964176,0.69544782,0.024722212,-0.28538195,-0.14126075
3.8305,0.07282309,0.021761483,0.044608766,0.012710489,-0.7229548,0.013341034,0.69064956,0.02660478,-0.28436395,-0.16476635
3.8405,0.072932645,0.018974977,0.042868855,0.0087817388,-0.72788211,0.0086149409,0.68559193,0.02660488,-0.27490008,-0.18492871
3.8505,0.073079611,0.016459838,0.041232984,0.0054549059,-0.73234605,0.0045091594,0.68089586,0.027767779,-0.21063907,-0.095214044
3.8605,0.073305509,0.014719633,0.040916097,0.0039804573,-0.73423325,0.0028951736,0.67887945,0.028267113,-0.14908832,0.0084353587
3.8705,0.073579044,0.013410787,0.041199527,0.0033495101,-0.73489031,0.0023271877,0.67817372,0.029862343,-0.11448823,0.038717134
3.8805,0.073894325,0.012320579,0.041723734,0.0040172972,-0.73498126,0.0012172046,0.67807443,0.035213687,-0.10655993,0.049678554
3.8905,0.074260716,0.011322223,0.042224943,0.0043543364,-0.73537053,0.00061841012,0.67765097,0.038822463,-0.095284856,0.042940846
3.9005,0.074675995,0.010346227,0.042559504,0.0040652204,-0.73622818,7.255358e-06,0.67672117,0.045545878,-0.10318709,0.021785514
3.9105,0.075119745,0.0092771622,0.042725369,0.0029237065,-0.73749434,-0.0012115668,0.6753459,0.050881182,-0.10689585,0.002721277
3.9205,0.075576354,0.0085292545,0.042515913,0.0019363395,-0.73963069,-0.0028934662,0.67300395,0.046561959,-0.03920091,-0.0454029
3.9305,0.076002153,0.0085190772,0.042321348,0.0016841618,-0.74169613,-0.0041595076,0.67072104,0.040565246,0.027283155,0.0020598054
3.9405,0.076401152,0.0090435183,0.042525681,0.0018645924,-0.74298676,-0.0049384155,0.6692853,0.038447096,0.071695822,0.028261389
3.9505,0.076789023,0.0099828113,0.04287109,0.002215131,-0.74387343,-0.0053728903,0.66829525,0.036652002,0.11611652,0.021112209
3.9605,0.077177319,0.011429524,0.042797304,0.0028773447,-0.74514819,-0.0050640701,0.66687349,0.032075471,0.15970856,-0.010954467
3.9705,0.077549548,0.013068209,0.042897556,0.0031114348,-0.74593165,-0.0044891891,0.6660001,0.034238994,0.17508811,0.011327088
3.9805,0.077894281,0.014977739,0.042820235,0.0034422508,-0.74670968,-0.0034645229,0.66513217,0.018905948,0.18976343,0.0094087665
3.9905,0.078043092,0.016943517,0.042798865,0.0039220553,-0.74689722,-0.0026083279,0.66492282,0.0052841137,0.19557228,0.005939637
4.0005,0.078087259,0.018918267,0.042776179,0.0044190001,-0.74675491,-0.0017820739,0.66508225,-0.0017947054,0.19409451,0.0043658822
4.0105,0.07808343,0.020848716,0.042769838,0.0048457277,-0.74639563,-0.00097023652,0.66548414,-0.0039494721,0.18748033,0.0082689482
4.0205,0.078055568,0.022703743,0.04273373,0.0052609461,-0.74595165,-0.00016629601,0.6659793,-0.010195815,0.17425715,-0.0029048118
4.0305,0.077945944,0.024329244,0.042682074,0.0055334876,-0.74506374,0.00056908184,0.66697008,-0.011657713,0.15622525,0.0054845251
4.0405,0.077797891,0.025739943,0.042599904,0.0057700216,-0.74376367,0.0012018381,0.66841669,-0.016301121,0.1282065,-0.0076801505
4.0505,0.077651092,0.026933259,0.042533907,0.0058787324,-0.74226017,0.001754135,0.67008372,-0.015560222,0.10281103,-0.0047697126
4.0605,0.077459555,0.027892697,0.042416648,0.005688475,-0.74007654,0.0023537917,0.67249448,-0.016141308,0.095203898,-0.020284492
4.0705,0.077249171,0.028765544,0.042274971,0.0054765425,-0.73711317,0.002886834,0.67574096,-0.016547927,0.083992984,-0.02089968
4.0805,0.077037529,0.029545707,0.042098802,0.0052561367,-0.73382573,0.0033962604,0.67930894,-0.014685307,0.075615658,-0.016257953
4.0905,0.076842246,0.030326807,0.041951542,0.0052181947,-0.73006909,0.0035297402,0.6833443,-0.01112657,0.08013102,-0.01643019
4.1005,0.076666741,0.031125679,0.041791761,0.0048854283,-0.72597167,0.0037887261,0.68769682,-0.0089573156,0.08097985,-0.016003021
4.1105,0.076500708,0.03188506,0.041566908,0.0042745249,-0.72188545,0.0042699964,0.69198619,-0.0090576043,0.069389256,-0.025080297
4.1205,0.076361657,0.032451343,0.041384784,0.0039206689,-0.71784113,0.0045305653,0.69618116,-0.0039382524,0.049800573,-0.0091710279
4.1305,0.076260292,0.032995704,0.041254039,0.003680142,-0.71395219,0.0046240219,0.70016951,-0.0017658201,0.057237163,-0.015546697
4.1405,0.076172242,0.033560724,0.041158128,0.0033337762,-0.71029901,0.0047971671,0.70387583,-0.0010823911,0.056539838,-0.017842391
4.1505,0.076109149,0.034029884,0.041098436,0.0029014304,-0.7072739,0.0049229054,0.70691652,0.0020808698,0.034778198,0.00537456
4.1605,0.076024702,0.034194256,0.041174007,0.0019210555,-0.70521191,0.0047352164,0.70897817,-0.0030179669,0.005372344,0.011713351
4.1705,0.075910838,0.034133035,0.041225868,0.00078505386,-0.70393132,0.0041009422,0.71025577,-0.0042396625,-0.013071056,0.0026388771
4.1805,0.075788105,0.033959396,0.041306588,-0.00051438152,-0.7029624,0.0033488246,0.71121894,-0.0048294318,-0.019519023,0.01568537
4.1905,0.07566464,0.03373065,0.04146825,-0.0019217176,-0.70195762,0.0026096218,0.71221134,-0.0045618719,-0.025416506,0.015390951
4.2005,0.075550887,0.033446717,0.041628211,-0.0030754649,-0.70105351,0.0016196331,0.7131002,-0.0023713389,-0.027737943,0.02219326
4.2105,0.075452826,0.033089019,0.041921758,-0.004610381,-0.69954098,0.00062146671,0.71457734,0.0025872726,-0.03919331,0.043619458
4.2205,0.075388009,0.032679001,0.042491825,-0.0060571872,-0.69714917,-0.0009029978,0.71689995,0.0095239335,-0.040791671,0.068718537
4.2305,0.07537534,0.032264092,0.043237272,-0.0078703668,-0.69417441,-0.002257207,0.71976027,0.015903721,-0.043048711,0.071534673
4.2405,0.075427565,0.031808264,0.04396105,-0.0094798571,-0.69158278,-0.0043486195,0.72222191,0.02360058,-0.047793412,0.065732885
4.2505,0.075545872,0.0313345,0.044640171,-0.011428779,-0.68960869,-0.0066927511,0.72406108,0.032341271,-0.046391928,0.063388522
4.2605,0.075762066,0.030904405,0.045368994,-0.013470484,-0.68770806,-0.0091014095,0.7258053,0.040570888,-0.040868784,0.073161601
4.2705,0.076033309,0.030461959,0.046043605,-0.015473384,-0.68639247,-0.01197437,0.72696806,0.045105607,-0.04650802,0.055513742
4.2805,0.076351155,0.029992226,0.046604593,-0.017295598,-0.68584296,-0.015455394,0.72737984,0.049070416,-0.048355133,0.046831451
4.2905,0.076695616,0.029560246,0.047163017,-0.01913964,-0.68567818,-0.018876767,0.72740826,0.048968052,-0.036991092,0.057625112
4.3005,0.077042726,0.02920416,0.047759051,-0.021620023,-0.68612737,-0.021815462,0.72683278,0.048960883,-0.03302662,0.057500693
4.3105,0.077391228,0.028877186,0.048320635,-0.024389725,-0.68712584,-0.024630242,0.72571109,0.048289259,-0.030089821,0.054412311
4.3205,0.077738295,0.028576083,0.048844179,-0.027120356,-0.68833678,-0.027304366,0.72436968,0.046992488,-0.027514862,0.050930226
4.3305,0.078094781,0.028241148,0.049506461,-0.029797097,-0.68909597,-0.029929261,0.7234384,0.051088892,-0.035206808,0.078864334
4.3405,0.078468204,0.027875141,0.050415386,-0.032341259,-0.68917084,-0.032560032,0.72314414,0.046782246,-0.030976775,0.09994496
4.3505,0.078765483,0.027849678,0.051455309,-0.033847103,-0.68982997,-0.034818072,0.72234111,0.0333502,0.020287931,0.10092597
4.3605,0.079047327,0.028366459,0.052361077,-0.034118493,-0.69115475,-0.036124041,0.7209966,0.027778532,0.076176181,0.076110882
4.3705,0.079346232,0.029368108,0.053015803,-0.033410704,-0.69298952,-0.036412841,0.71925195,0.023699395,0.11795717,0.052098072
4.3805,0.079657882,0.030742465,0.053424989,-0.031957362,-0.69513037,-0.035768513,0.71728175,0.019831234,0.15109888,0.028338473
4.3905,0.079999611,0.032490046,0.05345628,-0.029788348,-0.69778333,-0.034109917,0.71487592,0.018149012,0.19140378,-0.018936708
4.4005,0.08038436,0.03459711,0.053057239,-0.026948611,-0.70103632,-0.031429455,0.71192278,0.016811716,0.22366168,-0.05636841
4.4105,0.080807072,0.036990532,0.052322409,-0.023570602,-0.70468886,-0.027886589,0.7085763,0.016262435,0.24941575,-0.085564486
4.4205,0.081277491,0.03963089,0.051181275,-0.019750744,-0.70886933,-0.023553258,0.70466973,0.017399034,0.27353816,-0.13371476
4.4305,0.0818042,0.042467029,0.049616585,-0.01559611,-0.71360584,-0.018538748,0.7001284,0.01952375,0.28999048,-0.16991827
4.4405,0.082384313,0.045420376,0.04774015,-0.011235225,-0.71868041,-0.013038527,0.69512749,0.022543712,0.29861207,-0.19623896
4.4505,0.083020827,0.04841217,0.045557295,-0.0068152418,-0.72408338,-0.0072286603,0.68964089,0.026980818,0.29951053,-0.23004705
4.4605,0.08370882,0.051363533,0.043095006,-0.0024804961,-0.7297659,-0.0012944148,0.68369138,0.031102283,0.29254521,-0.25325492
4.4705,0.084345096,0.053919674,0.040907869,0.0011678976,-0.73476351,0.0036707743,0.67831243,0.023124855,0.18313982,-0.12998799
4.4805,0.084645921,0.05510503,0.040313183,0.0025001412,-0.73679865,0.0056093317,0.67608434,0.014665382,0.085243004,-0.008546936
4.4905,0.084848425,0.055807175,0.040501612,0.0027983885,-0.73776722,0.0063854984,0.6750192,0.018604739,0.070951986,0.039895126
4.5005,0.085084767,0.056522561,0.040981706,0.0029609281,-0.73819179,0.0066795454,0.67455133,0.025726736,0.076016837,0.053293893
4.5105,0.085394641,0.057348003,0.04152201,0.0028354008,-0.73854768,0.0070550518,0.67415837,0.031910574,0.086624614,0.055920336
4.5205,0.085753557,0.058170421,0.04204439,0.0028201378,-0.73907056,0.0072729374,0.67358286,0.038845181,0.062709136,0.04791444
4.5305,0.086190298,0.058430075,0.042353843,0.0023570879,-0.74023921,0.0079345757,0.67229265,0.041346235,0.00037471756,0.0083778656
4.5405,0.086647963,0.058111678,0.042256665,0.0018023538,-0.74208602,0.0087767697,0.67024478,0.041293444,-0.053070797,0.0072304875
4.5505,0.087076502,0.057364699,0.042446206,0.0012336125,-0.74339975,0.0095155743,0.66877855,0.032375137,-0.089288344,0.031841843
4.5605,0.087287019,0.056233262,0.042470456,0.00061158177,-0.74446977,0.0097754272,0.66758432,0.010302293,-0.12288098,0.013491481
4.5705,0.087311142,0.054856101,0.042522016,0.00013782141,-0.74508627,0.0096295073,0.66689857,-0.0028290594,-0.14487589,0.013783767
4.5805,0.08722715,0.053257586,0.042529638,-0.00032462684,-0.74548577,0.0091873156,0.66645814,-0.0093722445,-0.16646787,0.0054426955
4.5905,0.087090138,0.051494755,0.042532241,-0.00078575408,-0.74570761,0.0085525179,0.66621798,-0.011904485,-0.18398604,-0.002796103
4.6005,0.086932136,0.049624279,0.042525017,-0.001223886,-0.7457858,0.0077880619,0.66613917,-0.012734371,-0.18808064,0.0040735586
4.6105,0.086718709,0.047752808,0.042502911,-0.0016238071,-0.74562515,0.006961871,0.66632726,-0.021995878,-0.18345065,-0.0040198892
4.6205,0.086510821,0.045914154,0.042506761,-0.0020774984,-0.74533053,0.0062384019,0.66666271,-0.012716561,-0.18924217,-0.0096279256
4.6305,0.086379408,0.044067529,0.042455064,-0.0021828258,-0.74498526,0.0051752149,0.66705728,-0.0087508654,-0.18378257,-0.013584472
4.6405,0.086190488,0.042362298,0.042417024,-0.0022412436,-0.74407569,0.0042115048,0.6680783,-0.018134381,-0.16083296,-0.0011912905
4.6505,0.085928023,0.040837833,0.042361855,-0.0023298166,-0.7427724,0.0033941688,0.66953134,-0.023409855,-0.14256302,-0.0034381214
4.6605,0.085623894,0.039557042,0.042280878,-0.0024207623,-0.74062598,0.0026962209,0.67190776,-0.022180019,-0.12527591,-0.011301886
4.6705,0.08535156,0.038356862,0.042171261,-0.0026409262,-0.7376689,0.0021787496,0.67515396,-0.018787067,-0.11104324,-0.012381515
4.6805,0.085096116,0.037366515,0.04204181,-0.0024715621,-0.73435278,0.0014471759,0.67876196,-0.015529295,-0.095421684,-0.019539543
4.6905,0.084882403,0.036445563,0.04191121,-0.0021585787,-0.73064987,0.00067629011,0.6827486,-0.011154396,-0.093817733,-0.024595961
4.7005,0.084705906,0.035621558,0.041755587,-0.0017846792,-0.72664614,-8.8809429e-05,0.6870096,-0.007341237,-0.076844455,-0.022589777
4.7105,0.084547825,0.034855183,0.04158619,-0.0015298915,-0.72253354,-0.0007068896,0.69133381,-0.0069623811,-0.077255336,-0.017260361
4.7205,0.084403703,0.034150636,0.041426917,-0.001299526,-0.71843568,-0.0012147947,0.69559112,-0.0046627691,-0.062789865,-0.013305199
4.7305,0.084283291,0.033512095,0.041287671,-0.0011999712,-0.71443672,-0.001517505,0.69969738,-0.0049688132,-0.06353979,-0.0078792878
4.7405,0.084160318,0.032881947,0.041199785,-0.00096359971,-0.71059389,-0.0019442092,0.70359905,-0.0044631044,-0.062083085,-0.0069932491
4.7505,0.084048342,0.032481145,0.041272438,-0.00062744612,-0.70721768,-0.0021089615,0.70699244,-0.0078211514,-0.020693482,0.01328228
4.7605,0.083927137,0.03241123,0.041406849,-0.00036661283,-0.70455957,-0.0017573951,0.70964258,-0.0097752548,0.0025742655,0.012695718
4.7705,0.083815418,0.032498624,0.041500237,-0.0001423551,-0.70255764,-0.0012254609,0.71162577,-0.0094225476,0.012695927,0.0086402018
4.7805,0.083724689,0.032678339,0.041640143,0.00036812088,-0.7007128,-0.00043328995,0.71344323,-0.0090312174,0.021945002,0.019476445
4.7905,0.08365693,0.032936626,0.041833885,0.0011622809,-0.69883334,0.00073580195,0.71528321,-0.0087014174,0.029893318,0.018409355
4.8005,0.083613833,0.033246783,0.042039892,0.0020729402,-0.69702363,0.0021074038,0.71704206,-0.0064269874,0.03222235,0.0238098
4.8105,0.083637977,0.033618115,0.042453666,0.0037109809,-0.69462963,0.0035251921,0.71934935,0.0019591468,0.040158458,0.051865691
4.8205,0.0837599,0.03404643,0.043134482,0.006001091,-0.69143327,0.0051627046,0.72239695,0.01039067,0.044591659,0.071987914
4.8305,0.083965022,0.034484135,0.043948625,0.0083448297,-0.68784588,0.0071582076,0.7257735,0.018442936,0.041462134,0.085042673
4.8405,0.084254825,0.034943459,0.044786343,0.011099514,-0.68468664,0.009118595,0.728696,0.022872115,0.048359225,0.076559446
4.8505,0.084604287,0.035452922,0.045454,0.01366733,-0.68244156,0.011587941,0.7307205,0.025960094,0.05215683,0.063396843
4.8605,0.085003288,0.035960443,0.046130766,0.016274706,-0.68068256,0.014060144,0.73226272,0.030936971,0.048206879,0.071438566
4.8705,0.085454161,0.036416983,0.046742252,0.018731219,-0.67962017,0.016648608,0.73313599,0.034002645,0.04393115,0.058617811
4.8805,0.085945096,0.036824891,0.047232004,0.021062127,-0.67946055,0.019267244,0.73315654,0.036328494,0.039099363,0.047450379
4.8905,0.086460552,0.037176436,0.047666389,0.023254853,-0.6798683,0.021854696,0.73263952,0.03756042,0.032417751,0.043779128
4.9005,0.086990955,0.037459941,0.048034011,0.025377523,-0.68114987,0.024305614,0.73130026,0.037804756,0.026627194,0.032602322
4.9105,0.087520944,0.037692056,0.048289874,0.027462876,-0.68325458,0.026539566,0.72918079,0.035883386,0.021881555,0.020984842
4.9205,0.088021346,0.037880047,0.048446134,0.029529476,-0.68579769,0.028478091,0.72663508,0.032395748,0.017368686,0.010772005
4.9305,0.088506554,0.038081401,0.048674279,0.031733966,-0.68809607,0.030339227,0.72429019,0.033759057,0.023581885,0.031427709
4.9405,0.089014146,0.038332421,0.049080659,0.033897573,-0.6897285,0.032421288,0.72254717,0.037878701,0.027294725,0.048349461
4.9505,0.089517141,0.038477033,0.049541503,0.035464516,-0.69118147,0.034547258,0.72098331,0.033756006,-0.011147491,0.044699467
4.9605,0.089899451,0.037925683,0.049834379,0.035560195,-0.69374479,0.035560242,0.71846302,0.028319865,-0.087424541,0.020685107
4.9705,0.090177189,0.036755987,0.049887512,0.034506285,-0.69702685,0.03536269,0.71534074,0.023406741,-0.13939444,-0.004530114
4.9805,0.090365187,0.035156572,0.049725006,0.032618725,-0.70061958,0.034134998,0.71197123,0.019829543,-0.17630654,-0.023606993
4.9905,0.090488447,0.033130826,0.049262082,0.029988977,-0.70457079,0.031919806,0.70828087,0.018674491,-0.22448434,-0.063895091
5.0005,0.090567902,0.030712042,0.048475931,0.026714892,-0.70887694,0.028778931,0.7042383,0.018550995,-0.25718915,-0.091047633
5.0105,0.090619306,0.028040517,0.047475419,0.022985842,-0.71329188,0.02491423,0.70004687,0.0191313,-0.27672571,-0.1089303
5.0205,0.090676632,0.02522645,0.046225488,0.01901298,-0.71788983,0.020555104,0.69559341,0.02278213,-0.28666848,-0.14069479
5.0305,0.090756556,0.022370211,0.044707135,0.014984464,-0.72271628,0.015907623,0.69079924,0.023974788,-0.28616258,-0.166435
5.0405,0.090841534,0.019565253,0.042955707,0.011042821,-0.72768319,0.011151292,0.68573383,0.024166854,-0.27706047,-0.18682143
5.0505,0.090963457,0.0170034,0.041250546,0.0076298576,-0.73228656,0.0069154019,0.68091876,0.025951717,-0.21689473,-0.10495706
5.0605,0.091167112,0.015221459,0.040878577,0.0060850649,-0.73427578,0.0051974114,0.67880412,0.026202855,-0.15201681,0.0055736481
5.0705,0.091419161,0.013890632,0.041151951,0.0054391784,-0.73494322,0.0045845019,0.67809134,0.028074908,-0.1166045,0.038760789
5.0805,0.091716407,0.012781467,0.04168289,0.006082465,-0.73503125,0.0034746696,0.67799704,0.033191567,-0.10821257,0.051693886
5.0905,0.092068129,0.011764693,0.042185437,0.0064055677,-0.73542028,0.0028784807,0.67757487,0.03757984,-0.097269458,0.042697574
5.1005,0.09247052,0.010787046,0.04252518,0.0060908011,-0.73625771,0.0024236826,0.6766695,0.044662217,-0.10322504,0.024392028
5.1105,0.092909184,0.0097158772,0.042708441,0.005140702,-0.73749774,0.0011383999,0.67532908,0.050243915,-0.10830277,0.004659349
5.1205,0.093364767,0.0089594083,0.042524476,0.0042754158,-0.7396051,-0.00060248817,0.67302723,0.046744367,-0.039993402,-0.043341934
5.1305,0.093794423,0.0089536992,0.042379105,0.004052605,-0.74161704,-0.0018410494,0.67080873,0.041136431,0.028034121,0.0046945678
5.1405,0.094201341,0.0094866262,0.042592771,0.0042122185,-0.7429181,-0.0025823104,0.66936409,0.039239113,0.07267083,0.028149101
5.1505,0.094596721,0.010452194,0.042858784,0.0044779964,-0.74390972,-0.0028802716,0.66825892,0.035933219,0.12183119,0.0029473273
5.1605,0.09497854,0.011868371,0.042824708,0.0049340408,-0.74508115,-0.0025714402,0.66695061,0.033173898,0.149686,0.012929697
5.1705,0.095357917,0.013538911,0.042827797,0.0052255453,-0.74597568,-0.0019059698,0.66594996,0.034274337,0.17730035,0.0028191346
5.1805,0.095714721,0.015404532,0.042813973,0.0055111534,-0.74665487,-0.0010340634,0.665188,0.021695616,0.19059119,0.0029753053
5.1905,0.095878192,0.017334337,0.042830397,0.0059980103,-0.7467944,-0.00029365675,0.66502787,0.0066491922,0.19380855,0.0044652153
5.2005,0.095934759,0.019283809,0.042807319,0.0065076545,-0.74665719,0.00049007431,0.665177,-0.00077493388,0.19210534,0.0023164516
5.2105,0.095943013,0.021195552,0.042775606,0.0069823364,-0.74633866,0.0012803292,0.66552853,-0.0029193778,0.188329,-0.0015098955
5.2205,0.095909029,0.022995525,0.042732693,0.0073211553,-0.74588808,0.002100401,0.66602775,-0.012086128,0.17211858,-0.015928848
5.2305,0.09580564,0.024614698,0.042660179,0.0075888862,-0.74503733,0.0028575127,0.66697348,-0.010609984,0.15813899,-0.001913197
5.2405,0.095668403,0.026026166,0.042584408,0.0078586556,-0.74374874,0.0034581059,0.66840414,-0.017167773,0.12212299,-0.0081912701
5.2505,0.095506616,0.027176102,0.042514239,0.007898162,-0.74222474,0.0040310966,0.67009238,-0.014666801,0.106533,-0.010528737
5.2605,0.095316155,0.028125252,0.042402131,0.00767132,-0.74004817,0.0046845801,0.6724938,-0.016793732,0.090642675,-0.014609954
5.2705,0.095117098,0.028996091,0.042261699,0.0074788458,-0.73710136,0.0051807746,0.67572096,-0.015383243,0.082941038,-0.011654336
5.2805,0.094913288,0.02976305,0.042099377,0.0072238166,-0.73382338,0.0057170412,0.67927784,-0.015048855,0.071682259,-0.011415214
5.2905,0.094705682,0.030398895,0.041914247,0.0068329615,-0.73017293,0.0062355666,0.68319976,-0.013303555,0.06397035,-0.0074196389
5.3005,0.094515728,0.031041579,0.041763004,0.0068513815,-0.72609603,0.0062152725,0.68753108,-0.0092029662,0.066933418,-0.01855204
5.3105,0.094367982,0.031723946,0.04159241,0.0066577244,-0.72197422,0.0062974744,0.69185927,-0.0053643328,0.069285282,-0.017760028
5.3205,0.094240184,0.032419355,0.041390479,0.0062113143,-0.7179675,0.0065732008,0.69601788,-0.0048493947,0.06989376,-0.013990362
5.3305,0.094115552,0.033082515,0.041278857,0.0057661777,-0.71403765,0.0068647592,0.7000499,-0.004107958,0.060002939,-0.02419491
5.3405,0.094023645,0.033563872,0.041140976,0.0053083338,-0.71041764,0.0072640515,0.70372283,-0.00064485602,0.038358231,-0.0046165105
5.3505,0.093972817,0.033886979,0.041145196,0.0049522319,-0.70727544,0.007328905,0.70688274,0.00088963547,0.018639961,0.0080838246
5.3605,0.093895026,0.033921781,0.041243313,0.0039909454,-0.70514453,0.0069606787,0.7090182,-0.00059558009,-0.0064917349,0.011678433
5.3705,0.093809614,0.033766001,0.041306331,0.0028754266,-0.70384734,0.0061850046,0.71031852,-0.00097818638,-0.021215855,0.0070118933
5.3805,0.093716838,0.033516958,0.041424076,0.0014744522,-0.70280525,0.005476683,0.71135969,-0.0018819805,-0.027814946,0.0136444
5.3905,0.093621405,0.033213076,0.041582349,0.00024257605,-0.70179345,0.0045487717,0.71236592,-0.00098280378,-0.030512307,0.021370356
5.4005,0.09353508,0.03286745,0.041652999,-0.0010565776,-0.70090983,0.0036421118,0.71323981,-0.00071414943,-0.035155056,0.0034121954
5.4105,0.093453104,0.032499861,0.041940966,-0.0024044839,-0.6994201,0.0024671174,0.7147025,0.0043913351,-0.03716522,0.046629654
5.4205,0.093406149,0.032115533,0.042554614,-0.00401402,-0.69695727,0.0011463923,0.7171005,0.011133091,-0.039934068,0.066046199
5.4305,0.093413361,0.031710275,0.043287477,-0.0056527386,-0.69399824,-0.0003274277,0.71995444,0.017907045,-0.040125479,0.07770689
5.4405,0.093486358,0.031259454,0.043974999,-0.0072379315,-0.69142108,-0.0023984188,0.72241176,0.025733651,-0.045445808,0.068014605
5.4505,0.093626574,0.030814486,0.044685278,-0.0091561818,-0.68942516,-0.0046960408,0.72428382,0.034232286,-0.04229388,0.070433047
5.4605,0.093859236,0.030414235,0.045428244,-0.011209014,-0.68752186,-0.007023133,0.7260432,0.041746032,-0.03911268,0.069881633
5.4705,0.094144881,0.029994617,0.046103875,-0.013205052,-0.68621903,-0.0098425715,0.72720849,0.046369927,-0.043653833,0.059483922
5.4805,0.094470647,0.029543651,0.046657971,-0.015080541,-0.68568314,-0.013217582,0.72762387,0.049282396,-0.04721342,0.04413189
5.4905,0.094817873,0.029116433,0.047196871,-0.016923531,-0.68555244,-0.016600785,0.72763718,0.04891672,-0.036944151,0.056421303
5.5005,0.095165365,0.028760529,0.0477864,-0.019371756,-0.68603107,-0.01953152,0.72705201,0.048824019,-0.033251727,0.057149248
5.5105,0.095513388,0.028431785,0.048347581,-0.022108729,-0.68705034,-0.022342015,0.72592966,0.048101582,-0.030444825,0.054406555
5.5205,0.095859447,0.028128149,0.048872476,-0.024810716,-0.68827862,-0.025012079,0.72459048,0.046782729,-0.027896992,0.050995242
5.5305,0.096214683,0.027790233,0.049535864,-0.027462471,-0.68905456,-0.027633833,0.72366152,0.050874097,-0.035656534,0.078870482
5.5405,0.096582238,0.027424854,0.050445253,-0.029972452,-0.68918616,-0.030268827,0.7233311,0.045619138,-0.03063229,0.099618921
5.5505,0.096873248,0.027413008,0.05147161,-0.031438885,-0.68992541,-0.032497973,0.72246689,0.032614506,0.022323565,0.098961974
5.5605,0.097155922,0.02795733,0.05235878,-0.031660887,-0.69130719,-0.03373263,0.7210784,0.02770405,0.079426591,0.074325348
5.5705,0.09746037,0.028995975,0.052989724,-0.030893863,-0.69319089,-0.033923882,0.7192921,0.023840709,0.12201241,0.049537582
5.5805,0.097781217,0.030412873,0.053372677,-0.029374029,-0.69537741,-0.033168308,0.71727769,0.020477351,0.15555328,0.026346076
5.5905,0.098137311,0.032204049,0.053382572,-0.027135208,-0.69806591,-0.031395843,0.71483003,0.019170531,0.19578479,-0.021037444
5.6005,0.098539754,0.034351429,0.052961214,-0.024231168,-0.70135083,-0.028606002,0.71182973,0.018157583,0.22757511,-0.058588697
5.6105,0.09898174,0.036777574,0.052199985,-0.020802677,-0.7050359,-0.024966682,0.70842663,0.017851908,0.25240777,-0.08809194
5.6205,0.099473826,0.03943839,0.051034808,-0.016953758,-0.70924178,-0.020561406,0.70446142,0.019349793,0.27511394,-0.13596588
5.6305,0.10002303,0.042278293,0.04944918,-0.012799291,-0.71399502,-0.015508755,0.69986196,0.021667767,0.2897605,-0.17189438
5.6405,0.10062441,0.045215635,0.047555132,-0.0084734842,-0.71907768,-0.010011514,0.69480592,0.024714847,0.29632282,-0.19788126
5.6505,0.10127907,0.048170219,0.045358707,-0.0041267166,-0.72447993,-0.0042500445,0.68927044,0.029015949,0.29509061,-0.23129287
5.6605,0.101981,0.0510641,0.042889306,9.7839955e-05,-0.73015144,0.0015904588,0.6832835,0.032938685,0.28618693,-0.25371728
5.6705,0.10260611,0.053483518,0.040770329,0.0035239602,-0.7350053,0.0063209108,0.67802274,0.022035007,0.16559329,-0.12194269
5.6805,0.10289494,0.054573852,0.040239401,0.0047353911,-0.73692149,0.00812134,0.67591296,0.014830504,0.079625108,-0.0040906671
5.6905,0.10309653,0.055224573,0.040456186,0.0050065917,-0.73784351,0.0088337088,0.67489544,0.018685963,0.065063075,0.04113233
5.7005,0.10333589,0.055888206,0.040938712,0.005113894,-0.73825261,0.009138798,0.67444304,0.026480153,0.07175274,0.053533345
5.7105,0.10364951,0.056661209,0.04147555,0.0050511537,-0.73861935,0.0094387331,0.67403772,0.032434079,0.080500165,0.053554594
5.7205,0.10402586,0.057426371,0.041962699,0.0048332265,-0.73916086,0.0098248617,0.67343993,0.039696038,0.055319753,0.046973576
5.7305,0.10446377,0.057609176,0.042336822,0.0043122344,-0.7402226,0.010459941,0.67226668,0.04157868,-0.0087343157,0.025828224
5.7405,0.10491435,0.057190693,0.042308127,0.0036850411,-0.74197577,0.011161918,0.67032365,0.041399674,-0.062764266,0.005779122
5.7505,0.10533392,0.056352148,0.04246159,0.0030705559,-0.74333999,0.011783997,0.66880294,0.031184283,-0.1037979,0.0070434407
5.7605,0.10552383,0.055162658,0.042500969,0.0024691276,-0.74435443,0.011948469,0.66767329,0.0090274777,-0.13059686,0.0082407949
5.7705,0.10553283,0.053717578,0.04251149,0.0019677236,-0.74501603,0.011705425,0.66694094,-0.0037311002,-0.15615757,-0.0031066385
5.7805,0.1054365,0.052076234,0.042520377,0.0015088788,-0.74540834,0.011210273,0.66651217,-0.010165078,-0.17411032,-0.0035851692
5.7905,0.1052919,0.050284912,0.042534255,0.0010586472,-0.74561249,0.010547181,0.66629547,-0.012474107,-0.18682313,-0.0024687917
5.8005,0.10512783,0.048390311,0.042529675,0.00061512245,-0.7456886,0.0097572825,0.66622288,-0.013403522,-0.19391128,-0.00463254
5.8105,0.10491235,0.046497908,0.042504904,0.00021805446,-0.74555061,0.0089011868,0.66638953,-0.021329844,-0.18523638,-0.0070194056
5.8205,0.10471253,0.04464039,0.042483704,-0.00010847203,-0.74532441,0.0080272421,0.66665364,-0.01197891,-0.18634285,-0.0007762987
5.8305,0.10454769,0.042796058,0.042451822,-0.00039262872,-0.74484999,0.0071310107,0.66719374,-0.010597559,-0.18557807,-0.013017578
5.8405,0.10435526,0.041054838,0.042425409,-0.00059833629,-0.74387809,0.0062701315,0.66828565,-0.018217569,-0.16490732,-0.0017363186
5.8505,0.10408888,0.039497001,0.042367377,-0.00072428978,-0.74256028,0.0054472395,0.6697567,-0.023731851,-0.14545522,-0.0039919665
5.8605,0.10380519,0.038114315,0.042291392,-0.00080551379,-0.7404657,0.0046905391,0.6720773,-0.01833966,-0.13609433,-0.011376889
5.8705,0.1035516,0.036879817,0.042183866,-0.00069748892,-0.73761228,0.0038569993,0.67521312,-0.01824538,-0.1103475,-0.015577978
5.8805,0.10330736,0.035882701,0.042055209,-0.00043301288,-0.73432281,0.0030113595,0.6787936,-0.01419461,-0.09933879,-0.020118193
5.8905,0.10309353,0.034929226,0.041913266,-0.0002072998,-0.73063466,0.0022889393,0.68276476,-0.01236265,-0.093167322,-0.014050727
5.9005,0.10289671,0.034077052,0.041759233,-6.5594234e-05,-0.72658738,0.0017027299,0.68707196,-0.0083901116,-0.07254295,-0.019281369
5.9105,0.10274445,0.033420424,0.041590562,0.00024656495,-0.72242933,0.0010262157,0.69144396,-0.0058812663,-0.069348825,-0.019627415
5.9205,0.10260769,0.032721971,0.041426042,0.00055933348,-0.71836398,0.00048377169,0.69566705,-0.005386426,-0.070472586,-0.016197663
5.9305,0.1024707,0.032033984,0.041307338,0.00068891347,-0.71435868,0.00017322912,0.69977938,-0.006296978,-0.068279299,-0.014412546
5.9405,0.10234179,0.031372112,0.041184128,0.0007780913,-0.71057272,-0.00012667609,0.70362333,-0.0040065589,-0.06544524,-0.0095617403
5.9505,0.10223993,0.030939205,0.041246974,0.0010553045,-0.70728185,-0.00031045853,0.70693081,-0.0066986276,-0.02393594,0.012802799
5.9605,0.1021216,0.030838934,0.041398085,0.0014151107,-0.70468866,-0.00015251598,0.70951524,-0.0095645212,-0.00056462796,0.014262074
5.9705,0.10201177,0.030901889,0.041518384,0.0017284931,-0.70268616,0.00020515523,0.71149781,-0.0089811041,0.01175818,0.0085817265
5.9805,0.10192225,0.031086389,0.041601826,0.0019827298,-0.70089394,0.0011791803,0.71326178,-0.0093770072,0.023782192,0.015226026
5.9905,0.1018545,0.03134867,0.041796019,0.002738758,-0.69902489,0.0023183136,0.71508833,-0.0085761422,0.029204514,0.023373382
6.0005,0.10180831,0.031664643,0.0420155,0.0036356221,-0.6971964,0.003638994,0.71686172,-0.0069774519,0.033670692,0.023057156
6.0105,0.10181573,0.032048454,0.042423434,0.0052921749,-0.69481155,0.0049791842,0.71915514,5.5799258e-05,0.039873106,0.052836736
6.0205,0.10191754,0.032488695,0.043101835,0.0076235672,-0.69161055,0.0065175362,0.72220098,0.0090434111,0.044929681,0.075428587
6.0305,0.10210596,0.032944528,0.0439152,0.0098571895,-0.68801867,0.0085705591,0.72557542,0.016378073,0.04413773,0.085162105
6.0405,0.10238613,0.03342531,0.044715258,0.012554305,-0.68487517,0.010515309,0.72847637,0.023107402,0.049321174,0.076489026
6.0505,0.10273545,0.033942582,0.045478313,0.015301072,-0.68256577,0.012725455,0.73055315,0.025680103,0.053066701,0.072165435
6.0605,0.10313114,0.034485753,0.046078776,0.017879541,-0.68085042,0.015150974,0.73204746,0.030595857,0.052878496,0.058293852
6.0705,0.10357786,0.034973887,0.046661272,0.020223741,-0.67979561,0.017822378,0.73290606,0.033534384,0.046393229,0.058917778
6.0805,0.10406379,0.035398446,0.047201507,0.022493243,-0.67959119,0.020487765,0.73295984,0.035931699,0.040423711,0.05209943
6.0905,0.10457327,0.035759156,0.047663728,0.024631722,-0.6799661,0.023090935,0.73246583,0.037241297,0.033275154,0.045609885
6.1005,0.10509933,0.036049763,0.048039776,0.026668472,-0.68122856,0.025579326,0.73113756,0.037587148,0.027539764,0.033337655
6.1105,0.10562598,0.036289731,0.048295708,0.02863991,-0.68332273,0.0278761,0.72902176,0.03577576,0.022944849,0.021315546
6.1205,0.10612383,0.036487009,0.048449309,0.030575326,-0.68585986,0.029894409,0.72647624,0.032339435,0.018614407,0.011078201
6.1305,0.106607,0.036698214,0.048674683,0.032645727,-0.68815363,0.03183868,0.7241306,0.033401524,0.02425559,0.031523342
6.1405,0.10709775,0.036940348,0.049076776,0.034948106,-0.68977364,0.033712051,0.72239495,0.034824733,0.022950083,0.039490095
6.1505,0.10758114,0.037109074,0.049541012,0.036959986,-0.69120415,0.035504706,0.72083992,0.032583064,-0.0029563833,0.045311001
6.1605,0.10796326,0.036636578,0.049845039,0.037306005,-0.69373716,0.036558418,0.71833175,0.027469163,-0.080046454,0.019484534
6.1705,0.10824047,0.035533862,0.049889512,0.036327469,-0.69701425,0.036499661,0.71520572,0.022988051,-0.13314106,-0.0045942916
6.1805,0.10842756,0.033988908,0.049719066,0.034442324,-0.70060706,0.035425774,0.7118346,0.019154947,-0.1713411,-0.024503775
6.1905,0.10854693,0.03200416,0.049247595,0.031787269,-0.70456574,0.033341933,0.70814194,0.017977978,-0.22096587,-0.064110905
6.2005,0.10861966,0.029611745,0.048453466,0.028474339,-0.70888446,0.030295469,0.70409816,0.017562535,-0.25525062,-0.091837713
6.2105,0.10866212,0.026950637,0.047448134,0.024694924,-0.71331241,0.026483838,0.69991011,0.01823537,-0.27646519,-0.10896872
6.2205,0.10870829,0.024130837,0.04619461,0.020657199,-0.7179241,0.022136383,0.69546261,0.021888885,-0.28804903,-0.14056232
6.2305,0.10877625,0.021253535,0.044675987,0.016547582,-0.72276081,0.01746269,0.6906794,0.023154833,-0.28900577,-0.16616919
6.2405,0.10884892,0.018414346,0.042925813,0.012510312,-0.72773546,0.012647493,0.68562718,0.023493933,-0.2810992,-0.1864013
6.2505,0.10896027,0.015811468,0.041224805,0.0089998775,-0.73233937,0.0083401227,0.68082927,0.025608066,-0.22064901,-0.10418234
6.2605,0.10914657,0.014143503,0.040826137,0.0074628848,-0.73441417,0.0065897861,0.67862855,0.023860714,-0.1368554,0.0021020435
6.2705,0.10937379,0.012942057,0.041074038,0.0068247197,-0.73512902,0.0059817819,0.67786648,0.025500978,-0.10571586,0.03732456
6.2805,0.10965006,0.011913774,0.041585904,0.0073303988,-0.73527607,0.0050063923,0.6777096,0.031907646,-0.10284324,0.049904503
6.2905,0.10999606,0.010926548,0.042082378,0.0074911651,-0.73571909,0.0045596545,0.67723003,0.036824572,-0.095853963,0.045296387
6.3005,0.11039829,0.0099792442,0.042462038,0.0072570131,-0.7364894,0.004259917,0.67639674,0.043507941,-0.10048052,0.027122782
6.3105,0.11083068,0.0089071636,0.042690415,0.0064241143,-0.73765134,0.0030552678,0.67514436,0.049392427,-0.11027888,0.0083743911
6.3205,0.11127675,0.0081941425,0.042537024,0.0056520469,-0.73969391,0.0013435079,0.67291839,0.045733651,-0.036306905,-0.040797171
6.3305,0.11170011,0.008203271,0.042338544,0.005445709,-0.74176468,5.0116015e-05,0.67063813,0.040605162,0.02884356,0.0011554108
6.3405,0.11210232,0.0087410353,0.042536614,0.0056261878,-0.74306194,-0.00072983505,0.6691986,0.038993722,0.07264064,0.027681694
6.3505,0.11249648,0.0096894855,0.042860246,0.0059341045,-0.74396894,-0.0011397516,0.66818688,0.036827507,0.11766421,0.015349701
6.3605,0.1128872,0.011121384,0.042790799,0.0064756659,-0.74520033,-0.00083412051,0.6668087,0.033285659,0.15445085,6.7013304e-05
6.3705,0.11326915,0.012757438,0.042875785,0.0066928012,-0.74597957,-0.00025069019,0.66593515,0.034731682,0.18304704,-0.010377519
6.3805,0.11363311,0.014632595,0.0428405,0.006946973,-0.74668522,0.0006890266,0.66514092,0.023009879,0.19268947,-0.0013770458
6.3905,0.11381368,0.016581925,0.042814467,0.007411586,-0.74688059,0.0015060847,0.66491517,0.0083458806,0.20218677,-0.013786683
6.4005,0.11388215,0.018541102,0.042782158,0.0078775045,-0.74674655,0.0023337021,0.66505795,0.00048847249,0.19647369,-0.0061665872
6.4105,0.11389973,0.020456167,0.042758527,0.0083041807,-0.74640859,0.0031452432,0.66542871,-0.0019636315,0.1929422,-0.010586751
6.4205,0.11389643,0.02229718,0.042715873,0.0087145902,-0.74597912,0.0039444064,0.66590063,-0.007237886,0.17341239,-0.0019423534
6.4305,0.113803,0.023890391,0.042636013,0.0088613119,-0.74512979,0.0047860299,0.66684344,-0.0099679321,0.15847858,-0.015064997
6.4405,0.11366527,0.025246819,0.04256075,0.0089081457,-0.74381983,0.0054920334,0.66829824,-0.013686069,0.12840039,-0.010249247
6.4505,0.11351828,0.026413899,0.042484683,0.0089766585,-0.74230518,0.0060332596,0.66997466,-0.012456917,0.1123605,-0.0015110294
6.4605,0.11336232,0.027492023,0.042436878,0.009334152,-0.74006799,0.0061472044,0.67243918,-0.014277451,0.098078594,-0.0074014848
6.4705,0.11316588,0.028394334,0.04230324,0.0092666771,-0.73709071,0.0065721724,0.67569832,-0.01564805,0.085322558,-0.01716411
6.4805,0.11295912,0.029175673,0.042122276,0.0089057895,-0.73381349,0.0072197668,0.67925424,-0.015447425,0.073484491,-0.016723054
6.4905,0.11274235,0.029792231,0.041893929,0.008211556,-0.73019514,0.0080347895,0.68314206,-0.015599781,0.053192666,-0.017577626
6.5005,0.11253541,0.030350176,0.041692693,0.007762245,-0.72619838,0.0084486566,0.68738947,-0.010486641,0.060692509,-0.010965547
6.5105,0.11235883,0.03091808,0.041617469,0.0083398192,-0.7220246,0.0077892716,0.69177327,-0.0078332894,0.056479643,-0.018274772
6.5205,0.11222486,0.03151984,0.041438734,0.0080972095,-0.71805294,0.0078685065,0.6958969,-0.0040384966,0.062533806,-0.021379485
6.5305,0.11211686,0.032140833,0.041280883,0.0076036523,-0.71418961,0.0081845067,0.69986313,-0.0020068299,0.06305531,-0.011580096
6.5405,0.1120229,0.032744503,0.041166604,0.0070789067,-0.71053404,0.0085293865,0.70357552,-0.0022018724,0.059235926,-0.01328416
6.5505,0.11193225,0.033233347,0.041116478,0.0065661717,-0.70732273,0.0086723145,0.70680706,-0.0033688361,0.030527574,0.0055439908
6.5605,0.11180564,0.033378226,0.041197544,0.0055356501,-0.70508123,0.0084238885,0.7090549,-0.0059962088,-5.2532883e-06,0.0058442064
6.5705,0.11166987,0.033303183,0.041262274,0.0044289121,-0.70369984,0.0077134295,0.71044171,-0.0057354632,-0.012606096,0.0072714429
6.5805,0.11153185,0.033130172,0.04136385,0.0031268148,-0.70264355,0.0069639596,0.71150106,-0.0063934043,-0.020104405,0.014247035
6.5905,0.11139106,0.032898505,0.041517546,0.0018985873,-0.70163041,0.0060752551,0.71251263,-0.0062647643,-0.024983677,0.016896211
6.6005,0.11126045,0.032634261,0.041702048,0.00058682323,-0.70067957,0.0052945537,0.71345621,-0.00495732,-0.027035243,0.018802201
6.6105,0.11113713,0.03229068,0.041963412,-0.00070198172,-0.69922707,0.0041318278,0.71488736,4.4293755e-05,-0.037883644,0.040136098
6.6205,0.11105264,0.031903069,0.042555938,-0.0022062556,-0.69682882,0.0027549361,0.71722879,0.007729407,-0.038025887,0.072957907
6.6305,0.11102372,0.031486661,0.043273688,-0.0038281361,-0.69393647,0.001318649,0.72002485,0.014135642,-0.040850687,0.079146162
6.6405,0.11106396,0.031049275,0.044016773,-0.0055020151,-0.69134042,-0.00060561125,0.72250798,0.022289908,-0.045646485,0.071234165
6.6505,0.1111706,0.030578872,0.04469747,-0.0074308018,-0.68939781,-0.0028792101,0.72433911,0.030969074,-0.045099196,0.069661318
6.6605,0.11137556,0.030140632,0.045409304,-0.0094733771,-0.68753631,-0.0052173313,0.72606945,0.039404593,-0.042002872,0.071682246
6.6705,0.11163978,0.029693649,0.046100521,-0.011436214,-0.68624099,-0.0080570927,0.72723971,0.044312804,-0.046506278,0.060570907
6.6805,0.11194894,0.029213709,0.04664193,-0.013245717,-0.68573038,-0.01150077,0.72764423,0.048207395,-0.049461535,0.045532648
6.6905,0.11228789,0.028770384,0.047190797,-0.015009353,-0.68561495,-0.014955207,0.72765596,0.048223186,-0.038185056,0.056604535
6.7005,0.11262952,0.028406602,0.047781781,-0.017441101,-0.68610791,-0.017897183,0.72707045,0.048343807,-0.033813128,0.057075845
6.7105,0.11297413,0.02807509,0.048341008,-0.020187634,-0.68713999,-0.020693389,0.72594964,0.047837174,-0.030626039,0.054245577
6.7205,0.11331839,0.027770802,0.048863676,-0.02290683,-0.6883776,-0.023341413,0.72461489,0.046652892,-0.027953065,0.050910851
6.7305,0.11367234,0.027431915,0.049526334,-0.025574429,-0.68915841,-0.025942067,0.72369444,0.050747889,-0.035861096,0.078973835
6.7405,0.11403967,0.027065489,0.050437577,-0.028096983,-0.68928942,-0.028558982,0.72337752,0.045641008,-0.030686132,0.099977241
6.7505,0.11433259,0.027064709,0.051464129,-0.029559413,-0.69003555,-0.030746224,0.72251772,0.032612,0.024234783,0.098600395
6.7605,0.11461939,0.027634317,0.052346162,-0.02975377,-0.69143308,-0.031910549,0.72112185,0.028096999,0.082393094,0.074604498
6.7705,0.11493228,0.028705637,0.052975878,-0.02894179,-0.69332768,-0.032018015,0.71932881,0.024277605,0.12552415,0.048940293
6.7805,0.11526329,0.030158559,0.053352331,-0.027369255,-0.69552989,-0.031170923,0.71729873,0.021116094,0.1592549,0.02560774
6.7905,0.11563198,0.031985327,0.053353634,-0.025076436,-0.69823431,-0.029306916,0.71482944,0.020121409,0.19930454,-0.021860408
6.8005,0.11604949,0.034164271,0.052922999,-0.022123918,-0.70153304,-0.026432794,0.71180281,0.019359381,0.23056483,-0.059512171
6.8105,0.11650805,0.036614409,0.052151666,-0.018659339,-0.70522972,-0.022723705,0.7083689,0.019250804,0.25450507,-0.089110481
6.8205,0.11701729,0.039287857,0.050975861,-0.014794197,-0.70944422,-0.018270999,0.70436936,0.020902083,0.27592914,-0.13703635
6.8305,0.11758325,0.042125713,0.049380574,-0.01064949,-0.71420135,-0.013200667,0.69973478,0.023396065,0.28900518,-0.17251008
6.8405,0.11819967,0.045044238,0.047479651,-0.0063630474,-0.71928129,-0.0077209462,0.69464691,0.026261343,0.29384597,-0.19866961
6.8505,0.11886526,0.047962706,0.045275865,-0.0020875383,-0.72467874,-0.0020139777,0.68908077,0.03032386,0.29090025,-0.23206111
6.8605,0.11957276,0.050804479,0.042797701,0.0020357947,-0.73034569,0.0037367359,0.68306447,0.033833293,0.28049359,-0.25474112
6.8705,0.12018531,0.053135327,0.040753307,0.0052800594,-0.73504958,0.0082307954,0.67794284,0.0218479,0.15805413,-0.11338023
6.8805,0.12046729,0.05416746,0.040269698,0.0063664442,-0.73684403,0.0099377063,0.67595975,0.015133809,0.075294241,-0.0019500412
6.8905,0.12067244,0.054797974,0.040497554,0.0066036017,-0.73773362,0.01061587,0.67497615,0.019700667,0.064776105,0.041666667
6.9005,0.12092318,0.055466698,0.040986042,0.0067310053,-0.7381751,0.010886012,0.67448773,0.026179249,0.068441572,0.052049851
6.9105,0.12124149,0.056215514,0.041509392,0.0067385078,-0.73857865,0.011112467,0.67404205,0.03359069,0.07921037,0.052602401
6.9205,0.1216276,0.056947433,0.041980392,0.006422102,-0.73913892,0.011580556,0.67342283,0.040546064,0.04947851,0.045304545
6.9305,0.12206754,0.057075224,0.042343082,0.0059227357,-0.74022445,0.012189216,0.67222326,0.041425597,-0.014169512,0.024825955
6.9405,0.12251174,0.056599747,0.042308152,0.0052714052,-0.74198624,0.012840635,0.6702714,0.040846514,-0.067909587,0.0055682729
6.9505,0.12292172,0.055709167,0.042466532,0.0046216035,-0.74333928,0.013404486,0.66876429,0.030450774,-0.10916414,0.0077758417
6.9605,0.12310304,0.054461581,0.042479897,0.0039593741,-0.74438674,0.013496022,0.6676006,0.0080984724,-0.13106136,0.018659062
6.9705,0.12310199,0.052988009,0.042513784,0.0034503121,-0.74500742,0.013229183,0.66691606,-0.0049018922,-0.15253922,0.014039703
6.9805,0.12299641,0.051322384,0.042524676,0.0029723171,-0.74539157,0.012709353,0.6664991,-0.010889269,-0.17905695,-0.010358961
6.9905,0.12284435,0.049512641,0.04252603,0.0024975375,-0.74561006,0.012014972,0.66626949,-0.013044444,-0.18257532,0.0083113946
7.0005,0.12267523,0.047618921,0.042518509,0.002056006,-0.74568871,0.011218147,0.66619688,-0.013581289,-0.19252798,-0.0028344652
7.0105,0.12245944,0.04573864,0.042513686,0.0016619352,-0.74553178,0.010392458,0.66638697,-0.022757672,-0.18320813,-0.0029384688
7.0205,0.12224395,0.043893547,0.042471686,0.0013594334,-0.74533216,0.0094317535,0.66662521,-0.012323034,-0.18463183,-0.0020171358
7.0305,0.12206794,0.042084102,0.042459361,0.001066429,-0.74483798,0.0085602338,0.6671896,-0.0137955,-0.17935537,-0.0057973708
7.0405,0.1218577,0.040369589,0.042415996,0.0008491515,-0.74388245,0.0076892705,0.66826571,-0.019374369,-0.16222748,-0.0033153385
7.0505,0.1215829,0.038847824,0.042364839,0.00071348904,-0.74254509,0.0069033709,0.66976012,-0.024281512,-0.14399944,-0.0077642395
7.0605,0.12130138,0.037516801,0.042287344,0.0007112372,-0.74046462,0.0061381219,0.67206694,-0.018324702,-0.1331848,-0.016823483
7.0705,0.12104421,0.036324117,0.042180846,0.0008078957,-0.73760672,0.005344766,0.67520894,-0.018255366,-0.10587618,-0.01134999
7.0805,0.12079416,0.035378595,0.042056266,0.00092706367,-0.73431116,0.0046458548,0.67879649,-0.015365151,-0.090349424,-0.014637619
7.0905,0.12058673,0.034569333,0.041919209,0.001129725,-0.73065205,0.0039573548,0.68273761,-0.010231682,-0.074013445,-0.015304819
7.1005,0.12041323,0.033818473,0.041754939,0.0015532838,-0.7267216,0.0031396006,0.68692318,-0.0087203109,-0.079588317,-0.028162328
7.1105,0.1202436,0.033057058,0.041590649,0.0018087848,-0.72266517,0.0025147569,0.69119133,-0.0081450241,-0.072386447,-0.032991738
7.1205,0.12008255,0.032407678,0.041428364,0.0019072484,-0.71857826,0.0020427012,0.69544049,-0.0077428189,-0.065659368,-0.0071580937
7.1305,0.11992693,0.031757692,0.041317794,0.002045827,-0.71457533,0.0016393014,0.69955359,-0.0073468511,-0.066585995,-0.021095244
7.1405,0.11979134,0.031119216,0.041210594,0.0022141336,-0.71079638,0.001239238,0.70339325,-0.0043933421,-0.064050138,-0.018312592
7.1505,0.11969005,0.030659714,0.04119669,0.0024063873,-0.70756358,0.0010413331,0.70664482,-0.0063306632,-0.026254066,0.0081680602
7.1605,0.11957295,0.030546975,0.0413196,0.0026994947,-0.70499007,0.0011892749,0.70921104,-0.0095033311,-0.0009033103,0.012272298
7.1705,0.1194595,0.030606345,0.041425291,0.0029332817,-0.70299264,0.0015762331,0.71118933,-0.0092846444,0.011000296,0.009305577
7.1805,0.1193653,0.030775669,0.041566808,0.0034024127,-0.70116849,0.0022923836,0.71298382,-0.0096599127,0.021719854,0.018764279
7.1905,0.1192959,0.031023774,0.041760947,0.00413943,-0.69929116,0.0034185589,0.71481679,-0.008567453,0.029269098,0.017596913
7.2005,0.11925115,0.031329132,0.04195547,0.0049296444,-0.69747723,0.0048193043,0.71657378,-0.0062809424,0.032061374,0.02366026
7.2105,0.1192759,0.031702553,0.042367399,0.0063789722,-0.69508618,0.0063441544,0.71887013,0.0023951776,0.043347082,0.044714945
7.2205,0.11939875,0.032136539,0.043018681,0.0085284977,-0.69189542,0.0080547158,0.72190243,0.010711773,0.042469667,0.076511548
7.2305,0.11960592,0.032559443,0.043887911,0.011102637,-0.68824737,0.0097269164,0.72532591,0.018540842,0.040213313,0.08746653
7.2405,0.11989188,0.033008182,0.044720642,0.013758816,-0.68506497,0.011701223,0.72825803,0.022649573,0.047561242,0.076559538
7.2505,0.12023947,0.033509653,0.045400435,0.016229731,-0.68278645,0.014170384,0.73030025,0.025866302,0.051431681,0.068047143
7.2605,0.12064068,0.034016804,0.046076395,0.018922262,-0.68099338,0.016440341,0.73186042,0.031217796,0.049516884,0.065489759
7.2705,0.12109148,0.034479271,0.046700644,0.021290108,-0.6798821,0.019045093,0.73276486,0.034188566,0.044244391,0.060632297
7.2805,0.12158072,0.034885759,0.047198671,0.023549305,-0.67968318,0.021641596,0.73280819,0.036494771,0.038826174,0.049007991
7.2905,0.12209424,0.035231903,0.0476427,0.025680106,-0.680055,0.024192564,0.73231171,0.037711684,0.031923768,0.044438122
7.3005,0.12262286,0.035509654,0.048014037,0.027730269,-0.68130847,0.026614451,0.73098665,0.037953782,0.026230588,0.032923113
7.3105,0.12315069,0.035737262,0.048271122,0.029730876,-0.68339031,0.028832869,0.72887751,0.035965226,0.021648681,0.021217679
7.3205,0.12364852,0.035922346,0.048427737,0.031703882,-0.68591424,0.03076843,0.72634002,0.032428788,0.017314853,0.011014349
7.3305,0.12413122,0.036121075,0.048655849,0.033817528,-0.68819579,0.032628837,0.72400158,0.033460619,0.022896437,0.031366494
7.3405,0.12462344,0.036353952,0.049065717,0.036129897,-0.68980393,0.034469159,0.72227214,0.036186455,0.02463115,0.047100213
7.3505,0.12511771,0.03654598,0.049520055,0.037694206,-0.69122294,0.036704153,0.7207238,0.033320408,-0.0029795675,0.046359996
7.3605,0.12550092,0.03606186,0.049823479,0.037865391,-0.69374797,0.037851061,0.71822508,0.027731531,-0.08160061,0.0209618
7.3705,0.12577647,0.034940699,0.049880991,0.036870638,-0.69700779,0.037745434,0.71511956,0.022956762,-0.13521993,-0.0031230067
7.3805,0.12595961,0.033376339,0.049725308,0.035023478,-0.70058233,0.036582938,0.71177205,0.018735767,-0.17336147,-0.02379969
7.3905,0.12607324,0.031374347,0.049267594,0.032416124,-0.70452388,0.034411569,0.7081039,0.017383127,-0.22265366,-0.063625275
7.4005,0.12613932,0.028968879,0.048484732,0.029145049,-0.70882835,0.031295283,0.70408347,0.016998822,-0.25644237,-0.090920374
7.4105,0.12617431,0.026300146,0.047486564,0.025400352,-0.71324709,0.027435402,0.69991479,0.017611899,-0.27707609,-0.10824324
7.4205,0.12621278,0.023478287,0.046237496,0.021392675,-0.71785326,0.023061458,0.69548344,0.02102473,-0.28807601,-0.14061658
7.4305,0.12627017,0.020607207,0.044711824,0.017263613,-0.7227049,0.01841744,0.69069559,0.022033368,-0.28819619,-0.16692563
7.4405,0.12633281,0.017777592,0.042951644,0.013240577,-0.72769598,0.013624296,0.68563666,0.022292797,-0.2800698,-0.18783229
7.4505,0.12643565,0.01518742,0.04124142,0.0097596667,-0.73231242,0.0093354592,0.68083487,0.024666405,-0.2191904,-0.10523112
7.4605,0.12662938,0.013385199,0.040871452,0.0081984842,-0.73429469,0.0075828091,0.67873897,0.025633535,-0.15397112,0.0059263146
7.4705,0.12687506,0.012037052,0.041146662,0.007526875,-0.73495616,0.0069742373,0.67803698,0.027676918,-0.11833498,0.039275773
7.4805,0.12716757,0.010913189,0.041685108,0.0082209594,-0.73502101,0.0058106876,0.67796959,0.033127489,-0.11032964,0.051740359
7.4905,0.12751214,0.0098797561,0.042209186,0.0085771773,-0.73535282,0.0051799688,0.67761038,0.037113434,-0.098608913,0.044185978
7.5005,0.12790915,0.0088762915,0.042566253,0.0083088867,-0.73616901,0.004593589,0.67673115,0.044049599,-0.10633073,0.02452717
7.5105,0.12833614,0.0077737029,0.042749103,0.0071435014,-0.73741156,0.0033727805,0.67539751,0.04930703,-0.11060355,0.0041809479
7.5205,0.12877974,0.006987763,0.042549529,0.0060517534,-0.73953636,0.0017032511,0.67308725,0.046071515,-0.043005583,-0.044314638
7.5305,0.12920201,0.0069441244,0.042322084,0.0057204697,-0.7416545,0.00039734418,0.67075758,0.040739293,0.024732669,-0.00049629467
7.5405,0.12960475,0.0074478745,0.042510071,0.0058759549,-0.74296956,-0.00040052997,0.6692993,0.039141537,0.069759771,0.027171407
7.5505,0.13000059,0.0083652239,0.042857814,0.0062028334,-0.7438528,-0.00086562069,0.66831414,0.037878144,0.11310425,0.024217647
7.5605,0.13040467,0.009788913,0.042801725,0.0068516951,-0.74510749,-0.00060277448,0.66690893,0.033857168,0.15939725,-0.014152498
7.5705,0.13079566,0.011418758,0.04289074,0.0070903722,-0.74591134,-3.6167692e-05,0.6660075,0.036327427,0.172169,0.015249851
7.5805,0.13116501,0.013318315,0.042809673,0.0074267313,-0.74670306,0.00096688082,0.66511536,0.021453615,0.19008628,0.0063381691
7.5905,0.13133349,0.015267963,0.042803804,0.0078976107,-0.74687581,0.0017897171,0.66491424,0.0073267623,0.19659339,0.0015983613
7.6005,0.13139393,0.017226245,0.042802889,0.0083776231,-0.74670503,0.0025824073,0.66509754,-0.00015397781,0.19217293,0.0073847568
7.6105,0.13140988,0.019157885,0.042780302,0.0088318858,-0.74636854,0.0033925018,0.66546562,-0.0022416177,0.18519096,0.012570956
7.6205,0.13139195,0.021002229,0.042725153,0.0092288561,-0.74593487,0.0042272199,0.66594153,-0.010398767,0.17302489,-0.0075757422
7.6305,0.13130651,0.022664711,0.042684292,0.0095778765,-0.74504583,0.004915189,0.66692639,-0.010368714,0.15743829,0.0040017015
7.6405,0.13116368,0.024057829,0.042614233,0.0096765875,-0.74371658,0.005623574,0.66840136,-0.01569391,0.12561992,-0.0033709073
7.6505,0.13103304,0.025301241,0.042556025,0.0099192685,-0.7422029,0.0060848914,0.67007421,-0.010656803,0.11910881,0.0019420957
7.6605,0.13088784,0.026411682,0.042475459,0.010134873,-0.74001114,0.0064039305,0.67248776,-0.014286968,0.10069249,-0.016612963
7.6705,0.13069346,0.027326381,0.042293713,0.0098162529,-0.73709306,0.0070927611,0.67568273,-0.015629241,0.086650071,-0.015625568
7.6805,0.13048692,0.028120276,0.042089096,0.0092421532,-0.73384287,0.0079395193,0.67920997,-0.015474975,0.074918481,-0.015221406
7.6905,0.13027302,0.028788942,0.041865749,0.0085271464,-0.73020974,0.0087633648,0.68311362,-0.014150735,0.068632267,-0.011318995
7.7005,0.13007715,0.029436028,0.041705266,0.0083560153,-0.72616857,0.0089242331,0.68740799,-0.010682049,0.055595309,-0.0082930367
7.7105,0.12990472,0.029929399,0.041586158,0.0086281604,-0.72199738,0.0085880153,0.69178868,-0.0075485662,0.050618681,-0.0059982437
7.7205,0.1297781,0.030493723,0.041381611,0.0083049319,-0.71808742,0.0087158659,0.69584877,-0.0033727904,0.059848679,-0.012370543
7.7305,0.12967432,0.03109045,0.041300932,0.0078498212,-0.71417532,0.0090038014,0.69986493,-0.002001623,0.060366191,-0.01594486
7.7405,0.12958261,0.031675382,0.041157225,0.0074347539,-0.71061747,0.0092111597,0.70347899,-0.0026285414,0.057383653,-0.0048624641
7.7505,0.1294866,0.0320911,0.041114847,0.0069593565,-0.70741738,0.0092972686,0.70670063,-0.0041445119,0.02358217,0.0051488235
7.7605,0.12935492,0.032174023,0.04118474,0.0059821946,-0.70519142,0.0089101347,0.70893574,-0.0062277642,-0.003680195,0.0061982854
7.7705,0.12921688,0.032068331,0.041253606,0.0047997092,-0.70380565,0.0082032722,0.71032899,-0.0056122093,-0.015278302,0.0058022016
7.7805,0.12907898,0.031873399,0.041350792,0.0035796515,-0.70274874,0.00732058,0.71139145,-0.006318729,-0.021507643,0.016225521
7.7905,0.12893911,0.031634242,0.041528339,0.0022096245,-0.7016869,0.006546405,0.71245193,-0.0059180319,-0.025061031,0.018913724
7.8005,0.12880691,0.031368092,0.041698081,0.0010246613,-0.70074529,0.0056182356,0.71338869,-0.0052374178,-0.027254517,0.016649847
7.8105,0.12868948,0.031033684,0.042000373,-0.00038129306,-0.69922828,0.0045518806,0.71488387,0.0013021393,-0.036703425,0.044137413
7.8205,0.12861705,0.030643101,0.042578149,-0.0019059425,-0.69682665,0.0031795573,0.71723,0.0090351043,-0.040392839,0.063932751
7.8305,0.12860601,0.030228639,0.04328904,-0.003439723,-0.69393649,0.0016544017,0.7200261,0.015934068,-0.041450597,0.074637814
7.8405,0.12866617,0.029799672,0.044022436,-0.0050887257,-0.69133678,-0.00029399492,0.72251468,0.024483296,-0.044323413,0.069599819
7.8505,0.12879531,0.029350109,0.044701945,-0.0069995132,-0.68937909,-0.0025791646,0.72436236,0.032966191,-0.043536539,0.066738009
7.8605,0.12901803,0.028940808,0.04543398,-0.0090296746,-0.68750232,-0.0049088543,0.72610945,0.040630985,-0.040630785,0.06718032
7.8705,0.12929371,0.028508817,0.04609426,-0.011008404,-0.68622704,-0.0077383324,0.72726294,0.045385339,-0.044943529,0.05854197
7.8805,0.12961356,0.028053464,0.046672745,-0.012833379,-0.68570017,-0.011137992,0.72768573,0.048814824,-0.047226611,0.048164362
7.8905,0.1299573,0.02762267,0.047230715,-0.014609247,-0.68558055,-0.01456257,0.72770448,0.048525719,-0.037484116,0.05680652
7.9005,0.13030117,0.027264121,0.047819272,-0.017035475,-0.68607568,-0.017498528,0.72712018,0.048407507,-0.033496297,0.056585839
7.9105,0.13064574,0.026934687,0.048372426,-0.019776826,-0.68711439,-0.020291589,0.72599652,0.047732339,-0.030523356,0.053552744
7.9205,0.13098878,0.026631139,0.048887912,-0.022491781,-0.68836208,-0.022937801,0.72465552,0.046464564,-0.027930803,0.050168916
7.9305,0.13134093,0.026292567,0.049543019,-0.025156097,-0.68915607,-0.025537468,0.72372572,0.05051402,-0.035860787,0.078209654
7.9405,0.13170535,0.025926972,0.050445594,-0.027672706,-0.68930437,-0.028151921,0.72339558,0.045147713,-0.027918159,0.098812056
7.9505,0.13199716,0.02593963,0.051463676,-0.029102371,-0.69006237,-0.030314987,0.72252888,0.032534185,0.024592869,0.09819749
7.9605,0.13228391,0.026505421,0.052342829,-0.029295235,-0.69145886,-0.031488762,0.72113445,0.028019438,0.081440653,0.07362881
7.9705,0.13259579,0.02756281,0.05296683,-0.028503466,-0.69335302,-0.03162398,0.71933933,0.024467734,0.12381588,0.048895094
7.9805,0.13292672,0.028996139,0.053343493,-0.026961812,-0.69554668,-0.030816877,0.71731318,0.021367844,0.15716718,0.025762361
7.9905,0.13329548,0.030801303,0.053347415,-0.024704914,-0.69823894,-0.028996628,0.7148505,0.020379484,0.19717945,-0.021567453
8.0005,0.13371334,0.032959853,0.052920742,-0.021787735,-0.70152356,-0.026163092,0.71183248,0.019638193,0.22870727,-0.059074847
8.0105,0.1341728,0.035393837,0.052154654,-0.018351981,-0.70520475,-0.02248567,0.70840939,0.019542905,0.2532072,-0.088547788
8.0205,0.13468392,0.038058296,0.050985047,-0.014503831,-0.70940317,-0.018049083,0.70442246,0.021228419,0.2754798,-0.13638519
8.0305,0.13525306,0.040896833,0.049395513,-0.010359954,-0.71414551,-0.012973502,0.69980037,0.023657091,0.28962068,-0.17226261
8.0405,0.13587443,0.043827317,0.04749828,-0.0060551242,-0.71921422,-0.0074635787,0.69472191,0.026735436,0.29563421,-0.1981737
8.0505,0.1365483,0.046769404,0.045299617,-0.0017402212,-0.72459988,-0.0017003033,0.6891655,0.030991275,0.29384799,-0.23148903
8.0605,0.1372681,0.049645562,0.0428298,0.0024423088,-0.73025189,0.0041313777,0.68316114,0.034782084,0.28445339,-0.25383615
8.0705,0.13789471,0.05201207,0.040790611,0.0057690732,-0.7349575,0.0086819238,0.67803305,0.02264167,0.16046807,-0.11352028
8.0805,0.13818115,0.053057237,0.040302406,0.0069098217,-0.73676902,0.01038799,0.67602941,0.015278806,0.07648703,-0.0023630875
8.0905,0.13838768,0.053694486,0.040523681,0.0071405069,-0.73766645,0.011089058,0.67503649,0.019693281,0.065134278,0.04093936
8.1005,0.13864044,0.054370322,0.041002328,0.0071748997,-0.73809421,0.011448623,0.67456237,0.026752473,0.070034301,0.051897276
8.1105,0.13896351,0.055135855,0.041521557,0.0071284109,-0.73850283,0.011728426,0.67411067,0.034226474,0.081406999,0.051589789
8.1205,0.13934125,0.055889695,0.041998946,0.0069372807,-0.7390334,0.012085879,0.67352463,0.040214046,0.056357268,0.046146692
8.1305,0.13978148,0.056082785,0.042345882,0.0063678779,-0.7401025,0.012773143,0.67234261,0.041558614,-0.0072436734,0.019229717
8.1405,0.14023132,0.055681428,0.042283857,0.0057382198,-0.74188847,0.013511776,0.67036259,0.041050306,-0.060816518,0.0057974614
8.1505,0.14065022,0.054863166,0.042458368,0.0051678405,-0.74322603,0.014133082,0.66887116,0.031404747,-0.099669572,0.018470326
8.1605,0.14084195,0.053678687,0.042500078,0.0045985528,-0.74426116,0.014271668,0.66772037,0.0086051908,-0.12870729,0.012393745
8.1705,0.14084486,0.052240321,0.042519357,0.0041101806,-0.74491777,0.014035168,0.66699598,-0.0046417972,-0.15767703,-0.0075082774
8.1805,0.14073887,0.050597572,0.042518976,0.003638132,-0.74532961,0.013540264,0.66654872,-0.011286503,-0.17189088,0.0013812102
8.1905,0.14058271,0.048807945,0.042535387,0.0031792173,-0.74553609,0.012886498,0.66633308,-0.013668756,-0.18845652,-0.0059866401
8.2005,0.14040586,0.046908928,0.042524798,0.0027178651,-0.74562851,0.01209232,0.66624658,-0.014442645,-0.19544116,-0.007324333
8.2105,0.14019114,0.044994043,0.042496591,0.0022793783,-0.74553733,0.011243674,0.66636512,-0.022839118,-0.18722055,-0.0047915756
8.2205,0.13996151,0.043146991,0.042499484,0.0018298403,-0.74521191,0.010510044,0.66674238,-0.014953541,-0.18836443,-0.0049816238
8.2305,0.13979148,0.041302252,0.042473746,0.0015890542,-0.74473954,0.0095874741,0.66728448,-0.012870323,-0.18490406,-0.010673363
8.2405,0.13958926,0.039533557,0.042413803,0.0014184368,-0.74383022,0.0086314853,0.66831137,-0.018768709,-0.16824501,-0.0048844181
8.2505,0.13932987,0.037955203,0.042366813,0.0014382989,-0.7425337,0.0076991044,0.66976291,-0.019954475,-0.15414949,-0.0080184549
8.2605,0.13906465,0.036516561,0.042289663,0.0013779545,-0.7405145,0.0068994178,0.67200355,-0.021637759,-0.13075118,-0.017857988
8.2705,0.13878059,0.035354081,0.042172006,0.001358363,-0.73759681,0.0061973274,0.67521159,-0.01924073,-0.10980245,-0.0084724476
8.2805,0.1385339,0.034321673,0.042067174,0.0014709596,-0.73425411,0.0055340208,0.67885058,-0.014581458,-0.10209492,-0.01541392
8.2905,0.13831871,0.033359862,0.041908331,0.0017731242,-0.73059643,0.0047310305,0.68279084,-0.012338244,-0.093906341,-0.019064066
8.3005,0.13812442,0.032542897,0.041754329,0.0020772551,-0.72655086,0.0039930941,0.68709794,-0.0090854063,-0.07432279,-0.013071407
8.3105,0.13797406,0.031864587,0.041601651,0.0023106882,-0.72241333,0.0033989267,0.69144927,-0.0052084091,-0.062526256,-0.013493385
8.3205,0.13784094,0.031198438,0.041424298,0.0026932598,-0.71839106,0.0028011251,0.69562862,-0.0052121273,-0.070455755,-0.025989755
8.3305,0.13771442,0.030525007,0.041310383,0.002943019,-0.71441573,0.0024064144,0.69971116,-0.0051864422,-0.066223663,-0.0049231479
8.3405,0.13758435,0.029892359,0.041233078,0.0032428873,-0.71058406,0.0019227866,0.70360221,-0.0056162886,-0.062961219,-0.013336616
8.3505,0.13746812,0.029481606,0.041232252,0.0033564488,-0.707297,0.0019143415,0.70690595,-0.0077980722,-0.020702791,0.0079075054
8.3605,0.13734181,0.02940902,0.04132791,0.0035029351,-0.70471937,0.0023105095,0.70947375,-0.010224542,0.0020954707,0.011114258
8.3705,0.13722777,0.029491299,0.041418605,0.0036856032,-0.70273063,0.0028188966,0.71144088,-0.0093814856,0.013578036,0.0078359093
8.3805,0.13713934,0.029674793,0.041561831,0.0041820628,-0.700913,0.0035562766,0.71322565,-0.00901247,0.022846607,0.019662531
8.3905,0.1370777,0.029931858,0.041792895,0.0050818766,-0.69902128,0.0045495649,0.71506834,-0.0077129808,0.028610739,0.024996573
8.4005,0.1370375,0.030243614,0.04200192,0.005962354,-0.69720782,0.0058835823,0.71682013,-0.0062350368,0.033458064,0.021126751
8.4105,0.13706353,0.030619262,0.042403944,0.0075461064,-0.69482324,0.0072951361,0.71910396,0.0025187673,0.040872438,0.049508317
8.4205,0.13718932,0.031041357,0.043092996,0.0098649312,-0.69160389,0.0088481214,0.72215542,0.010876017,0.041763785,0.077714467
8.4305,0.13739659,0.031470984,0.043932592,0.012215781,-0.68798666,0.010771914,0.72554055,0.017824519,0.043713336,0.082283749
8.4405,0.13768984,0.03194249,0.044698798,0.014634867,-0.68486126,0.012998724,0.72841054,0.024634745,0.048559879,0.076895274
8.4505,0.13805822,0.032441954,0.045484428,0.017616365,-0.68252311,0.014938545,0.73049894,0.028609573,0.050347527,0.069062825
8.4605,0.1384731,0.032952433,0.046160927,0.020344577,-0.68072003,0.017193138,0.73205925,0.032323313,0.051470159,0.062505436
8.4705,0.13894088,0.033448378,0.046682855,0.02233903,-0.67964827,0.020219706,0.73291907,0.035497904,0.047469067,0.055228513
8.4805,0.13943931,0.033871375,0.047196722,0.02447414,-0.67942292,0.023006696,0.73297763,0.03681982,0.039955552,0.051358112
8.4905,0.13995401,0.034222914,0.047658665,0.026607421,-0.67977644,0.025592373,0.73248963,0.037714835,0.032266057,0.046040637
8.5005,0.14048363,0.03450251,0.048043565,0.028665285,-0.68102213,0.028035304,0.73116426,0.037989896,0.026424374,0.034117216
8.5105,0.14101267,0.034731211,0.048309741,0.03066377,-0.68310413,0.03028121,0.72904837,0.036005499,0.021842893,0.022022871
8.5205,0.14151148,0.034917645,0.048471736,0.03262684,-0.68563382,0.032249753,0.72649962,0.032428123,0.017567916,0.011524561
8.5305,0.14199545,0.035117984,0.048702096,0.034721389,-0.68792508,0.034150052,0.72414589,0.033552153,0.023169986,0.031635115
8.5405,0.14248796,0.035350073,0.049113394,0.037062924,-0.68954326,0.035976774,0.72240024,0.035125723,0.022818156,0.046121761
8.5505,0.14295712,0.035437456,0.049570804,0.039099941,-0.69101609,0.037469059,0.7208079,0.030980936,-0.017511253,0.041294196
8.5605,0.1433094,0.034847534,0.049834101,0.039288879,-0.69363842,0.038226597,0.71823454,0.025497541,-0.089927965,0.014842832
8.5705,0.14356041,0.033664262,0.049844477,0.038144825,-0.69699082,0.037999952,0.71505579,0.021201691,-0.13990014,-0.0078769505
8.5805,0.14372433,0.032063814,0.04964364,0.036114687,-0.7006479,0.036825724,0.71164044,0.017726446,-0.1760225,-0.026454433
8.5905,0.14382418,0.030040932,0.049148429,0.03334272,-0.7046575,0.034681596,0.70791472,0.016590608,-0.22417167,-0.065537007
8.6005,0.14387942,0.027623199,0.048336945,0.02994164,-0.709015,0.031600767,0.70384844,0.016089612,-0.25729759,-0.093470094
8.6105,0.14390627,0.024947028,0.04731838,0.026099861,-0.71347344,0.027774015,0.69964495,0.016832619,-0.27758047,-0.11020905
8.6205,0.14393897,0.022120725,0.046056642,0.022021483,-0.71810699,0.023428124,0.69518956,0.020553555,-0.28836889,-0.14150508
8.6305,0.14399733,0.019244315,0.04453896,0.01788741,-0.722948,0.018771924,0.6904157,0.022559057,-0.28864323,-0.16490133
8.6405,0.14406266,0.016412063,0.042796914,0.013839459,-0.72791621,0.013986854,0.68538371,0.022671268,-0.28021116,-0.18555456
8.6505,0.14417058,0.013845863,0.041164883,0.010394116,-0.73240545,0.0098149399,0.68071865,0.024912,-0.21528928,-0.094053279
8.6605,0.14434126,0.012399884,0.040782028,0.0089876952,-0.73450132,0.0081687065,0.67849856,0.021664138,-0.11412675,0.00074421393
8.6705,0.14454888,0.011388166,0.041011197,0.0084021819,-0.73527178,0.0076140417,0.67767753,0.023658567,-0.091652537,0.036482542
8.6805,0.1448102,0.010470533,0.041511421,0.0088794897,-0.73549044,0.0067065175,0.67744372,0.03060219,-0.094477206,0.049439808
8.6905,0.14514464,0.0095434813,0.04201171,0.0089491583,-0.73593695,0.0063612134,0.67696104,0.036350799,-0.091391955,0.045610574
8.7005,0.14554574,0.008641814,0.042407933,0.0088262511,-0.73668415,0.0061116758,0.67615176,0.042739256,-0.094868424,0.030031416
8.7105,0.14597811,0.0076072679,0.042651012,0.0080607508,-0.73780775,0.0050709786,0.67494373,0.04855075,-0.10397892,0.0081674248
8.7205,0.14642081,0.0069824816,0.042495458,0.0074488912,-0.73983956,0.0034449542,0.67273328,0.044891504,-0.028869474,-0.041264488
8.7305,0.14684344,0.007054006,0.042367562,0.0073485181,-0.74178952,0.0022635411,0.67058869,0.040468462,0.033521675,0.005769192
8.7405,0.14724841,0.0076275887,0.042589806,0.007556127,-0.7430422,0.0015332481,0.66920016,0.039336342,0.075605915,0.028710216
8.7505,0.1476538,0.008620308,0.04285719,0.0079321587,-0.74402767,0.0011822658,0.66810067,0.037825507,0.12410666,0.0018697542
8.7605,0.14805939,0.010063413,0.042787375,0.0084741987,-0.74525693,0.0014840975,0.6667219,0.035244389,0.15195224,0.0091346854
8.7705,0.14846039,0.011714476,0.042851599,0.0087052624,-0.74606971,0.002105624,0.6658076,0.036208121,0.18769922,-0.020886833
8.7805,0.14883258,0.013577431,0.042838305,0.0089334311,-0.74672961,0.0030227704,0.66506085,0.02353562,0.19110801,0.00091124578
8.7905,0.1490219,0.015514595,0.042819822,0.009381767,-0.74689688,0.0038322532,0.66486266,0.0090445077,0.19314533,0.004752406
8.8005,0.14910471,0.017458738,0.042788462,0.009850253,-0.74675103,0.0046463223,0.6650145,0.0018634754,0.19480004,-0.0059822872
8.8105,0.14913923,0.019363466,0.042745502,0.010302084,-0.74643401,0.0054617832,0.66535727,-0.00038499092,0.1866261,-0.00032340309
8.8205,0.14914273,0.021168133,0.04271219,0.010684515,-0.74597761,0.0062473149,0.66585601,-0.0074040391,0.1694829,-0.0037810534
8.8305,0.14906255,0.022754222,0.042656022,0.010930454,-0.74509824,0.0069843151,0.66682859,-0.0094083166,0.15086377,0.0040120468
8.8405,0.14893204,0.02409719,0.042575848,0.011061013,-0.74378779,0.0076533443,0.66828049,-0.013380716,0.12565632,-0.01039896
8.8505,0.14880664,0.025301751,0.042530471,0.011406269,-0.74225497,0.0080083055,0.66997263,-0.010851147,0.11424797,0.0045481357
8.8605,0.14865198,0.026347008,0.04244511,0.011682025,-0.74005456,0.0083017442,0.67239413,-0.014834065,0.093342796,-0.0048972716
8.8705,0.14845472,0.027213507,0.042279538,0.011441746,-0.73711784,0.0089216404,0.67560845,-0.015716839,0.081801942,-0.012878358
8.8805,0.14824714,0.027958853,0.04210455,0.010942573,-0.73382898,0.0096884481,0.67917702,-0.015289852,0.070482862,-0.013746611
8.8905,0.14804282,0.028647474,0.041925126,0.010648302,-0.73015027,0.010110059,0.68312882,-0.013833421,0.061716221,-0.01876448
8.9005,0.14784035,0.029218147,0.041738584,0.010332254,-0.72613779,0.010403428,0.68739284,-0.011609715,0.054729401,-0.015381424
8.9105,0.14767355,0.029809977,0.041587461,0.010285469,-0.7219951,0.01036915,0.691744,-0.0062591478,0.062004825,-0.013037246
8.9205,0.14755188,0.030442104,0.041411628,0.010015261,-0.71797708,0.010482009,0.69591575,-0.0034821005,0.063787533,-0.010643865
8.9305,0.14744656,0.031072033,0.041274878,0.0096551245,-0.71410819,0.010662585,0.69988755,-0.0030068066,0.062362231,-0.0079616895
8.9405,0.14734583,0.031676009,0.041156881,0.0092792444,-0.71048746,0.010854819,0.70356495,-0.0026256776,0.059589611,-0.0072769678
8.9505,0.14725197,0.032114323,0.041141171,0.0087094681,-0.70723291,0.011023887,0.70684102,-0.0038653489,0.025449625,0.0093853325
8.9605,0.14712393,0.032200154,0.041227372,0.0078021,-0.70497681,0.010579698,0.70910853,-0.0054443383,-0.0023185856,0.0095374587
8.9705,0.14699289,0.032099874,0.041307362,0.0065897123,-0.70357115,0.0099419909,0.71052471,-0.0056309153,-0.018151709,0.00034597994
8.9805,0.14685453,0.03189033,0.04140636,0.0054648903,-0.70252133,0.0090236069,0.71158449,-0.0065458241,-0.022721738,0.018891707
8.9905,0.1467134,0.031632798,0.041599788,0.0040534888,-0.70144195,0.0083642205,0.71266598,-0.0062928735,-0.029317382,0.015325898
9.0005,0.14658211,0.031331373,0.041771799,0.002873187,-0.70049978,0.0075093056,0.71360732,-0.0050232975,-0.032865482,0.0079942293
9.0105,0.146461,0.030953616,0.042009399,0.001786791,-0.69906845,0.0062082695,0.71502557,-0.00026529163,-0.039672143,0.045268614
9.0205,0.14637333,0.030543759,0.042593089,0.00031288724,-0.69666846,0.0048623608,0.71737669,0.0070376193,-0.043020818,0.064041032
9.0305,0.14634374,0.030126419,0.043346287,-0.001536594,-0.69369929,0.0037140776,0.72025352,0.014095442,-0.042013078,0.077513855
9.0405,0.14637959,0.029666751,0.044058888,-0.0031372685,-0.69114683,0.0017739533,0.72270539,0.021414553,-0.047919449,0.066978365
9.0505,0.1464778,0.029183919,0.044735108,-0.0049618748,-0.68923677,-0.00053947156,0.72451898,0.0291886,-0.049168268,0.061036263
9.0605,0.14667344,0.028730639,0.045438678,-0.0067671257,-0.68743385,-0.0030522088,0.72620905,0.038223078,-0.04475411,0.064120379
9.0705,0.14692808,0.028266169,0.046087834,-0.0086344996,-0.6861975,-0.0059506262,0.7273397,0.043275857,-0.048223689,0.057485925
9.0805,0.14723231,0.027783245,0.046658812,-0.010339864,-0.68570523,-0.0094299064,0.72774481,0.04745069,-0.050019542,0.046500447
9.0905,0.14755792,0.027357805,0.047217859,-0.012297021,-0.68560073,-0.012629598,0.72776432,0.046925857,-0.036411152,0.057732311
9.1005,0.14789097,0.02700404,0.047805255,-0.014821281,-0.68611726,-0.01542828,0.72717633,0.047549375,-0.033199053,0.05684076
9.1105,0.14823034,0.026675573,0.048357164,-0.017588916,-0.68717623,-0.01816057,0.72605073,0.047271007,-0.030605719,0.053583728
9.1205,0.14857086,0.026370806,0.048872331,-0.020300884,-0.68843983,-0.020779265,0.72471146,0.046209931,-0.028198337,0.05019745
9.1305,0.14892157,0.026029215,0.049528489,-0.022950407,-0.68924496,-0.023366735,0.72378771,0.050323919,-0.036357189,0.078347775
9.1405,0.14928511,0.025659773,0.050433512,-0.025449644,-0.68940158,-0.025974063,0.72346605,0.045103996,-0.028050335,0.099078463
9.1505,0.1495818,0.025689771,0.051455905,-0.026837613,-0.69017173,-0.028086065,0.72260217,0.032957263,0.027588731,0.098793442
9.1605,0.14987819,0.026296029,0.052334171,-0.026955135,-0.69158802,-0.029159311,0.72119981,0.028513445,0.086208185,0.073224595
9.1705,0.15020295,0.027406666,0.052951489,-0.026069195,-0.69350829,-0.029165251,0.71938588,0.025185756,0.12952601,0.04813271
9.1805,0.15055007,0.028898773,0.053318692,-0.024424429,-0.69572987,-0.028215611,0.71733345,0.022296171,0.16316037,0.024555175
9.1905,0.15093743,0.030761563,0.053307646,-0.022067681,-0.69845339,-0.026252127,0.71483334,0.021612157,0.20280397,-0.02319061
9.2005,0.15137592,0.032970242,0.05286189,-0.019065151,-0.70177013,-0.023288428,0.71176741,0.021129997,0.2333411,-0.061098998
9.2105,0.15185702,0.035440521,0.05207349,-0.015569559,-0.70548304,-0.019507315,0.70828718,0.021250813,0.25620837,-0.090858035
9.2205,0.15238952,0.038120886,0.05087979,-0.01169871,-0.70971042,-0.015007806,0.70423649,0.02309635,0.2761836,-0.13883062
9.2305,0.15297799,0.040949442,0.049266199,-0.0075787684,-0.71447661,-0.0099225855,0.69954791,0.025537678,0.28756677,-0.17465087
9.2405,0.1536146,0.043840911,0.047347029,-0.0033500196,-0.7195623,-0.0044645625,0.69440546,0.028457736,0.29061169,-0.20029069
9.2505,0.15429828,0.04671461,0.045132698,0.00083550659,-0.7249542,0.0011816459,0.68879555,0.032470417,0.28593434,-0.23282963
9.2605,0.15501937,0.049495834,0.042649002,0.0048396952,-0.73060776,0.0068360151,0.68274603,0.03561701,0.27407046,-0.25524113
9.2705,0.15561983,0.051688789,0.040678117,0.0078852078,-0.73516767,0.011080316,0.67774888,0.021430292,0.14349306,-0.10641493
9.2805,0.15589423,0.052638202,0.040244358,0.008938357,-0.73690861,0.012605056,0.67581574,0.015387417,0.07027704,0.00078150451
9.2905,0.15610295,0.053230696,0.040490114,0.0091819885,-0.73778618,0.013205968,0.67484283,0.020352114,0.061078945,0.042224754
9.3005,0.15634966,0.053856086,0.040974513,0.0089636667,-0.73810766,0.013754421,0.67448317,0.027172649,0.06720603,0.053658442
9.3105,0.15666406,0.054575058,0.041513029,0.009042648,-0.73849488,0.013904476,0.67405505,0.032915315,0.075289264,0.052295458
9.3205,0.15704676,0.055255211,0.041988723,0.008860718,-0.73910488,0.01424455,0.67338144,0.039794694,0.042503408,0.045529971
9.3305,0.15747975,0.055324851,0.042340516,0.0082907314,-0.740196,0.014910261,0.6721747,0.0407479,-0.019076116,0.021842636
9.3405,0.15791558,0.054807546,0.042305221,0.0076096461,-0.74194697,0.015552575,0.67023496,0.040190493,-0.071179831,0.0080059382
9.3505,0.15832034,0.053877059,0.042464997,0.0069578836,-0.74329953,0.016050427,0.66872998,0.030758003,-0.11484489,0.0021557395
9.3605,0.15849699,0.052598956,0.042487774,0.0063264493,-0.7443344,0.016078889,0.66758352,0.007442901,-0.13352259,0.019911437
9.3705,0.15848602,0.051098396,0.042520165,0.0058186146,-0.74494806,0.01577575,0.66691053,-0.0059433872,-0.15414004,0.015659464
9.3805,0.15836824,0.049407673,0.042519821,0.0053211401,-0.74534045,0.015224046,0.66648896,-0.011990464,-0.17966884,-0.0075007131
9.3905,0.15820393,0.047583307,0.042523895,0.0048355151,-0.7455493,0.014515541,0.66627483,-0.014159863,-0.19056747,-0.0058584591
9.4005,0.15802209,0.045671647,0.042511741,0.0043666683,-0.74563143,0.013688878,0.66620367,-0.01472946,-0.19196613,0.0015914738
9.4105,0.15779676,0.043771706,0.042494308,0.0039195854,-0.74549221,0.012855868,0.66637881,-0.023907807,-0.18623339,-0.006517479
9.4205,0.15756265,0.041943321,0.042485102,0.0036505544,-0.74522236,0.011952091,0.66669893,-0.014659474,-0.18546248,-0.0051151934
9.4305,0.15737196,0.040126161,0.042443784,0.0033409072,-0.74474621,0.011062652,0.66724773,-0.014690828,-0.17935798,-0.006488964
9.4405,0.15717494,0.038407274,0.04240692,0.0033018448,-0.74380644,0.010062297,0.66831118,-0.015359393,-0.16438664,0.0014985095
9.4505,0.15696033,0.036803803,0.042351648,0.0032323769,-0.74260814,0.0091632632,0.66965568,-0.018937972,-0.15215886,-0.0055828251
9.4605,0.15668524,0.035512896,0.042276979,0.0033003037,-0.740552,0.0083211444,0.67193944,-0.021752244,-0.11614722,-0.014613123
9.4705,0.15640941,0.034401155,0.042175206,0.0030905054,-0.73758287,0.0078341623,0.6752041,-0.019344676,-0.10327785,-0.013708499
9.4805,0.15615573,0.033465377,0.042058855,0.0031503091,-0.73425173,0.0072034692,0.67883178,-0.014688506,-0.090369287,-0.011547058
9.4905,0.15594341,0.032592923,0.041906095,0.0035169734,-0.73061895,0.0063486106,0.68274686,-0.011925715,-0.083335732,-0.024237013
9.5005,0.15575435,0.03183861,0.041748939,0.0038245776,-0.72659324,0.0056064627,0.68703435,-0.0091348832,-0.076407213,-0.018705104
9.5105,0.15558489,0.031075247,0.041593084,0.0040756041,-0.72249398,0.004987354,0.69134721,-0.007746399,-0.076810509,-0.015518409
9.5205,0.15543076,0.030319045,0.041428457,0.0043418337,-0.71847035,0.0044215319,0.69552998,-0.0067580446,-0.073088947,-0.02083752
9.5305,0.15528524,0.029642944,0.041341664,0.0046241986,-0.71444032,0.0039032484,0.69967021,-0.0064960092,-0.069404176,-0.018680396
9.5405,0.15514143,0.028977296,0.041215907,0.0047544955,-0.71066895,0.0035259683,0.70350168,-0.0069963884,-0.065749721,-0.015731448
9.5505,0.15500911,0.028571595,0.041202578,0.00477142,-0.70745124,0.0035240462,0.70673726,-0.0092826132,-0.020010016,0.0071737679
9.5605,0.15487268,0.028500436,0.041298658,0.0049060977,-0.70490601,0.0038343086,0.70927339,-0.010749418,0.0020670415,0.010595636
9.5705,0.15475121,0.028578318,0.041387028,0.0050696307,-0.70294197,0.0042778031,0.71121627,-0.0098603998,0.012791169,0.0080978931
9.5805,0.15465294,0.028758358,0.041529439,0.0055445501,-0.70113773,0.0049621041,0.71298704,-0.0094433815,0.021897531,0.020019496
9.5905,0.15458051,0.0290109,0.041758924,0.0064210493,-0.69925523,0.0059116829,0.71481882,-0.0081785564,0.027334015,0.025489676
9.6005,0.15453241,0.02931055,0.041982468,0.0073511888,-0.69743622,0.0071336253,0.71657365,-0.0072708454,0.032556661,0.020022714
9.6105,0.15454205,0.029676538,0.04235392,0.0086545692,-0.69505798,0.0087612097,0.71884821,0.0010296825,0.038424812,0.055496158
9.6205,0.1546547,0.030084626,0.043077038,0.011005407,-0.69180859,0.010199495,0.72192501,0.010705498,0.042038251,0.073054265
9.6305,0.1548544,0.030520448,0.043872177,0.013420889,-0.68821097,0.011993349,0.72528732,0.017490715,0.042451498,0.081803947
9.6405,0.15513556,0.030971916,0.044705709,0.015990862,-0.68503966,0.014010736,0.72819548,0.023188767,0.045058748,0.080641845
9.6505,0.15548619,0.031454151,0.045477937,0.018919791,-0.68269991,0.015947743,0.73027977,0.026435171,0.04930722,0.06931932
9.6605,0.15588142,0.031954578,0.046108077,0.021405586,-0.68093912,0.01839361,0.731796,0.031127893,0.051410936,0.05326459
9.6705,0.15633429,0.032431903,0.046614094,0.023446304,-0.67991106,0.021286765,0.73261047,0.034340691,0.045345535,0.055068944
9.6805,0.1568231,0.032839984,0.04712817,0.025607166,-0.67971433,0.023968354,0.73263785,0.036265188,0.038777294,0.050881986
9.6905,0.15733212,0.033182845,0.047584515,0.027714051,-0.68008549,0.026506917,0.73212911,0.037397744,0.031659253,0.045245492
9.7005,0.15785685,0.033456665,0.047963364,0.029736287,-0.68133558,0.028914945,0.73079512,0.037708185,0.025917272,0.033626695
9.7105,0.15838163,0.033680358,0.048225944,0.031698761,-0.68341691,0.031129815,0.72867514,0.035808918,0.021409906,0.021741996
9.7205,0.15887699,0.033862553,0.048386144,0.033625287,-0.68594208,0.03307193,0.72612606,0.032300719,0.017217098,0.011422178
9.7305,0.15935825,0.034059348,0.048616209,0.035683418,-0.68822553,0.034950273,0.72377537,0.033493873,0.022880388,0.031688423
9.7405,0.15984889,0.034288704,0.049028159,0.037981249,-0.68983365,0.036767858,0.72203538,0.035213272,0.022979272,0.046423946
9.7505,0.1603341,0.034458758,0.049499041,0.040039152,-0.69119991,0.038506058,0.72052539,0.03295104,-0.00063478554,0.045108361
9.7605,0.16071716,0.03400805,0.049806466,0.040420485,-0.69368213,0.039580823,0.71805615,0.027238429,-0.077881633,0.020147546
9.7705,0.16099074,0.032925818,0.049861334,0.03945322,-0.69693277,0.039559668,0.71495677,0.022257881,-0.13115044,-0.0036953881
9.7805,0.16116946,0.031398973,0.049700144,0.037568239,-0.70051508,0.038525564,0.71160596,0.018267399,-0.16974096,-0.022897932
9.7905,0.16127656,0.029427911,0.049237408,0.034902509,-0.70447134,0.03647595,0.70793463,0.016470964,-0.2199581,-0.063237639
9.8005,0.16133223,0.027042131,0.04845238,0.031566927,-0.70879194,0.033450996,0.70391657,0.015693322,-0.25510147,-0.091029441
9.8105,0.16135429,0.024378399,0.047457365,0.027750159,-0.71322315,0.029642433,0.69975995,0.016119374,-0.27735499,-0.1082813
9.8205,0.16137715,0.021545128,0.046212971,0.023657615,-0.71784112,0.025276261,0.69534563,0.019641469,-0.29008884,-0.1399648
9.8305,0.16141808,0.018643079,0.044697041,0.019476048,-0.72269652,0.020560553,0.69058503,0.020821572,-0.29216294,-0.16583339
9.8405,0.16146339,0.015769143,0.042946945,0.015350534,-0.72769123,0.01568292,0.6855537,0.021372434,-0.28515586,-0.1861026
9.8505,0.16155076,0.013127455,0.041247804,0.011746501,-0.73230646,0.011309679,0.68077996,0.023983349,-0.22390762,-0.1041761
9.8605,0.16173759,0.011284927,0.04088646,0.010118545,-0.73427941,0.0095315222,0.67870502,0.025482293,-0.15767568,0.0068331156
9.8705,0.16198136,0.0099025755,0.041169566,0.0094234856,-0.73492908,0.008910994,0.67801994,0.027664324,-0.12145757,0.039904417
9.8805,0.16227319,0.0087481374,0.04170733,0.010042484,-0.73500601,0.0078001009,0.67794135,0.033099013,-0.11281462,0.051422624
9.8905,0.16261751,0.0076870501,0.042226102,0.010294105,-0.73536206,0.0072551503,0.67755741,0.037023598,-0.1015239,0.044837577
9.9005,0.163013,0.0066325614,0.042575013,0.0099386458,-0.73619882,0.0065457842,0.67666068,0.044360499,-0.11211216,0.023793492
9.9105,0.16343692,0.0054707151,0.042759318,0.0087550174,-0.73743901,0.0051120218,0.67533763,0.049774018,-0.11729745,0.0044334023
9.9205,0.16387903,0.004590303,0.042575471,0.0076751796,-0.73954614,0.0031679784,0.67305465,0.046790767,-0.053014609,-0.043268546
9.9305,0.16429978,0.0044727748,0.04235418,0.0072758015,-0.74165899,0.0017279264,0.67073543,0.041039656,0.019346602,-0.00076748807
9.9405,0.16470304,0.0049352806,0.042535571,0.007386611,-0.74298392,0.00090489225,0.66926789,0.039334063,0.066390026,0.026343051
9.9505,0.16509833,0.0058217406,0.042867687,0.0076337331,-0.74387937,0.00045461081,0.66827015,0.037435161,0.11054283,0.021805366
9.9605,0.16549191,0.0072072138,0.04281274,0.0081399717,-0.74509311,0.0007212307,0.6669104,0.0335351,0.15313895,-0.0055842725
9.9705,0.16587593,0.0088146184,0.042902922,0.0083455492,-0.74586373,0.0012693598,0.66604507,0.035350564,0.17784303,-0.002620554
9.9805,0.16625717,0.010685966,0.042857213,0.0085902216,-0.74660659,0.0022228028,0.66520664,0.025530939,0.1883257,0.010324405
9.9905,0.16646023,0.01264526,0.042832344,0.0090507091,-0.74683624,0.0030494053,0.66493941,0.0098347536,0.20206604,-0.0096854348
10.0005,0.16653981,0.014621044,0.042814943,0.0095312816,-0.74670041,0.0038594801,0.66508101,0.0011472111,0.19409207,0.006220916
10.0105,0.16656781,0.016575828,0.042780101,0.010002537,-0.7463863,0.0046809908,0.66542132,-0.0012473641,0.19086583,0.0040046622
10.0205,0.1665766,0.018471993,0.042727398,0.010477408,-0.74597624,0.0054861118,0.66586753,-0.0055010603,0.18397972,-0.011600443
10.0305,0.16649241,0.020116973,0.042651394,0.010527427,-0.74512709,0.0064201655,0.6668085,-0.010071593,0.15964765,-0.0074714229
10.0405,0.16636206,0.021533154,0.042573273,0.010501422,-0.74382242,0.0072102126,0.66825589,-0.013141563,0.13250344,-0.00028169033
10.0505,0.16622355,0.022749989,0.042465271,0.010467844,-0.74234931,0.0079198141,0.66988447,-0.012695183,0.11264245,-0.013608729
10.0605,0.1660559,0.023772524,0.042327804,0.010269578,-0.74019116,0.0085870527,0.67226323,-0.01467979,0.097577286,-0.010051144
10.0705,0.16585869,0.024678734,0.042173926,0.0099858954,-0.73721991,0.0091894141,0.67551657,-0.015043055,0.087234158,-0.0087454027
10.0805,0.16565722,0.02549881,0.042016621,0.0097219276,-0.73388824,0.0097137721,0.67913119,-0.014434001,0.077891413,-0.0079140187
10.0905,0.16546449,0.026224744,0.041840377,0.0094463389,-0.73020474,0.010116093,0.68308818,-0.012256122,0.066306613,-0.0147974
10.1005,0.16528112,0.02678084,0.041720048,0.0096620041,-0.72611034,0.0099120657,0.68743885,-0.0097730668,0.051960958,-0.007629767
10.1105,0.16512718,0.02736451,0.041633731,0.010204276,-0.72189591,0.0093282339,0.69186354,-0.005399568,0.060951627,-0.0082488125
10.1205,0.16501306,0.027998884,0.041431771,0.0099001422,-0.71790929,0.0094679192,0.69600187,-0.0027877967,0.064856445,-0.018198145
10.1305,0.1649122,0.028637737,0.041250216,0.0092623864,-0.71402044,0.0099316409,0.69999313,-0.0020862582,0.063903304,-0.013245117
10.1405,0.16481676,0.029242721,0.04116826,0.0087010211,-0.71027578,0.01034066,0.70379377,-0.0025756737,0.058831067,-0.00084378293
10.1505,0.16474193,0.029729348,0.041100061,0.0082206812,-0.70717589,0.010517186,0.70691164,-0.0016457344,0.031692917,0.004591471
10.1605,0.1646247,0.029872233,0.041165873,0.0073479087,-0.70505027,0.010213159,0.70904571,-0.0059549869,0.0029397637,0.0091638686
10.1705,0.16448883,0.029798056,0.041226143,0.0062155349,-0.70374418,0.0095447649,0.71036216,-0.0063776012,-0.015106841,0.0017559864
10.1805,0.16434362,0.029611446,0.041328844,0.0049309101,-0.70273417,0.0087385599,0.71138176,-0.0069956431,-0.020839699,0.017251156
10.1905,0.16419566,0.02936568,0.041492932,0.0035930106,-0.70174093,0.0078855036,0.71237952,-0.0062460491,-0.025695431,0.020124286
10.2005,0.16405884,0.029082833,0.041671156,0.0023037752,-0.70082202,0.0069830966,0.71329828,-0.0047801511,-0.027981739,0.021298592
10.2105,0.16393235,0.028716433,0.041915914,0.0010810264,-0.69940063,0.0056351754,0.71470682,-0.00011958465,-0.040956171,0.038872657
10.2205,0.16384411,0.028305491,0.042497441,-0.00027542291,-0.69704406,0.0039918398,0.71701713,0.0075418683,-0.040831269,0.071484965
10.2305,0.16381686,0.027877614,0.043230216,-0.0022998347,-0.69408124,0.002813767,0.7198875,0.015531707,-0.038113007,0.08582267
10.2405,0.16386246,0.027447907,0.044009724,-0.0043549323,-0.69140279,0.0011466568,0.72245547,0.023249195,-0.046292109,0.067868564
10.2505,0.16397539,0.026979537,0.044703571,-0.0063678444,-0.68943313,-0.0011584522,0.72432041,0.031645621,-0.046520617,0.067731173
10.2605,0.16418222,0.026536175,0.045429019,-0.0083422236,-0.68756475,-0.0036690299,0.72606587,0.039663618,-0.043562446,0.06914274
10.2705,0.16444569,0.026077486,0.046105666,-0.010294255,-0.68628182,-0.0066275858,0.72723268,0.044463949,-0.047685104,0.059245738
10.2805,0.16475254,0.025590167,0.046650283,-0.012121018,-0.68577492,-0.010145886,0.72764201,0.04801327,-0.050544014,0.04392521
10.2905,0.16508849,0.025128564,0.047183968,-0.013820749,-0.68567597,-0.013753791,0.72764571,0.048196651,-0.040130742,0.055052753
10.3005,0.16542647,0.0247515,0.047769993,-0.016229442,-0.68617792,-0.016795205,0.72705872,0.048104656,-0.034896707,0.056605037
10.3105,0.16576676,0.024412783,0.04832723,-0.01899407,-0.68722088,-0.019639422,0.72593456,0.04756844,-0.031196332,0.054055293
10.3205,0.16610678,0.024104416,0.048848328,-0.02174543,-0.68847044,-0.022312674,0.72459488,0.046374415,-0.028292913,0.050777402
10.3305,0.1664559,0.02376201,0.049509553,-0.024446464,-0.68926307,-0.024929079,0.72366935,0.050328838,-0.036260016,0.078889509
10.3405,0.16681802,0.023391728,0.050419193,-0.026998439,-0.6894035,-0.027558997,0.72334943,0.045253396,-0.031098665,0.099730748
10.3505,0.16710684,0.023378376,0.051443027,-0.028501795,-0.69014908,-0.029778241,0.72249232,0.032557874,0.022335567,0.098367321
10.3605,0.16739128,0.023923641,0.05232372,-0.028755292,-0.69153705,-0.030998197,0.72110246,0.028320151,0.079598692,0.074556781
10.3705,0.16770332,0.024963639,0.052954694,-0.028011994,-0.69341559,-0.031175022,0.71931791,0.02468524,0.12223043,0.049180294
10.3805,0.16803443,0.026381874,0.053335094,-0.026511806,-0.6955969,-0.030403903,0.71729887,0.021648002,0.15578846,0.026203903
10.3905,0.16840457,0.028173924,0.053344439,-0.024289504,-0.69827471,-0.028615525,0.71484516,0.020742918,0.19599891,-0.020966101
10.4005,0.1688243,0.030321457,0.052924414,-0.021400822,-0.70154324,-0.025809028,0.71183775,0.020009676,0.22774838,-0.058378532
10.4105,0.169286,0.032746876,0.052165749,-0.017987431,-0.70520737,-0.022152896,0.70842661,0.019917164,0.25251488,-0.087788652
10.4205,0.16979977,0.035405747,0.051003852,-0.014155189,-0.70938857,-0.017730326,0.70445236,0.021603424,0.27511296,-0.13562533
10.4305,0.17037195,0.038242209,0.0494217,-0.010020285,-0.7141144,-0.012660104,0.6998428,0.02402584,0.28962552,-0.17154935
10.4405,0.17099702,0.041174481,0.047531808,-0.0057168389,-0.71916725,-0.0071463117,0.69477674,0.02721701,0.2960375,-0.19713671
10.4505,0.17167549,0.044122354,0.045341379,-0.0013955965,-0.72453647,-0.0013698538,0.68923369,0.031388276,0.29465193,-0.23082092
10.4605,0.1723991,0.047008039,0.042873466,0.0027993992,-0.73017977,0.0044850109,0.68323462,0.035060002,0.2856138,-0.25380733
10.4705,0.17304142,0.049420183,0.040754632,0.006198414,-0.73501261,0.00922675,0.67796232,0.023169248,0.16534363,-0.12176524
10.4805,0.17333615,0.050496342,0.040222357,0.0074064214,-0.7368992,0.01102692,0.67587212,0.015184123,0.078296379,-0.0042887873
10.4905,0.17353867,0.051133606,0.040439051,0.0076810407,-0.73782201,0.011732099,0.67484965,0.018668182,0.063257476,0.041015855
10.5005,0.17378183,0.051794558,0.04092596,0.0077744657,-0.73826773,0.0120474,0.67435538,0.025834652,0.069240052,0.053010062
10.5105,0.17409599,0.052554928,0.041461145,0.0076822331,-0.73863632,0.012370535,0.67394683,0.033016292,0.081316078,0.055787072
10.5205,0.17446476,0.053324398,0.041975742,0.0075332439,-0.73912826,0.012694159,0.67340294,0.039608982,0.057856082,0.048212001
10.5305,0.1749006,0.053527053,0.042348611,0.0070176807,-0.74018931,0.013329236,0.67222978,0.041233049,-0.006957154,0.023226186
10.5405,0.17534618,0.053122333,0.042297194,0.0063944303,-0.74197189,0.014046462,0.67025333,0.040601436,-0.061678111,0.0041910198
10.5505,0.17576062,0.052297277,0.042461841,0.0058209091,-0.74332465,0.014663882,0.66874475,0.030923542,-0.10016512,0.017828963
10.5605,0.17594873,0.051097028,0.042462278,0.0052251158,-0.74441397,0.014791974,0.66753407,0.008039867,-0.12780006,0.015410348
10.5705,0.17594414,0.049672116,0.042519954,0.00476252,-0.74500502,0.014584748,0.66688239,-0.0054648011,-0.15442861,0.00018138394
10.5805,0.17583168,0.048034195,0.0425168,0.0042863063,-0.7454124,0.014097777,0.66644072,-0.01187923,-0.17119467,0.00083280657
10.5905,0.17567058,0.046260758,0.04253932,0.0038384535,-0.74559972,0.01346287,0.66624701,-0.014213687,-0.18362088,0.00088428666
10.6005,0.17548908,0.044380805,0.042518173,0.0033764861,-0.74569818,0.012682315,0.66615462,-0.014899223,-0.19734355,-0.018236223
10.6105,0.17527432,0.042495309,0.042494101,0.0029740084,-0.74560181,0.01184073,0.6662799,-0.022757665,-0.18494337,-0.0058392283
10.6205,0.17502639,0.040686001,0.042507949,0.0024687332,-0.74523438,0.011192525,0.66670409,-0.016720615,-0.18093355,0.0030010435
10.6305,0.17485989,0.038879094,0.042463062,0.0023024085,-0.74481411,0.01021494,0.66718985,-0.0092557525,-0.18408186,-0.02238907
10.6405,0.17470492,0.037152264,0.042390634,0.0025575998,-0.74404559,0.0089351379,0.66806421,-0.013177003,-0.17179195,-0.016310308
10.6505,0.17448009,0.035580549,0.042345159,0.0025012458,-0.74283087,0.0080655673,0.66942587,-0.020631153,-0.14832706,-0.0053950806
10.6605,0.17419557,0.034318793,0.042273622,0.0024901893,-0.74074087,0.0073372309,0.67174618,-0.022354465,-0.10942837,-0.005528696
10.6705,0.1739183,0.033312599,0.042182959,0.0023529958,-0.73772905,0.0068657471,0.6750579,-0.017721893,-0.098593609,-0.0093573575
10.6805,0.17368217,0.0323906,0.042056472,0.002452882,-0.73439611,0.0062363372,0.67868803,-0.01400759,-0.086861362,-0.020209549
10.6905,0.1734734,0.031536469,0.041914885,0.0027483395,-0.73068839,0.0055108565,0.68268335,-0.011889798,-0.085774825,-0.013598554
10.7005,0.17327835,0.030684247,0.041756772,0.0029170463,-0.72666961,0.0049306295,0.68696321,-0.0099502702,-0.08714509,-0.026417675
10.7105,0.17309938,0.029872951,0.041590863,0.00329737,-0.72260987,0.0041833919,0.69123557,-0.0085844311,-0.077703653,-0.023817225
10.7205,0.17294058,0.029179365,0.041418757,0.0034653317,-0.71854278,0.0036870347,0.69546436,-0.0067664948,-0.066840493,-0.016707814
10.7305,0.17278968,0.028520699,0.041302714,0.0036287288,-0.71453409,0.0032883378,0.69958349,-0.0073455201,-0.066504368,-0.013764578
10.7405,0.17264765,0.027890562,0.041195311,0.0037825706,-0.71073315,0.0029203802,0.70344548,-0.0057452886,-0.062601327,-0.0097908395
10.7505,0.17254408,0.027443307,0.041237306,0.0039926534,-0.70743921,0.0028220487,0.70675729,-0.0060941516,-0.026304838,0.011504178
10.7605,0.17243081,0.027330317,0.04137653,0.0043440709,-0.70484865,0.003018227,0.709338,-0.0092848165,-0.00090713052,0.013097206
10.7705,0.17232189,0.027391975,0.041483938,0.0046429463,-0.70284701,0.0034103269,0.71131772,-0.0090236082,0.011018553,0.0090040706
10.7805,0.17223266,0.027565023,0.041598428,0.00507812,-0.70103262,0.0042120237,0.71309869,-0.0092518949,0.022724428,0.013685864
10.7905,0.17217161,0.02781488,0.041783228,0.0058458365,-0.69915692,0.0053452181,0.71492437,-0.0077964891,0.028386825,0.021671725
10.8005,0.17213121,0.028120523,0.041972907,0.0067028346,-0.69735874,0.0067074989,0.71665952,-0.0059700486,0.032378081,0.021980649
10.8105,0.17215742,0.028487458,0.042396767,0.008346675,-0.69495914,0.008052555,0.71895569,0.0022838783,0.040122452,0.053293936
10.8205,0.1722767,0.028907252,0.043078922,0.010536092,-0.69173854,0.0097253106,0.72200568,0.010658889,0.042168673,0.077832264
10.8305,0.17247952,0.029348684,0.043884429,0.012934432,-0.68813777,0.011603034,0.72537196,0.017775627,0.042550762,0.084874242
10.8405,0.17276863,0.029813647,0.044699944,0.015635867,-0.68497464,0.013541105,0.72827323,0.0236036,0.048310452,0.077085627
10.8505,0.17312367,0.030322655,0.045417683,0.018238372,-0.68267485,0.015887569,0.73032184,0.026744882,0.052677686,0.065566283
10.8605,0.17352759,0.030841513,0.046076629,0.020952377,-0.68090814,0.018143871,0.73184418,0.031524206,0.049111036,0.068040975
10.8705,0.17398251,0.031312023,0.046693132,0.023349511,-0.67980703,0.02073313,0.73272596,0.034463355,0.045213271,0.059595517
10.8805,0.17447574,0.031724228,0.047188501,0.025595101,-0.67960266,0.023367687,0.73276126,0.036903719,0.039286304,0.048669343
10.8905,0.17499441,0.03207289,0.047631326,0.027714973,-0.67995573,0.025952131,0.73226947,0.038255863,0.032254919,0.044692203
10.9005,0.17552868,0.032352471,0.048007971,0.029753182,-0.68118057,0.028409049,0.73095876,0.038499636,0.026535521,0.033818307
10.9105,0.17606194,0.032582165,0.04827376,0.031733709,-0.68323617,0.030670192,0.72886257,0.03646887,0.022032649,0.022307317
10.9205,0.17656467,0.032770188,0.048439468,0.033677485,-0.68573705,0.032656326,0.72633607,0.032873705,0.017808593,0.012107871
10.9305,0.17705218,0.03297214,0.048675653,0.035753451,-0.68799858,0.034574068,0.72400571,0.033942105,0.023371526,0.032362452
10.9405,0.17754774,0.033205096,0.049094263,0.038092675,-0.6895865,0.036401724,0.7222841,0.035674926,0.023324747,0.047023492
10.9505,0.17803541,0.03339437,0.049526244,0.039704205,-0.69105646,0.038593012,0.72067685,0.032251545,-0.0027743316,0.042342047
10.9605,0.17840723,0.032908843,0.049791407,0.039855864,-0.69365248,0.039763632,0.71810626,0.026464758,-0.081888336,0.018216898
10.9705,0.17866916,0.031783223,0.049820222,0.038853258,-0.69696614,0.039665842,0.71495122,0.021171696,-0.13573188,-0.0068599808
10.9805,0.17883712,0.030213605,0.04963885,0.037002837,-0.70058875,0.038505644,0.71156412,0.017418726,-0.17388655,-0.025094901
10.9905,0.17893512,0.028208391,0.049159487,0.034393215,-0.70457203,0.03634019,0.70786634,0.01560299,-0.22288506,-0.065819979
11.0005,0.17898384,0.025803446,0.048357434,0.031124525,-0.70891528,0.033238928,0.70382211,0.015116751,-0.25621895,-0.092668352
11.0105,0.1790016,0.023140713,0.047345094,0.027388711,-0.71336679,0.029406874,0.6996377,0.015695833,-0.27625456,-0.10962026
11.0205,0.17902286,0.020332322,0.046083428,0.0233789,-0.71800525,0.025090429,0.69519231,0.018796539,-0.28592617,-0.14237641
11.0305,0.1790638,0.017486243,0.044544571,0.019181352,-0.7228896,0.02057842,0.69039064,0.020345234,-0.28547303,-0.16732956
11.0405,0.17911287,0.014684285,0.042779153,0.015166378,-0.72789744,0.015881188,0.68533429,0.020765896,-0.27729298,-0.18767661
11.0505,0.17920442,0.012161479,0.041122198,0.011813062,-0.73242753,0.011748793,0.68064112,0.021838275,-0.19821409,-0.099525249
11.0605,0.17935382,0.010862949,0.040703623,0.010532312,-0.73460929,0.010081137,0.67833371,0.018404388,-0.09368024,-0.0042270978
11.0705,0.1795316,0.010025701,0.040905298,0.010099361,-0.73542697,0.0094537112,0.67746277,0.020802431,-0.078553571,0.034927886
11.0805,0.17976674,0.0092102599,0.041401898,0.010595837,-0.7356796,0.0085583972,0.67719275,0.027009772,-0.085924495,0.051726788
11.0905,0.18007276,0.0083422798,0.041913277,0.010532514,-0.73610375,0.008346953,0.6767353,0.034621303,-0.087347865,0.046609967
11.1005,0.18046242,0.0074809034,0.042335047,0.010521577,-0.73681741,0.0081356716,0.67596096,0.041605571,-0.087449451,0.036363902
11.1105,0.18089339,0.0065021374,0.042623255,0.0099403013,-0.7378538,0.0073335734,0.67484753,0.047909152,-0.10445327,0.014600364
11.1205,0.18133559,0.0058713755,0.042522937,0.0094128963,-0.73979785,0.0058411947,0.672738,0.044765272,-0.029714593,-0.035996664
11.1305,0.18176173,0.0059245634,0.042355895,0.0093200231,-0.74182098,0.0046809439,0.67051687,0.040818828,0.031449421,0.0025949766
11.1405,0.18217278,0.0064759566,0.042557642,0.0095318452,-0.74311747,0.0039545937,0.66908141,0.039943461,0.073169286,0.027264533
11.1505,0.1825786,0.0074301592,0.0428348,0.0098046993,-0.74407144,0.0036255169,0.66801827,0.037747451,0.11922629,0.0059127518
11.1605,0.18298173,0.0088387643,0.042762107,0.010291433,-0.74527176,0.0039310276,0.66666981,0.035119762,0.14938608,0.0069939332
11.1705,0.18338321,0.010461051,0.042814056,0.010535112,-0.74607074,0.0045291525,0.66576794,0.036741833,0.1818425,-0.01551142
11.1805,0.18378364,0.012293825,0.042798787,0.010782538,-0.74674939,0.0053979746,0.6649962,0.02791901,0.18699156,0.0043692858
11.1905,0.18400375,0.014199153,0.042797007,0.011277162,-0.74693543,0.0061320705,0.66477266,0.011482624,0.18952382,0.0064962652
11.2005,0.18410151,0.016108306,0.0427858,0.01178327,-0.74678136,0.006872912,0.66492971,0.0029816949,0.18821198,0.0029782909
11.2105,0.18414673,0.017985812,0.042744886,0.012282191,-0.74646941,0.0076395687,0.66526251,0.00062519037,0.18739263,-0.0089898332
11.2205,0.18415241,0.019751857,0.042720388,0.012656688,-0.74599633,0.0083958069,0.66577684,-0.0075995774,0.1659253,-0.0055666958
11.2305,0.18407276,0.021310643,0.042628799,0.012868447,-0.74515862,0.0091810195,0.66669989,-0.0083975905,0.15199367,-0.0037983027
11.2405,0.18394958,0.022639634,0.042576985,0.012990219,-0.74382267,0.00980793,0.66817879,-0.01557486,0.11443314,-0.0058028859
11.2505,0.18380109,0.023733982,0.042497252,0.013040979,-0.74229984,0.010347916,0.66986103,-0.013573872,0.1018263,-0.0070682963
11.2605,0.1836473,0.024731977,0.042411403,0.013257795,-0.74008,0.010558021,0.67230526,-0.011387674,0.09879233,-0.006579226
11.2705,0.18346958,0.025630354,0.042326751,0.013395931,-0.73702598,0.01070082,0.67564691,-0.013401904,0.085772863,-0.0088604765
11.2805,0.18328816,0.026475627,0.042170658,0.013121992,-0.73365447,0.011121556,0.67930497,-0.012410211,0.080725231,-0.0082851928
11.2905,0.18309644,0.027190352,0.0419388,0.012478436,-0.72999262,0.011851264,0.68323832,-0.012931645,0.064455818,-0.02608035
11.3005,0.18289566,0.027721754,0.041670784,0.01158028,-0.72603743,0.012708255,0.68744021,-0.011442583,0.046968748,-0.018805457
11.3105,0.18271882,0.028237399,0.041586763,0.012097756,-0.7217908,0.012132847,0.69189918,-0.0077834271,0.05346824,-0.012434871
11.3205,0.18258541,0.028823907,0.041454106,0.012201581,-0.71774267,0.011892458,0.69609996,-0.0035292626,0.061226851,-0.02035427
11.3305,0.18248431,0.029430005,0.041264259,0.011749587,-0.7139425,0.012169206,0.69999997,-0.0024069478,0.060708366,-0.011660458
11.3405,0.18239143,0.030020718,0.041128837,0.011300384,-0.71032804,0.012444655,0.70367003,-0.0022556431,0.058187423,-0.010139609
11.3505,0.18231637,0.030504392,0.04110956,0.010840519,-0.70716621,0.012615458,0.70685167,7.2782394e-05,0.033678998,0.0079799706
11.3605,0.18221601,0.030670357,0.04120108,0.0098368256,-0.70500755,0.01247389,0.70902186,-0.004191688,0.0061585665,0.013004108
11.3705,0.18209162,0.03061865,0.041262383,0.0086716777,-0.7036822,0.011930804,0.71036175,-0.0054468062,-0.011955515,0.006562813
11.3805,0.18195825,0.030446804,0.041351614,0.0074661093,-0.70267141,0.011171609,0.71138762,-0.006251665,-0.020775503,0.014499758
11.3905,0.1818194,0.030208457,0.041513313,0.0061894636,-0.70166248,0.010402205,0.71240666,-0.0060252952,-0.025587513,0.018531566
11.4005,0.18168589,0.02993013,0.041680674,0.0049977836,-0.70075685,0.0095528053,0.71331873,-0.0053070096,-0.028704591,0.01662976
11.4105,0.18155971,0.029571058,0.041950918,0.0036606208,-0.69930037,0.0084928911,0.71476812,-0.00047921043,-0.038213001,0.046126705
11.4205,0.18146719,0.029146888,0.042492715,0.0020759155,-0.69693641,0.0072126549,0.71709365,0.0061537607,-0.04445764,0.064659767
11.4305,0.18142786,0.028697671,0.043222091,0.0007922041,-0.6940816,0.0054718356,0.71987511,0.012805344,-0.043270052,0.082509017
11.4405,0.18145338,0.02822149,0.043961065,-0.0011674744,-0.69145751,0.0038191547,0.7224061,0.020866939,-0.048523237,0.073598887
11.4505,0.18154257,0.027728799,0.044682533,-0.0031895619,-0.68947465,0.0016453397,0.72430092,0.028785357,-0.049333978,0.066308729
11.4605,0.18172772,0.027267027,0.045417358,-0.0052446765,-0.68758818,-0.0006798111,0.72608162,0.037559779,-0.045592052,0.067889262
11.4705,0.18197537,0.026790492,0.046088413,-0.0071864557,-0.68630107,-0.0035614039,0.72727334,0.042891366,-0.049450579,0.059503089
11.4805,0.18227336,0.026295303,0.046664421,-0.0089545756,-0.68577734,-0.0070380049,0.72772229,0.04685273,-0.052099911,0.041167291
11.4905,0.18260284,0.025817554,0.04717714,-0.010570623,-0.68569896,-0.010659592,0.72773042,0.047509328,-0.041759353,0.05335566
11.5005,0.18293613,0.025429744,0.047757829,-0.012908997,-0.68621446,-0.013700527,0.72715567,0.047570136,-0.035812665,0.056417644
11.5105,0.18327424,0.025086347,0.048316661,-0.015634366,-0.68726714,-0.016517715,0.72604863,0.047285337,-0.031625398,0.054347936
11.5205,0.18361369,0.024776126,0.048841843,-0.01836165,-0.68852394,-0.019155101,0.72472803,0.046230037,-0.028538505,0.051264957
11.5305,0.18396261,0.02443174,0.049508339,-0.021043409,-0.68932178,-0.021737406,0.72382328,0.050276697,-0.036561154,0.079454814
11.5405,0.18432362,0.024058216,0.050423339,-0.023577653,-0.68947047,-0.024337448,0.72352074,0.045116768,-0.031334431,0.10040114
11.5505,0.18461708,0.024034797,0.051462907,-0.025092878,-0.690217,-0.026542404,0.72267997,0.033335697,0.022800863,0.10025974
11.5605,0.18491321,0.024596855,0.052355392,-0.025315998,-0.69161038,-0.02769512,0.72129548,0.029162386,0.082185851,0.074674229
11.5705,0.18524117,0.025669441,0.052990162,-0.024517792,-0.69350127,-0.027772492,0.7195023,0.026120349,0.12602626,0.050087196
11.5805,0.18559315,0.027128154,0.053374255,-0.022946954,-0.69569109,-0.026886536,0.71747088,0.023142074,0.16011959,0.025831909
11.5905,0.18598614,0.028962245,0.053376393,-0.02065379,-0.69838514,-0.024976796,0.71498796,0.022592966,0.20026678,-0.021856852
11.6005,0.18643174,0.031147482,0.052944327,-0.01770364,-0.70167055,-0.02205555,0.71194,0.022184984,0.23137875,-0.059716453
11.6105,0.1869213,0.033600633,0.052169915,-0.014247626,-0.70535112,-0.01830312,0.70847851,0.02235856,0.25494348,-0.089458549
11.6205,0.18746453,0.036271583,0.050993526,-0.010401471,-0.70954213,-0.013815363,0.70445079,0.024312458,0.27576659,-0.1371816
11.6305,0.1880643,0.039099693,0.049393983,-0.0062909596,-0.7142755,-0.0087201913,0.69978203,0.026689456,0.28810202,-0.17341913
11.6405,0.18871315,0.042000343,0.047484853,-0.0020551223,-0.71933374,-0.003229419,0.6946541,0.029616254,0.2921262,-0.19941857
11.6505,0.18940997,0.044892648,0.045274711,0.0021535588,-0.72470614,0.0024726738,0.68905026,0.033573383,0.28837247,-0.23266521
11.6605,0.19014575,0.047700818,0.042791029,0.0061950096,-0.73034675,0.008203687,0.68299923,0.036821958,0.27727632,-0.25528248
11.6705,0.19077968,0.049998917,0.040742584,0.0093657067,-0.73503007,0.012673776,0.67785136,0.023377267,0.15601804,-0.11360579
11.6805,0.19106948,0.051008371,0.040255834,0.01051052,-0.73685187,0.01429308,0.67582139,0.015647478,0.073393986,-0.0027387305
11.6905,0.19127991,0.051621849,0.040481588,0.010787672,-0.73775689,0.014923351,0.6748153,0.020299792,0.063035795,0.041352529
11.7005,0.19152244,0.052271207,0.04098332,0.010607961,-0.73806889,0.015460609,0.67446479,0.025416885,0.068299272,0.056532182
11.7105,0.19183478,0.053009988,0.041530998,0.010612342,-0.73843603,0.015687107,0.67405751,0.032005444,0.076515487,0.053968784
11.7205,0.1922057,0.053723441,0.042028197,0.010344701,-0.73893762,0.01610699,0.67350185,0.039733553,0.050177094,0.047802733
11.7305,0.19263891,0.053856814,0.042365975,0.0096817625,-0.74000775,0.016871572,0.672317,0.04068869,-0.013144442,0.016615481
11.7405,0.19307573,0.053393658,0.042284572,0.0090350171,-0.74182066,0.017557801,0.67030754,0.039798003,-0.066453187,0.0044973351
11.7505,0.19348175,0.052519816,0.042463499,0.008508273,-0.74316119,0.018067801,0.66881433,0.030817427,-0.10418096,0.023964541
11.7605,0.1936619,0.051266547,0.04247495,0.0079610111,-0.74425872,0.018057675,0.66759981,0.007204785,-0.13310438,0.014259389
11.7705,0.19364397,0.049795503,0.042524842,0.0075246108,-0.74486425,0.017759489,0.6669372,-0.0069495211,-0.15520014,0.0078431298
11.7805,0.19351584,0.048128884,0.042530241,0.0070713414,-0.74525788,0.017220946,0.66651641,-0.013363647,-0.17787504,-0.0081734397
11.7905,0.1933382,0.046311886,0.042504609,0.0065774556,-0.74551872,0.01649762,0.666248,-0.015512373,-0.18761084,-0.0039807061
11.8005,0.19314338,0.044436017,0.042525993,0.0061604932,-0.74555351,0.01572074,0.66623184,-0.016290646,-0.18635076,0.0095255954
11.8105,0.19291442,0.042541916,0.04249658,0.005717484,-0.7454651,0.014883208,0.66635394,-0.023698282,-0.18944777,-0.015227457
11.8205,0.19266192,0.040726144,0.042468565,0.0054642622,-0.74521061,0.013948247,0.66666088,-0.016926219,-0.18513815,-0.009873581
11.8305,0.1924583,0.038937227,0.04243806,0.0051425144,-0.74470233,0.013098433,0.66724839,-0.015190031,-0.17517846,-0.0023439488
11.8405,0.19225193,0.037243636,0.042387458,0.0050145821,-0.74378335,0.012168343,0.66829118,-0.018354734,-0.15974991,-0.0027648553
11.8505,0.19199443,0.035738905,0.042361176,0.0049963559,-0.74247786,0.011335855,0.66975605,-0.020030509,-0.14652339,-0.0054484857
11.8605,0.19171544,0.034452201,0.042274986,0.0049297121,-0.74043778,0.010606499,0.67202313,-0.021913584,-0.11509479,-0.0094857627
11.8705,0.19144016,0.033380376,0.042184565,0.0049486136,-0.7374966,0.0099431209,0.67525951,-0.018759761,-0.1005333,-0.01408944
11.8805,0.19119906,0.032418149,0.04204159,0.0051820891,-0.73424717,0.0091222181,0.67880116,-0.012538869,-0.094231392,-0.016795454
11.8905,0.19102483,0.031658825,0.041897148,0.005428716,-0.73058482,0.0084234629,0.68274841,-0.0070833953,-0.065716486,-0.015474469
11.9005,0.19086569,0.030948482,0.041761831,0.0057008663,-0.72654916,0.0077924183,0.68704665,-0.0074986694,-0.075024311,-0.013175494
11.9105,0.19072194,0.030200817,0.04159328,0.0060623841,-0.72254108,0.0070931878,0.69126501,-0.0035718198,-0.07002948,-0.021824452
11.9205,0.19062402,0.029619919,0.041410958,0.0063463463,-0.7185446,0.0065039779,0.69542151,-0.001918577,-0.057923385,-0.017200448
11.9305,0.19051047,0.029021748,0.041337605,0.0065991546,-0.71453043,0.006043006,0.69954714,-0.004516511,-0.063796252,-0.017774577
11.9405,0.19038716,0.028395641,0.041206526,0.0067495573,-0.71081036,0.0056663683,0.70332849,-0.0036727085,-0.061527353,-0.013971247
11.9505,0.19028243,0.027991807,0.041218889,0.0069447567,-0.70758192,0.0055145344,0.70657568,-0.0072907324,-0.02083984,0.0090605819
11.9605,0.19016183,0.027922115,0.041320177,0.0071302677,-0.70502618,0.0058032897,0.70912168,-0.0096666171,0.0027656279,0.010232971
11.9705,0.19005023,0.028007803,0.041403388,0.0073088764,-0.70305824,0.0062670185,0.7110671,-0.0090455022,0.013527166,0.0072579249
11.9805,0.18996352,0.028191097,0.041536856,0.0077881272,-0.70124494,0.0069887354,0.71284363,-0.008539874,0.022470135,0.018865884
11.9905,0.18990505,0.028444872,0.041751099,0.0086502398,-0.69935762,0.0079979409,0.71467484,-0.0072348628,0.028331907,0.022103555
12.0005,0.18986827,0.028752214,0.041924042,0.0094232113,-0.69755729,0.0094272202,0.71640502,-0.00548788,0.033067318,0.019225
12.0105,0.189897,0.029105964,0.042348511,0.010997883,-0.69514344,0.010827459,0.71870537,0.0020882317,0.03553141,0.057942534
12.0205,0.19001812,0.029504785,0.043050447,0.013384303,-0.69189868,0.012279332,0.7217661,0.010852098,0.042336296,0.072673121
12.0305,0.19022618,0.029926622,0.043843712,0.015654799,-0.68828908,0.014260394,0.72512738,0.019060412,0.040062657,0.084269058
12.0405,0.19052246,0.030365686,0.044687127,0.018386674,-0.68509155,0.016151996,0.72804574,0.024086632,0.046362469,0.077162182
12.0505,0.19088574,0.030853801,0.045376726,0.020914565,-0.68278623,0.018560498,0.73008291,0.027533172,0.050153526,0.068516726
12.0605,0.19130792,0.031344917,0.046059218,0.023733752,-0.68095355,0.020695107,0.73164929,0.033618756,0.048772849,0.063749846
12.0705,0.19177976,0.031794088,0.046675054,0.02610213,-0.67980167,0.023301247,0.73256086,0.036311029,0.042911164,0.060451723
12.0805,0.19228989,0.032183902,0.047200396,0.028353389,-0.67954387,0.025929105,0.73262808,0.038416842,0.037273487,0.045930872
12.0905,0.19282155,0.032512286,0.047626208,0.030461246,-0.67989274,0.028495941,0.73212427,0.039371671,0.030452129,0.043669545
12.1005,0.193365,0.032774862,0.04799616,0.032517213,-0.68111952,0.030908062,0.7307965,0.039271037,0.024962893,0.033102803
12.1105,0.19390267,0.032989171,0.048259672,0.034538132,-0.68317159,0.033103072,0.72868915,0.036772017,0.020511595,0.021796249
12.1205,0.1944065,0.033162138,0.048424363,0.036534555,-0.68566775,0.035013233,0.72615359,0.032930976,0.016272633,0.01155395
12.1305,0.19490009,0.033355076,0.048656779,0.038568663,-0.68793022,0.036956445,0.72380846,0.035242832,0.023481178,0.032490937
12.1405,0.19541486,0.033592143,0.049068067,0.040657201,-0.68952547,0.039027143,0.72206544,0.038358001,0.025330768,0.048357361
12.1505,0.1959181,0.033709003,0.049577433,0.042275641,-0.69091843,0.041008241,0.72052954,0.033665165,-0.014491366,0.049813766
12.1605,0.19628809,0.03313112,0.049914542,0.042325803,-0.69341492,0.04194989,0.71806997,0.026946908,-0.089485899,0.023991694
12.1705,0.19654295,0.031945091,0.049994295,0.041187921,-0.6966458,0.041736333,0.71501487,0.021096978,-0.14068821,-0.0023217657
12.1805,0.19670138,0.03033564,0.049850932,0.039209385,-0.70020258,0.040516969,0.71171437,0.016804829,-0.17716875,-0.022191733
12.1905,0.19678708,0.028303611,0.049399913,0.036492993,-0.7041376,0.038321036,0.70808897,0.014876172,-0.22516016,-0.062323564
12.2005,0.19682223,0.025880524,0.048622466,0.03313872,-0.70844352,0.035205195,0.7041095,0.014122856,-0.25778495,-0.089945146
12.2105,0.19682444,0.023205615,0.047626677,0.029337219,-0.71287297,0.031366641,0.69997685,0.014128679,-0.277312,-0.10876084
12.2205,0.19683009,0.020387962,0.046380172,0.02529679,-0.71749473,0.027035261,0.69557924,0.017521986,-0.28733492,-0.14079858
12.2305,0.19685333,0.017527233,0.044852597,0.021205682,-0.72237412,0.022415476,0.69081365,0.01824962,-0.28692139,-0.16787738
12.2405,0.19688163,0.014717413,0.043083748,0.017202754,-0.72740283,0.01768811,0.68576695,0.018747734,-0.27783737,-0.18837254
12.2505,0.19695062,0.012130054,0.04131032,0.013666075,-0.73215371,0.013397805,0.68087053,0.021788439,-0.22102283,-0.11605647
12.2605,0.19711932,0.01032388,0.040870892,0.012032345,-0.73426636,0.011598927,0.67865573,0.023408101,-0.1533081,0.0015626499
12.2705,0.19734366,0.0089897679,0.041120208,0.011343915,-0.73496625,0.010970555,0.67792004,0.025811251,-0.11680427,0.037838855
12.2805,0.19761682,0.0078823578,0.041646476,0.011951848,-0.73506849,0.0098750459,0.67781557,0.030549379,-0.10824205,0.052479644
12.2905,0.19794684,0.0068645925,0.04215682,0.012237607,-0.73544446,0.0093067454,0.67741056,0.035623161,-0.09726127,0.043095398
12.3005,0.19833317,0.0058921178,0.042511529,0.012004232,-0.73626176,0.0088443626,0.67653256,0.042409429,-0.10262298,0.024180186
12.3105,0.19874754,0.0048196562,0.042706129,0.010982884,-0.73748059,0.0077034997,0.67523508,0.047782557,-0.10852693,0.0057757062
12.3205,0.19918597,0.0040590713,0.042530796,0.010105745,-0.73957861,0.0060243898,0.67296735,0.045604438,-0.040594645,-0.042510261
12.3305,0.19961139,0.0040406539,0.042354572,0.0098713016,-0.74163792,0.0047796449,0.67071075,0.041208893,0.02665984,0.0026772041
12.3405,0.20002401,0.0045594839,0.042558804,0.010042312,-0.74294965,0.0040222828,0.66925988,0.040243338,0.071168101,0.027835395
12.3505,0.20043478,0.0055012475,0.042867213,0.010357244,-0.74389808,0.0036483576,0.66820286,0.038448762,0.11812353,0.011315192
12.3605,0.20084593,0.0069196579,0.042814414,0.010879082,-0.74511456,0.0039657239,0.66683597,0.035715579,0.15161607,0.0062721778
12.3705,0.20125575,0.0085771446,0.042839294,0.011164165,-0.74598773,0.0046172124,0.66585009,0.037175765,0.18392842,-0.013298409
12.3805,0.20165433,0.010441624,0.042826434,0.011430061,-0.74667785,0.0055047707,0.66506484,0.02755575,0.19661038,-0.010513705
12.3905,0.20186856,0.012391832,0.042809621,0.011951444,-0.74688311,0.0062793596,0.66481829,0.011188755,0.19912862,-0.0053946974
12.4005,0.20196012,0.014343427,0.042818137,0.012436425,-0.74670246,0.007045254,0.66500461,0.0028288576,0.19512826,-0.0001114586
12.4105,0.20200537,0.016275889,0.042788503,0.012917774,-0.74637629,0.0078493537,0.66535251,0.00072059479,0.19189262,-0.0039980316
12.4205,0.20201441,0.018112568,0.042740487,0.013286986,-0.74593138,0.008687462,0.66583358,-0.0078254495,0.17312472,-0.0087043529
12.4305,0.20194787,0.019762036,0.042685238,0.01357695,-0.74505541,0.0094229386,0.66679781,-0.0076223232,0.16179689,-0.0067529915
12.4405,0.20182534,0.021156925,0.042594046,0.013683164,-0.74375478,0.010138903,0.66823559,-0.014633493,0.12358193,-0.004705719
12.4505,0.20169044,0.02235532,0.042506098,0.013826357,-0.74224809,0.01067193,0.66989754,-0.013702779,0.10597187,-0.007002507
12.4605,0.20153675,0.023412669,0.042438795,0.013938944,-0.73998912,0.010930728,0.67238555,-0.010905196,0.10559952,-0.0047984301
12.4705,0.20136519,0.024382873,0.042336294,0.013916356,-0.73694397,0.011203826,0.67571769,-0.013474007,0.089246086,-0.0074736636
12.4805,0.20117528,0.025220974,0.042145729,0.013542512,-0.73363877,0.011835504,0.67930161,-0.013834956,0.080346802,-0.024713409
12.4905,0.20097246,0.025910665,0.041891981,0.012795598,-0.73002511,0.01271699,0.68318218,-0.013860355,0.064262148,-0.02327541
12.5005,0.20077815,0.026582058,0.041697797,0.012450396,-0.72599517,0.013044614,0.68746334,-0.010937558,0.065518092,-0.015340892
12.5105,0.20061235,0.02721258,0.041556448,0.012647203,-0.72184792,0.012783625,0.69181805,-0.0069833376,0.063239332,-0.010787109
12.5205,0.20047845,0.027862849,0.041426944,0.012599902,-0.7177581,0.012697566,0.69606273,-0.0044564288,0.065591664,-0.014545672
12.5305,0.2003687,0.028512607,0.041279148,0.012178743,-0.7138463,0.012943467,0.70007686,-0.0025718252,0.064526622,-0.0050662755
12.5405,0.20027437,0.029128221,0.041160538,0.011704739,-0.71018017,0.01323111,0.70379832,-0.0023826032,0.059505391,-0.0061259699
12.5505,0.20019151,0.029605474,0.041110643,0.011189224,-0.70705335,0.013323415,0.70694615,-0.0027288658,0.029155308,0.0054520864
12.5605,0.2000656,0.029744653,0.041189462,0.010113348,-0.70490754,0.013061306,0.70910682,-0.0066069883,0.0015274506,0.0079231256
12.5705,0.19991964,0.029676386,0.041240061,0.0089781976,-0.70360727,0.012319375,0.71042553,-0.0067985998,-0.012478458,0.0034083742
12.5805,0.19976874,0.02950739,0.041330855,0.0076979829,-0.70260779,0.011481406,0.71144305,-0.0076912936,-0.019774461,0.013645321
12.5905,0.19961407,0.029284891,0.041497497,0.0062922727,-0.7016078,0.01070148,0.71245518,-0.0072228521,-0.023578006,0.019229554
12.6005,0.19946717,0.029015172,0.041654123,0.0051932021,-0.70072468,0.0096312974,0.71334788,-0.0061600851,-0.028751507,0.017171546
12.6105,0.19933442,0.028663983,0.041978977,0.0036198136,-0.69921502,0.0086665625,0.71484973,-0.00020101486,-0.037341178,0.046341994
12.6205,0.19924162,0.028253504,0.042557652,0.0020370627,-0.69683757,0.0072722774,0.71718921,0.0065708315,-0.044776629,0.059876048
12.6305,0.19920867,0.027809293,0.043259754,0.00054572013,-0.69397556,0.005613639,0.71997646,0.014357531,-0.04152367,0.081860522
12.6405,0.19924459,0.027353229,0.04400873,-0.0013715138,-0.69137398,0.0038494367,0.72248552,0.022019304,-0.048343943,0.067878147
12.6505,0.19934778,0.026870182,0.04470281,-0.0033310606,-0.68942991,0.0015328362,0.72434312,0.030485626,-0.049983561,0.059330425
12.6605,0.19954936,0.026411219,0.045404756,-0.0052303332,-0.68760346,-0.0010220318,0.72606685,0.039133985,-0.044012304,0.07072122
12.6705,0.19980587,0.025946866,0.04607845,-0.0071402152,-0.68634699,-0.0039816567,0.72722828,0.043255461,-0.049491381,0.053078429
12.6805,0.20010668,0.025453773,0.04662149,-0.0088952916,-0.68587436,-0.0075316414,0.72762663,0.047335722,-0.05104272,0.044825065
12.6905,0.20043648,0.025003115,0.047167897,-0.010682406,-0.68578349,-0.011007197,0.72764396,0.047664534,-0.038833539,0.056621633
12.7005,0.20077141,0.024634566,0.04775736,-0.013153894,-0.68629355,-0.013948395,0.72707192,0.047720195,-0.034405057,0.056851459
12.7105,0.2011086,0.02429869,0.048312118,-0.015937495,-0.68735341,-0.016741644,0.72595523,0.047166861,-0.031174466,0.053780793
12.7205,0.20144547,0.023990287,0.048828881,-0.018689666,-0.688623,-0.019386487,0.72461936,0.045983478,-0.028481095,0.050344311
12.7305,0.20179081,0.023645659,0.049485326,-0.021382947,-0.68943782,-0.021986814,0.72369527,0.049822043,-0.036724906,0.07840728
12.7405,0.20215652,0.02326334,0.050389761,-0.023946575,-0.68952799,-0.024596073,0.72344505,0.046769108,-0.033093747,0.099887415
12.7505,0.20245512,0.023202959,0.05143074,-0.025520976,-0.69017335,-0.026870975,0.72269452,0.034036531,0.017380561,0.10093363
12.7605,0.20275036,0.023695412,0.05234586,-0.025841674,-0.69149307,-0.028187432,0.72137023,0.030021382,0.074027615,0.077863362
12.7705,0.20307406,0.024676867,0.053013415,-0.025174743,-0.69331664,-0.028479713,0.71962988,0.026545652,0.11623932,0.052744836
12.7805,0.20341851,0.026033392,0.053434316,-0.023759088,-0.69543965,-0.027833116,0.71765208,0.023572155,0.14965804,0.029628071
12.7905,0.20380224,0.027763953,0.053481825,-0.02162782,-0.69805739,-0.026165186,0.71523667,0.0228221,0.19012457,-0.017319797
12.8005,0.20423589,0.029854426,0.053096068,-0.018830536,-0.70126502,-0.023465093,0.71226552,0.022008227,0.22256819,-0.055328768
12.8105,0.20471189,0.032231865,0.052366198,-0.015499544,-0.70487121,-0.019892831,0.70888689,0.021883842,0.24848499,-0.085169415
12.8205,0.20524142,0.034856759,0.051229012,-0.011730867,-0.70899777,-0.015520489,0.70494232,0.023597353,0.27274557,-0.13332795
12.8305,0.20583209,0.03767798,0.049667954,-0.0076315205,-0.71367322,-0.010456529,0.70035916,0.026109762,0.28934772,-0.16957075
12.8405,0.20647918,0.040617353,0.047794618,-0.0033276265,-0.71868198,-0.0048983651,0.6953137,0.029334011,0.29812833,-0.1959504
12.8505,0.20718386,0.043596211,0.04561406,0.001033649,-0.72401669,0.00097833474,0.68978098,0.033797107,0.2991603,-0.22984629
12.8605,0.20793953,0.046535702,0.043153247,0.0053082347,-0.72963063,0.0069877723,0.68378515,0.037785706,0.29231721,-0.2531229
12.8705,0.20864688,0.049112801,0.040897189,0.008960586,-0.7346886,0.012173676,0.67823607,0.027546991,0.18667768,-0.13964902
12.8805,0.20898174,0.050315102,0.040247378,0.01036723,-0.73681133,0.014217191,0.6758694,0.016227205,0.085436852,-0.01175637
12.8905,0.20919401,0.050994786,0.040419567,0.010716536,-0.73781586,0.014997753,0.6747503,0.018740199,0.06604669,0.038574109
12.9005,0.20943183,0.051667558,0.040893368,0.010746069,-0.73822393,0.015417146,0.6742939,0.026146818,0.072476799,0.053857321
12.9105,0.2097465,0.052456812,0.041446579,0.010805343,-0.73861055,0.015626433,0.67386461,0.031509268,0.082098223,0.056692596
12.9205,0.21011865,0.05325387,0.041965084,0.010520498,-0.73906232,0.01608068,0.67336292,0.040174396,0.061020366,0.049144216
12.9305,0.21055756,0.053484586,0.042348005,0.0099306789,-0.74009089,0.016784775,0.67222402,0.041446496,-0.0040363079,0.026543381
12.9405,0.21100374,0.053109355,0.042300599,0.0093022639,-0.74186188,0.017558006,0.67025826,0.040211777,-0.059347584,0.0018686826
12.9505,0.21141412,0.052311666,0.042457954,0.00875191,-0.74322331,0.018221534,0.66873799,0.029908344,-0.093578492,0.028866636
12.9605,0.21159335,0.051143481,0.042462559,0.0082009089,-0.74431527,0.018403472,0.66752441,0.0067790743,-0.12630266,0.012105201
12.9705,0.21157395,0.04973366,0.042499593,0.0077545487,-0.74494089,0.018209447,0.66683683,-0.0074006871,-0.15018862,0.0061374039
12.9805,0.21144065,0.048123682,0.042532828,0.0073365721,-0.74529329,0.017767449,0.6664596,-0.014292885,-0.16587209,0.011508789
12.9905,0.21125381,0.046344234,0.042535428,0.0068838181,-0.74551274,0.017123497,0.66623581,-0.016865889,-0.18186129,0.0054117041
13.0005,0.21104516,0.044456541,0.042515017,0.0064386376,-0.74561459,0.016347164,0.66614577,-0.017751328,-0.19299305,-0.0046532393
13.0105,0.21078864,0.042576428,0.042510848,0.0060712079,-0.74545722,0.015520507,0.6663451,-0.026327113,-0.18528922,-0.0045414094
13.0205,0.21053161,0.040719665,0.042503738,0.005592637,-0.74517698,0.014787609,0.66667932,-0.017401885,-0.18693075,-0.00042644376
13.0305,0.21034869,0.038873032,0.042456604,0.0056032378,-0.74481384,0.013643836,0.66710928,-0.01331438,-0.18356271,-0.013773212
13.0405,0.21014171,0.037100131,0.042395012,0.0056547891,-0.74397393,0.012535078,0.66806712,-0.017117466,-0.17627753,-0.012841777
13.0505,0.20988038,0.035473837,0.042348092,0.0055599461,-0.74274188,0.011667353,0.6694531,-0.023794188,-0.15247072,-0.0020069501
13.0605,0.20956637,0.034162123,0.042282787,0.0055121894,-0.74062049,0.010941842,0.67181186,-0.025060944,-0.11605601,-0.011045082
13.0705,0.20926456,0.033056869,0.042176286,0.005334598,-0.73762541,0.010429562,0.67510852,-0.019693305,-0.10934428,-0.010163347
13.0805,0.20899826,0.03208241,0.042061112,0.0054739562,-0.73428165,0.0097297701,0.67875314,-0.016436582,-0.091482657,-0.010100046
13.0905,0.20877462,0.031168596,0.041921026,0.0057717032,-0.7305999,0.0089764733,0.68272242,-0.012507858,-0.090957219,-0.014179352
13.1005,0.20857583,0.030341718,0.041742759,0.0060556639,-0.7266165,0.0082393832,0.68696718,-0.0087829929,-0.068541723,-0.019845683
13.1105,0.20839709,0.029629174,0.041599029,0.0063061631,-0.72245793,0.0076218484,0.69134411,-0.0085512026,-0.073954445,-0.013644202
13.1205,0.20824742,0.028891475,0.041433868,0.0066957719,-0.71845478,0.0069956622,0.69550626,-0.0065301301,-0.07338361,-0.012991187
13.1305,0.2081232,0.02826499,0.04128546,0.0069643765,-0.71450969,0.0065220136,0.69956048,-0.003539923,-0.059123162,-0.0082802805
13.1405,0.20800264,0.027668821,0.041193654,0.0071469638,-0.71067672,0.0061586897,0.70345546,-0.0054057694,-0.061711096,-0.016117343
13.1505,0.20787186,0.027299452,0.041187602,0.0072836986,-0.70738227,0.0060444234,0.70676781,-0.0090352958,-0.017113477,0.00755082
13.1605,0.20774371,0.027252791,0.041297624,0.0074850141,-0.70476799,0.0063355517,0.70937008,-0.0098765371,0.0043063201,0.01145461
13.1705,0.20763243,0.027349473,0.041395047,0.0076998563,-0.70276984,0.006803313,0.71134309,-0.0089916972,0.014239391,0.008936498
13.1805,0.20754734,0.027539731,0.041546064,0.0082230279,-0.7009308,0.0075275712,0.71314215,-0.0084703402,0.023136724,0.020378985
13.1905,0.20748971,0.027799726,0.041778317,0.0091479385,-0.69903199,0.0085210774,0.71498111,-0.0068559762,0.028056762,0.025435624
13.2005,0.20746063,0.028102945,0.04200396,0.010134949,-0.69720031,0.0097813528,0.71673798,-0.0053708275,0.033005659,0.019250665
13.2105,0.20749566,0.028467853,0.042405313,0.011565894,-0.69480136,0.011378864,0.71901865,0.0034555852,0.037876912,0.056758533
13.2205,0.20762824,0.028876112,0.043087819,0.013864921,-0.69156587,0.01296931,0.72206385,0.011704295,0.041387879,0.074459046
13.2305,0.2078447,0.029287374,0.04391014,0.016350554,-0.68794235,0.014781114,0.72543056,0.019098698,0.04051608,0.082176647
13.2405,0.20814633,0.029727026,0.044734615,0.019056384,-0.68476767,0.016756626,0.72831951,0.02500875,0.046336049,0.074562068
13.2505,0.20851848,0.030211909,0.045427649,0.021684268,-0.68246506,0.019120539,0.73034624,0.028109816,0.049718584,0.06807705
13.2605,0.20893625,0.030708253,0.046101314,0.024501934,-0.68068596,0.021320303,0.73185499,0.032734436,0.049339195,0.062874352
13.2705,0.20940337,0.031170481,0.046696046,0.026919497,-0.67959186,0.023937438,0.73270542,0.035477021,0.044131266,0.058821832
13.2805,0.20990862,0.031570656,0.047206143,0.029198577,-0.6793787,0.026601539,0.73272395,0.037782406,0.038243626,0.045382238
13.2905,0.21043733,0.031907953,0.047625409,0.031328124,-0.67975238,0.029215607,0.73218966,0.038955555,0.031365392,0.043028352
13.3005,0.21097943,0.032177413,0.047989767,0.033400671,-0.68099369,0.031680333,0.73084085,0.038994324,0.025632167,0.032744695
13.3105,0.21151735,0.032396952,0.048249211,0.035435519,-0.68306068,0.033929036,0.72871205,0.036641089,0.02107213,0.021542992
13.3205,0.21202239,0.03257431,0.048410849,0.037444591,-0.68557075,0.03589085,0.72615598,0.032877242,0.016764367,0.011385731
13.3305,0.21251613,0.032770026,0.04864202,0.039511196,-0.68784291,0.037860525,0.72379387,0.035056132,0.023798987,0.032405481
13.3405,0.21302933,0.033009021,0.049053359,0.041653322,-0.68944494,0.039930603,0.72203616,0.03758576,0.024980018,0.047772421
13.3505,0.2135316,0.033142359,0.04956342,0.043401636,-0.69083968,0.041894616,0.72048711,0.033416865,-0.011802793,0.049479724
13.3605,0.21390363,0.032585512,0.049903998,0.043524487,-0.69332492,0.042886653,0.71802988,0.026405493,-0.087761361,0.022464629
13.3705,0.21415682,0.031412748,0.049979857,0.042414938,-0.69655416,0.042729125,0.71497377,0.020668063,-0.139559,-0.0024669874
13.3805,0.21431172,0.029812545,0.049833269,0.040445479,-0.70011216,0.041562555,0.71167386,0.016243326,-0.1763186,-0.022362801
13.3905,0.21439188,0.027788539,0.049377409,0.037732682,-0.70405448,0.039415322,0.70804658,0.013998912,-0.22432496,-0.063131272
13.4005,0.21441995,0.025374255,0.048595503,0.034383564,-0.70837101,0.036347182,0.70406475,0.013119708,-0.25681099,-0.090636049
13.4105,0.21441467,0.022710459,0.047596681,0.030592684,-0.71281234,0.032558268,0.69993044,0.013214115,-0.27606611,-0.1087815
13.4205,0.21441211,0.019907284,0.046346499,0.026569622,-0.71744839,0.02828096,0.69553005,0.01656473,-0.2857467,-0.14074377
13.4305,0.21442899,0.017064751,0.044820683,0.022501136,-0.72233175,0.023722159,0.69077334,0.017383808,-0.28495812,-0.16751109
13.4405,0.21445155,0.014276343,0.04305805,0.018526489,-0.72736264,0.019061308,0.6857383,0.017783498,-0.2755963,-0.18799563
13.4505,0.21451438,0.011711532,0.041290504,0.015018854,-0.73211776,0.014835904,0.68085088,0.020982585,-0.21904507,-0.11539032
13.4605,0.2146757,0.0099247948,0.040853889,0.013391249,-0.73423307,0.013072344,0.67863951,0.022892123,-0.15185787,0.0019052605
13.4705,0.21489376,0.0086071589,0.041100737,0.012674735,-0.73493742,0.012485058,0.67790152,0.024582095,-0.1139399,0.037411782
13.4805,0.21515645,0.0075231897,0.041620063,0.013263275,-0.73503644,0.01141578,0.67780174,0.030404231,-0.10661644,0.050426444
13.4905,0.21548754,0.0065164532,0.042117258,0.01362349,-0.73545968,0.010782487,0.6773457,0.035173261,-0.097111913,0.042468288
13.5005,0.21587182,0.005571139,0.042475634,0.013385773,-0.73626573,0.010501796,0.67647861,0.041736039,-0.09842993,0.026555808
13.5105,0.21628865,0.0045379869,0.042688089,0.012582805,-0.73747015,0.0093937316,0.67519716,0.047298686,-0.10512857,0.0069368609
13.5205,0.21672827,0.0038097958,0.042525481,0.011815666,-0.73955735,0.0077867266,0.67294478,0.045402621,-0.037532435,-0.041446617
13.5305,0.21715671,0.0038142366,0.042356729,0.011620718,-0.74161191,0.0066024089,0.67069601,0.041419534,0.028347367,0.0031811063
13.5405,0.2175739,0.0043459053,0.042563448,0.011790521,-0.74292515,0.0058796848,0.66924483,0.040709217,0.072307925,0.028058369
13.5505,0.21799102,0.0052973844,0.042871463,0.012091872,-0.7438769,0.0055396366,0.6681843,0.039120754,0.11904628,0.011286589
13.5605,0.21841159,0.0067333166,0.042790691,0.012623937,-0.74513264,0.0059082569,0.66677063,0.036347224,0.15379811,0.0021547834
13.5705,0.2188261,0.008363604,0.042888102,0.01282027,-0.74590196,0.0065121858,0.66590052,0.038353188,0.18280636,-0.0093122682
13.5805,0.219219,0.010243305,0.042841294,0.013097724,-0.74661059,0.0074845352,0.66509027,0.024543591,0.18426573,0.018686375
13.5905,0.21942863,0.012191525,0.042823335,0.013575217,-0.74678465,0.0083051343,0.66487549,0.010982094,0.19000197,0.014930392
13.6005,0.21953512,0.014148538,0.042799493,0.014069412,-0.74663753,0.009111419,0.66501987,0.0045917695,0.19983451,-0.013525449
13.6105,0.21959502,0.016067576,0.042774416,0.01452198,-0.74629922,0.0099159323,0.66537828,0.0021905093,0.18869026,0.0007665647
13.6205,0.21962816,0.01790528,0.042727581,0.014953036,-0.74586673,0.010704187,0.66584131,-0.0039690511,0.17548835,-0.010326378
13.6305,0.21957052,0.019507952,0.04267584,0.015226822,-0.74498038,0.011411348,0.66681493,-0.0060830452,0.16065733,-0.012634579
13.6405,0.21946172,0.020873565,0.042595569,0.015382869,-0.74367951,0.012038617,0.66825087,-0.010100231,0.12696032,-0.0097962737
13.6505,0.21934444,0.022012633,0.042501647,0.015411631,-0.74220935,0.012625413,0.6698719,-0.013298687,0.098255101,-0.0070926357
13.6605,0.21917947,0.022951727,0.04240785,0.015289545,-0.73998961,0.01311571,0.67231658,-0.014641141,0.087801349,-0.0067729755
13.6705,0.21899183,0.02380211,0.042271267,0.015173845,-0.73700241,0.013530624,0.67558428,-0.014059426,0.081694281,-0.012315408
13.6805,0.21880749,0.024588248,0.042120366,0.015143669,-0.73365585,0.013820388,0.67921187,-0.011111407,0.078918027,-0.015201404
13.6905,0.21864009,0.025389768,0.041987339,0.015134212,-0.72987637,0.013899957,0.68327025,-0.009095632,0.081130828,-0.014267868
13.7005,0.2184806,0.026195963,0.041789532,0.014735114,-0.72580699,0.014212079,0.68759371,-0.0083219218,0.077531232,-0.012714199
13.7105,0.21831609,0.026875566,0.041538411,0.014007904,-0.72174346,0.014827405,0.69186003,-0.0083561967,0.061007327,-0.021185431
13.7205,0.21818233,0.027375031,0.041387702,0.013976195,-0.71765273,0.014762088,0.69610438,-0.003899155,0.04754221,-0.0083322226
13.7305,0.21808604,0.02790101,0.041241347,0.01392654,-0.71380046,0.014626867,0.70005786,-0.0009608337,0.054569991,-0.01212282
13.7405,0.21801131,0.028443167,0.041138409,0.013646853,-0.71016291,0.01472114,0.70375116,0.00030724295,0.053831833,-0.013718755
13.7505,0.21795516,0.028889658,0.041104844,0.013143215,-0.70709428,0.014871097,0.70684071,0.002523722,0.032923194,0.0077637433
13.7605,0.21788452,0.029059663,0.041190341,0.01210269,-0.70502799,0.014641964,0.70892501,-0.0018694189,0.0053125714,0.012099853
13.7705,0.21777814,0.029004715,0.041250712,0.010853863,-0.70375412,0.014056784,0.71022162,-0.0039177961,-0.014115778,0.00099590574
13.7805,0.21765493,0.028825836,0.041348114,0.0095132121,-0.7027632,0.013304639,0.71123581,-0.0048899079,-0.019712764,0.020122345
13.7905,0.21752652,0.028566363,0.04149812,0.0083206655,-0.70178605,0.012322971,0.71223258,-0.0047599196,-0.028324552,0.017774821
13.8005,0.21740705,0.028264477,0.041664186,0.0068602413,-0.70086247,0.011606764,0.713169,-0.0035631284,-0.035367342,-0.0023533618
13.8105,0.21729382,0.027874677,0.041894473,0.0056046009,-0.69944733,0.010270335,0.71458837,0.00092537275,-0.040651874,0.045941753
13.8205,0.21721207,0.027465947,0.042507998,0.0040682888,-0.69702802,0.0088141284,0.71697817,0.0079413937,-0.044778665,0.063782381
13.8305,0.21718498,0.027022666,0.043232034,0.0023520726,-0.69409212,0.0073463652,0.71984486,0.014518623,-0.044384664,0.077187028
13.8405,0.21721974,0.026549859,0.043965851,0.00059101381,-0.69150468,0.0053966199,0.72235158,0.02180555,-0.049486537,0.068191694
13.8505,0.21731816,0.026061668,0.044676503,-0.0013959588,-0.68953875,0.0030889055,0.72424086,0.030185411,-0.047279982,0.071117405
13.8605,0.21751458,0.025607252,0.045399698,-0.0034549168,-0.68767969,0.00067858343,0.72600568,0.038802787,-0.043902339,0.071748206
13.8705,0.21776736,0.025141714,0.046073485,-0.0054371445,-0.68641407,-0.0022319437,0.72718717,0.043034605,-0.049468687,0.053999691
13.8805,0.2180651,0.024648976,0.046622504,-0.0072432763,-0.68593347,-0.0057500255,0.72760549,0.047136218,-0.05097439,0.045554812
13.8905,0.21839233,0.024192087,0.047163941,-0.0090018818,-0.68585746,-0.0092749829,0.72762111,0.047389994,-0.039690566,0.055685994
13.9005,0.21872395,0.023817019,0.047748131,-0.011452003,-0.68638372,-0.012257251,0.72704608,0.047461394,-0.035088208,0.056338185
13.9105,0.21905851,0.023476111,0.048300248,-0.014229636,-0.68745339,-0.015074497,0.72593258,0.046982282,-0.031706842,0.053530169
13.9205,0.21939332,0.023163689,0.048815923,-0.016983286,-0.68872893,-0.017734033,0.72460302,0.04584838,-0.02891716,0.050246578
13.9305,0.21973668,0.022815159,0.049472324,-0.019680307,-0.68954748,-0.020344802,0.72368712,0.049659833,-0.037208335,0.078420617
13.9405,0.22010023,0.022428718,0.050377134,-0.022247845,-0.68964101,-0.022962415,0.72344525,0.046683167,-0.033456939,0.099947461
13.9505,0.22039951,0.022371886,0.051418176,-0.023820081,-0.69028936,-0.025228203,0.72270101,0.034177149,0.018236717,0.10091055
13.9605,0.22069862,0.022877076,0.052331859,-0.02412526,-0.69161306,-0.026514397,0.72137808,0.030401308,0.075589512,0.077785326
13.9705,0.22102914,0.023876333,0.052997879,-0.023433755,-0.69343979,-0.026764043,0.71963588,0.027119452,0.11820441,0.052581703
13.9805,0.22138242,0.025253318,0.053415627,-0.021988285,-0.69556683,-0.026067369,0.71765158,0.024322223,0.1518161,0.029396162
13.9905,0.22177652,0.027004866,0.053456361,-0.019826439,-0.69819118,-0.024345498,0.71522254,0.023654947,0.19227575,-0.018157275
14.0005,0.22222339,0.029114831,0.053066872,-0.017000024,-0.70140021,-0.021593691,0.71223764,0.023152702,0.22449603,-0.055751842
14.0105,0.2227136,0.031508171,0.052331566,-0.013646123,-0.70500746,-0.017974955,0.70884072,0.023134019,0.24998374,-0.085788749
14.0205,0.22325783,0.034143058,0.051187267,-0.0098654458,-0.70913473,-0.013566115,0.70487345,0.024950564,0.27356583,-0.13409899
14.0305,0.22386313,0.03696619,0.049618184,-0.0057689506,-0.71380973,-0.0084805782,0.70026457,0.027515134,0.28929247,-0.17040102
14.0405,0.22452398,0.039897772,0.047736889,-0.0014853111,-0.71881619,-0.0029199572,0.69519246,0.030728156,0.29705794,-0.19673852
14.0505,0.22524069,0.042858319,0.045549372,0.0028366452,-0.72414607,0.002937482,0.68963454,0.035096832,0.29702897,-0.2305223
14.0605,0.22600569,0.045769373,0.043082795,0.0070530902,-0.72975305,0.0089057402,0.68361644,0.038898682,0.28921351,-0.25368183
14.0705,0.22670777,0.048285352,0.040893047,0.010583757,-0.73468831,0.013894168,0.67817993,0.027777137,0.1805311,-0.13025344
14.0805,0.22703679,0.049448087,0.040297751,0.011891182,-0.73671019,0.015822145,0.6759189,0.016593369,0.083630817,-0.0087173226
14.0905,0.22725167,0.050122042,0.040482603,0.012183013,-0.7376863,0.016589458,0.67482982,0.019517221,0.066752817,0.039021812
14.1005,0.22750222,0.05081322,0.040961787,0.01215684,-0.73807958,0.017042647,0.67438883,0.02748608,0.074350816,0.054055547
14.1105,0.22781597,0.051603614,0.041514548,0.012184918,-0.73843873,0.017272991,0.67398918,0.032461386,0.08312408,0.055373535
14.1205,0.22818944,0.052380814,0.042022052,0.01208141,-0.73896828,0.017562894,0.6734029,0.039802698,0.055906027,0.047338506
14.1305,0.22862585,0.052570251,0.042354525,0.011546592,-0.74008893,0.018245435,0.6721623,0.040882613,-0.0070077673,0.013907364
14.1405,0.22906809,0.05217601,0.042275888,0.010927755,-0.74190013,0.019049331,0.67015066,0.039739827,-0.060013615,0.006957058
14.1505,0.22947287,0.051363065,0.042459374,0.0103312,-0.74321293,0.019748584,0.66868363,0.029794349,-0.098766119,0.020193318
14.1605,0.22964644,0.050174999,0.04247299,0.0096934028,-0.74427754,0.019966057,0.66750157,0.006310351,-0.1267978,0.016284572
14.1705,0.22962241,0.048749949,0.042510859,0.0092044053,-0.74489958,0.019776751,0.6668199,-0.0078801771,-0.14984682,0.010411291
14.1805,0.22948316,0.04711941,0.042517769,0.0087398575,-0.74529392,0.019306552,0.66639916,-0.014824211,-0.17405116,-0.0062868034
14.1905,0.2292904,0.045334208,0.0425169,0.0082773791,-0.74551895,0.018649565,0.66617204,-0.017424744,-0.18255358,0.0041943814
14.2005,0.22907624,0.043459772,0.042524002,0.0078575528,-0.7455781,0.017890323,0.66613174,-0.018381538,-0.19397933,-0.0080682961
14.2105,0.22881287,0.041587963,0.042522063,0.0074959324,-0.74541844,0.017062838,0.66633626,-0.028114015,-0.18123936,0.00082949043
14.2205,0.22853878,0.039749698,0.042502872,0.0070690906,-0.74515924,0.01628748,0.66665017,-0.018661417,-0.18935407,-0.011071414
14.2305,0.22834435,0.037918013,0.042459935,0.0069728472,-0.74483999,0.015209244,0.66703332,-0.016997769,-0.178786,-0.0074407293
14.2405,0.22808448,0.036236714,0.042411085,0.0069443362,-0.74394095,0.014217972,0.668058,-0.024409226,-0.15953178,-0.0051983054
14.2505,0.22776595,0.03474348,0.042353786,0.0068816495,-0.74262302,0.013395574,0.66954033,-0.02843295,-0.1373481,0.0016442466
14.2605,0.22743202,0.033441785,0.042282649,0.0068498736,-0.74049695,0.012646858,0.6719058,-0.024681753,-0.13029831,-0.014053121
14.2705,0.22712271,0.032260424,0.042183848,0.0067917705,-0.73755785,0.011985325,0.67514343,-0.022307215,-0.10599502,-0.0094379772
14.2805,0.22684038,0.031290045,0.042060621,0.0069358742,-0.73424364,0.011248477,0.67875742,-0.017092023,-0.094754629,-0.01519668
14.2905,0.2266131,0.030369272,0.041912592,0.0073276915,-0.73063752,0.010398538,0.68264705,-0.013743544,-0.093030483,-0.020752646
14.3005,0.22640869,0.029572641,0.041743717,0.0076832409,-0.72666572,0.0096064036,0.68688107,-0.0085748538,-0.064368758,-0.015250483
14.3105,0.22623843,0.028947997,0.041600458,0.0076351879,-0.7224586,0.009266497,0.69130993,-0.006359785,-0.057650842,-0.011922326
14.3205,0.22611231,0.028322319,0.04143882,0.0081176162,-0.71847933,0.0085901929,0.69544788,-0.0047382955,-0.066543384,-0.015217994
14.3305,0.22598234,0.027647987,0.041299889,0.0085810559,-0.71461707,0.0079685462,0.69941784,-0.0060151241,-0.067597075,-0.0072020919
14.3405,0.22584718,0.02702234,0.041226513,0.0088079846,-0.71079981,0.0075563008,0.70329862,-0.0056773377,-0.053342048,-0.017997127
14.3505,0.22572731,0.026665159,0.041186355,0.0088380816,-0.70749636,0.0074817808,0.70662211,-0.0075880043,-0.017134904,0.0049434917
14.3605,0.22560722,0.026618776,0.041273059,0.0089351639,-0.70488098,0.0078501791,0.70922588,-0.0088933394,0.0045801157,0.011074922
14.3705,0.22550519,0.02672053,0.041366602,0.0091208545,-0.70287464,0.0083382579,0.71120639,-0.008075852,0.014269409,0.0095185275
14.3805,0.22542665,0.026915182,0.041521457,0.0096462283,-0.70102231,0.0090575234,0.71301657,-0.0075094814,0.022933883,0.021325318
14.3905,0.22537787,0.027177345,0.041760021,0.010584222,-0.69910589,0.010036763,0.71486935,-0.0057955903,0.027852456,0.026358391
14.4005,0.22536053,0.027478122,0.042009689,0.011668446,-0.69725247,0.011196577,0.7166432,-0.0041075502,0.032926431,0.020666681
14.4105,0.225404,0.027852583,0.042382976,0.01300482,-0.69486129,0.012884932,0.71891073,0.0038494738,0.038724752,0.054681657
14.4205,0.22554408,0.028257153,0.043091567,0.015384877,-0.6916065,0.01439094,0.72196721,0.012402925,0.041458728,0.074655391
14.4305,0.2257667,0.028675105,0.043899945,0.017869493,-0.68798007,0.016208576,0.72532846,0.019856325,0.04121523,0.079276373
14.4405,0.2260753,0.029114531,0.044723239,0.020582777,-0.68479962,0.018192136,0.72821348,0.025350076,0.045725033,0.078922844
14.4505,0.2264541,0.029598295,0.045422407,0.023162812,-0.68247655,0.020609576,0.73024961,0.029006672,0.050050693,0.068135687
14.4605,0.22688876,0.030085063,0.046103339,0.025917301,-0.68063883,0.022877243,0.73180305,0.034015624,0.047333744,0.066472653
14.4705,0.22736669,0.030524317,0.046734255,0.028353317,-0.67948349,0.025474221,0.73270003,0.036656774,0.042123967,0.060830648
14.4805,0.22788181,0.030906522,0.047231188,0.030645661,-0.67924897,0.028098161,0.73272926,0.038942604,0.036663628,0.049102627
14.4905,0.22842046,0.03122873,0.047675247,0.032802145,-0.67958671,0.030685933,0.73221875,0.039866584,0.030000131,0.044504892
14.5005,0.22897057,0.031486862,0.048048927,0.034900113,-0.68080989,0.0331164,0.73087836,0.039677248,0.024671207,0.033072729
14.5105,0.229513,0.0316979,0.04831111,0.036957764,-0.68286084,0.03533065,0.72875712,0.037006627,0.020301499,0.021463693
14.5205,0.23002021,0.031868006,0.04847255,0.038988149,-0.68535829,0.037259563,0.72620635,0.033060729,0.016075706,0.011098751
14.5305,0.23051566,0.032056575,0.048701454,0.041071904,-0.68762218,0.039201941,0.72384531,0.035348982,0.023183832,0.0320116
14.5405,0.23103546,0.032292408,0.04910744,0.043121801,-0.68922006,0.041360485,0.72208415,0.038988952,0.025831915,0.048492482
14.5505,0.23153591,0.032380223,0.049612349,0.044738059,-0.69064186,0.043292152,0.7205124,0.032919225,-0.019058859,0.048769642
14.5605,0.23189322,0.031761724,0.04994187,0.044765116,-0.693171,0.044147993,0.71802577,0.025540697,-0.093186028,0.022031086
14.5705,0.23213189,0.030543179,0.050010972,0.043577009,-0.69643036,0.043890917,0.71495411,0.019729535,-0.14357536,-0.0027841558
14.5805,0.23227228,0.028909783,0.049857219,0.041546198,-0.70001239,0.042652243,0.71164412,0.015317853,-0.17920827,-0.02253352
14.5905,0.23233976,0.026862944,0.049397681,0.038787666,-0.70397039,0.040457384,0.70801441,0.012955199,-0.22621182,-0.063436075
14.6005,0.23235549,0.024435321,0.048611167,0.03540889,-0.70830097,0.037363171,0.70403121,0.011917656,-0.25774373,-0.09145096
14.6105,0.23233879,0.021767196,0.047608092,0.031604108,-0.71275432,0.0335685,0.69989686,0.0121962,-0.27613721,-0.10894189
14.6205,0.23232555,0.018968163,0.046352421,0.0275822,-0.71740292,0.029304872,0.69549515,0.015377567,-0.28498483,-0.14150192
14.6305,0.23233323,0.016137349,0.044822665,0.023528102,-0.72229646,0.024777867,0.69073896,0.016387134,-0.28348839,-0.16768018
14.6405,0.23234691,0.013367078,0.0430542,0.019578639,-0.72733957,0.020163686,0.68570202,0.016782928,-0.2735563,-0.18825544
14.6505,0.23240223,0.010823959,0.041282661,0.016100464,-0.73210493,0.015991052,0.6808138,0.020091532,-0.21708091,-0.11588348
14.6605,0.23255826,0.0090525513,0.040843577,0.014490697,-0.73422741,0.014247018,0.67859941,0.022062387,-0.15022769,0.0015865516
14.6705,0.23276979,0.0077496487,0.041090016,0.013795014,-0.73492982,0.013654916,0.67786533,0.02400166,-0.112432,0.037162561
14.6805,0.23302778,0.0066787669,0.041606387,0.014363667,-0.73503514,0.012609832,0.67775956,0.030036966,-0.10534194,0.050129007
14.6905,0.23335617,0.0056838959,0.042100509,0.014707029,-0.73547254,0.01199622,0.67728867,0.034913235,-0.095433386,0.041840994
14.7005,0.23373893,0.0047594879,0.042456967,0.014515461,-0.73628256,0.011730759,0.67641679,0.04152266,-0.095824825,0.027260984
14.7105,0.23415654,0.0037525252,0.042670414,0.013769392,-0.73748389,0.010676433,0.67513993,0.047021291,-0.10264681,0.0069506575
14.7205,0.23459659,0.0030839803,0.042504975,0.013071494,-0.73957245,0.0091552423,0.67288774,0.045080671,-0.031385735,-0.041763269
14.7305,0.23502746,0.0031390427,0.042372423,0.012936563,-0.74157396,0.0080526898,0.67069805,0.041563819,0.032313978,0.0056581526
14.7405,0.23544875,0.0037034669,0.042593955,0.013124164,-0.74287109,0.0073639206,0.66926532,0.041100927,0.075355649,0.028966856
14.7505,0.23587334,0.0046923135,0.042875288,0.013463301,-0.74386634,0.0070724878,0.66815536,0.039510411,0.12389814,0.0042764796
14.7605,0.23630103,0.0061488542,0.04279183,0.01399794,-0.74512402,0.0074636162,0.66673724,0.037197249,0.15381682,0.0066488782
14.7705,0.23672583,0.0078026418,0.042868563,0.014218253,-0.74592377,0.0081070896,0.6658302,0.039066365,0.18740434,-0.017153851
14.7805,0.23713464,0.0096879854,0.042827985,0.014497096,-0.74663289,0.0090677711,0.66501649,0.02779837,0.19719333,-0.010661247
14.7905,0.2373568,0.011632317,0.042826909,0.014975516,-0.74678869,0.0098601614,0.66481965,0.012206488,0.19242118,0.0097030436
14.8005,0.23747294,0.013592478,0.042797003,0.015485695,-0.74665096,0.010667957,0.66495017,0.0055521922,0.20207748,-0.019115332
14.8105,0.23754207,0.015515105,0.042757424,0.015949262,-0.74633,0.01148951,0.66528576,0.003072455,0.18996598,-0.0032375601
14.8205,0.23757614,0.017333692,0.042727236,0.01632512,-0.7458628,0.012284821,0.66578619,-0.0039153805,0.17655601,-0.016692861
14.8305,0.23753156,0.018956752,0.042660616,0.016674544,-0.74499551,0.01298015,0.66673471,-0.0046420524,0.16290923,-0.014888976
14.8405,0.23742636,0.020314205,0.042599334,0.016779176,-0.74365689,0.0136351,0.66821177,-0.013179709,0.11778163,0.0025090313
14.8505,0.23732362,0.021478105,0.042483456,0.016951046,-0.74224069,0.014125905,0.66977002,-0.010970937,0.099947963,-0.0065563389
14.8605,0.23716375,0.022370647,0.042384029,0.016589596,-0.74006001,0.014827652,0.67217267,-0.013824595,0.08641267,-0.023097575
14.8705,0.23697663,0.023163892,0.04220967,0.016134703,-0.73716281,0.015577816,0.67534288,-0.014515869,0.075843379,-0.015059268
14.8805,0.23678701,0.023891689,0.0420201,0.015861815,-0.73390184,0.016104493,0.67887933,-0.013365068,0.069897576,-0.018525765
14.8905,0.23659094,0.024523792,0.041839733,0.015562661,-0.73023167,0.016511134,0.68282274,-0.012664001,0.059815494,-0.016235183
14.9005,0.23640959,0.025104715,0.041715076,0.015889117,-0.72616009,0.01618178,0.68715152,-0.0091350154,0.057952859,-0.011034755
14.9105,0.23626128,0.025725678,0.041655231,0.016328884,-0.72191342,0.015674493,0.69161311,-0.0042724459,0.064035656,-0.026261376
14.9205,0.23615152,0.02637077,0.041469416,0.016060994,-0.7178929,0.015797671,0.69578895,-0.0025908578,0.065100233,-0.01251
14.9305,0.236056,0.027011228,0.041260142,0.015450578,-0.71405036,0.016225333,0.69973574,-0.0022146451,0.063201431,-0.008873363
14.9405,0.23596172,0.027614527,0.041155217,0.014974849,-0.71035652,0.016532113,0.70348849,-0.001999184,0.0586581,-0.010971499
14.9505,0.23587987,0.028094904,0.041123307,0.014499409,-0.70714479,0.016646976,0.70672406,-0.0022823892,0.03030274,0.0067276028
14.9605,0.23575977,0.028241304,0.041208128,0.013501467,-0.70493246,0.016376131,0.70895681,-0.0056644308,-0.00031021991,0.0043518627
14.9705,0.2356267,0.028164456,0.041263191,0.012522393,-0.70358951,0.015531801,0.71032651,-0.0056190636,-0.012874399,0.0066690777
14.9805,0.23548567,0.027991418,0.041374155,0.01109867,-0.70254221,0.014885158,0.71139981,-0.0067974028,-0.024025327,0.0090825699
14.9905,0.23533883,0.027736956,0.041537636,0.0098484029,-0.70153079,0.013993156,0.71243368,-0.0066001041,-0.026145293,0.021611649
15.0005,0.23520183,0.027443043,0.041713965,0.0086296775,-0.70059807,0.013079784,0.71338404,-0.0050537585,-0.032187344,0.013533084
15.0105,0.23507554,0.027072184,0.042002839,0.0072065024,-0.69911719,0.011986864,0.71487029,-2.8406717e-06,-0.03915916,0.047672404
15.0205,0.23498362,0.026648212,0.042562104,0.0055772438,-0.69674241,0.010650711,0.71722066,0.007002397,-0.043297009,0.066671421
15.0305,0.23495142,0.026205013,0.043285384,0.004081084,-0.69386261,0.0090245965,0.72003929,0.01446949,-0.043306444,0.077881693
15.0405,0.23498834,0.025740198,0.04402712,0.0022815628,-0.69127451,0.0071550381,0.72255322,0.0221086,-0.048207484,0.071084995
15.0505,0.2350907,0.025253044,0.044715711,0.00031911791,-0.68934181,0.0048532321,0.72441992,0.030463197,-0.047601774,0.067551174
15.0605,0.23528917,0.024801359,0.045429352,-0.0017218265,-0.68750655,0.002454269,0.72617199,0.038787995,-0.0441076,0.069546532
15.0705,0.23554428,0.024338799,0.046105875,-0.0036809889,-0.68626019,-0.00044742672,0.72734668,0.043362465,-0.048303477,0.059407578
15.0805,0.23584208,0.023851244,0.046662193,-0.0055074127,-0.68579193,-0.0039134432,0.72776629,0.046731687,-0.051206361,0.042404278
15.0905,0.2361679,0.023385563,0.047182724,-0.0072143648,-0.6857485,-0.0074768941,0.72776441,0.047204116,-0.040807014,0.054128682
15.1005,0.23649802,0.023003658,0.047760376,-0.0096133591,-0.68629891,-0.01049085,0.7271804,0.047205706,-0.035701799,0.05586353
15.1105,0.23683084,0.022659292,0.048310943,-0.012366119,-0.68738896,-0.01331237,0.72606217,0.046733967,-0.032043453,0.053420929
15.1205,0.23716392,0.022345028,0.048826493,-0.015107395,-0.6886829,-0.015964736,0.72472944,0.045610844,-0.02913272,0.050237899
15.1305,0.23750523,0.021994668,0.049483023,-0.017796444,-0.68951864,-0.018565601,0.7238112,0.049365929,-0.03750706,0.078431803
15.1405,0.2378618,0.0216092,0.050387405,-0.020345745,-0.68966537,-0.021180138,0.72353239,0.045325183,-0.032992289,0.099517869
15.1505,0.23815419,0.021557511,0.05142029,-0.021902802,-0.69038,-0.023435273,0.72273543,0.033702201,0.018762072,0.099911816
15.1605,0.23845282,0.022069432,0.052320151,-0.022201466,-0.69173976,-0.024693927,0.72138299,0.030246208,0.076402288,0.07566878
15.1705,0.23878617,0.023077801,0.052967842,-0.021504564,-0.69359294,-0.024906137,0.71961522,0.027439002,0.11924782,0.051042256
15.1805,0.23914556,0.0244654,0.053368936,-0.020050822,-0.69573877,-0.024168256,0.71760813,0.024894179,0.15299042,0.027932617
15.1905,0.23954853,0.026227848,0.053395127,-0.017878967,-0.69837673,-0.022404379,0.71515616,0.024490987,0.19344466,-0.019499296
15.2005,0.24000605,0.028347728,0.052988448,-0.015044356,-0.70160049,-0.019610747,0.71214173,0.024200544,0.22553944,-0.057223547
15.2105,0.24050995,0.030748722,0.05224037,-0.011684318,-0.70521596,-0.015955144,0.7087167,0.024473743,0.25076359,-0.086854241
15.2205,0.24107006,0.033387633,0.051087109,-0.0079027196,-0.70934477,-0.011516466,0.70472329,0.026519656,0.27394294,-0.1348414
15.2305,0.24169277,0.03620996,0.049513492,-0.0038131437,-0.71401364,-0.0064105302,0.70009206,0.029312701,0.28915791,-0.1705189
15.2405,0.24237099,0.039135156,0.047630612,0.00045394952,-0.71900791,-0.00084083438,0.69500123,0.032435739,0.29635703,-0.19696254
15.2505,0.24310339,0.042083408,0.045440949,0.0047478837,-0.72432432,0.0050139848,0.68942483,0.03670513,0.29573406,-0.23075097
15.2605,0.24388232,0.044976475,0.042973009,0.0089253052,-0.72991604,0.010967662,0.68339054,0.040388425,0.2873743,-0.25379236
15.2705,0.2445776,0.047418782,0.040854884,0.012340362,-0.73471204,0.015787244,0.67808311,0.027058832,0.16944902,-0.12230462
15.2805,0.24489982,0.048530836,0.040314722,0.013507954,-0.73660754,0.017662133,0.67595481,0.01686382,0.080515481,-0.0055136214
15.2905,0.24511861,0.049192051,0.040516908,0.013753592,-0.73754167,0.018415875,0.67491034,0.020563098,0.067026331,0.040039952
15.3005,0.2453718,0.049869373,0.040996769,0.013931636,-0.73798193,0.01866891,0.6744183,0.02733703,0.07127025,0.052151841
15.3105,0.24570423,0.05064671,0.041522288,0.013845619,-0.73837019,0.018993118,0.67398592,0.035499263,0.082661612,0.053264504
15.3205,0.24609309,0.051401638,0.042018805,0.013664823,-0.73889884,0.019347786,0.67339991,0.039848552,0.051114224,0.047377081
15.3305,0.24652562,0.051546835,0.042350719,0.013140389,-0.7399984,0.020011886,0.67218244,0.04037685,-0.011321144,0.013669443
15.3405,0.24696037,0.051112083,0.042271301,0.012510003,-0.74180174,0.020789444,0.67018019,0.039095948,-0.063511693,0.0071096747
15.3505,0.24735627,0.050267329,0.042457482,0.011924626,-0.74310959,0.02144777,0.66871962,0.028727471,-0.10195619,0.01958753
15.3605,0.24751847,0.049051101,0.042470886,0.011310974,-0.74417657,0.021602669,0.66753773,0.0053021582,-0.12924824,0.016357232
15.3705,0.24748421,0.04759985,0.042498948,0.010807593,-0.74481257,0.021388952,0.66684327,-0.0087967673,-0.15131046,0.011942821
15.3805,0.24733611,0.045960163,0.042528256,0.010344094,-0.7451763,0.020931708,0.66645866,-0.015700619,-0.1756526,-0.0060903158
15.3905,0.2471351,0.044159733,0.042523199,0.0098557706,-0.74541407,0.020270992,0.66622055,-0.018155594,-0.18342511,0.0048236704
15.4005,0.2469133,0.042274266,0.042525815,0.0094149122,-0.74548786,0.019508635,0.66616711,-0.019148048,-0.19439761,-0.007179074
15.4105,0.24665476,0.040376744,0.042511133,0.0090031087,-0.74537867,0.018681987,0.66631867,-0.02715331,-0.18228814,0.0040263335
15.4205,0.24637034,0.038532585,0.042482071,0.0085533143,-0.74512444,0.017892783,0.66663053,-0.019826666,-0.19147288,-0.016753418
15.4305,0.24616727,0.036704864,0.042456336,0.0084693163,-0.74474343,0.016851479,0.66708435,-0.016578705,-0.18059462,-0.0053799453
15.4405,0.24590753,0.035006517,0.042414492,0.0083233388,-0.74380392,0.015962096,0.66815542,-0.024534292,-0.16085075,-0.0043759945
15.4505,0.24558617,0.033500951,0.042358126,0.0082373471,-0.74247676,0.015154307,0.66964972,-0.028793457,-0.14208387,-0.0078521771
15.4605,0.24525744,0.032144384,0.042275217,0.0082294235,-0.74040113,0.014377415,0.67196111,-0.02434909,-0.13124721,-0.0038288338
15.4705,0.24494381,0.030960381,0.042172399,0.0083488166,-0.73749934,0.013552928,0.67516023,-0.022430704,-0.10510647,-0.0082197455
15.4805,0.24467095,0.029954842,0.04206647,0.0082812926,-0.73415951,0.013035669,0.67880137,-0.018327061,-0.094206033,-0.021521548
15.4905,0.24443244,0.029068633,0.041918464,0.0085296324,-0.73051933,0.012280704,0.6827283,-0.013186257,-0.085956123,-0.018302346
15.5005,0.24423053,0.02825644,0.041757237,0.0090406094,-0.72656958,0.011379671,0.68693916,-0.011133685,-0.082873443,-0.01451383
15.5105,0.24403754,0.027446389,0.041594434,0.0093555217,-0.72250516,0.010686101,0.69121963,-0.010145357,-0.074914797,-0.027658217
15.5205,0.24386041,0.026717832,0.041420677,0.009693757,-0.71846237,0.010004073,0.69542632,-0.0088834261,-0.074560698,-0.020324012
15.5305,0.24368775,0.025996946,0.041321481,0.0098950911,-0.71444649,0.0095576707,0.69955483,-0.0092527593,-0.072919499,-0.017805896
15.5405,0.2435208,0.02532572,0.041193276,0.010043125,-0.7106719,0.0091602141,0.70339226,-0.008232502,-0.065800011,-0.012416984
15.5505,0.24339775,0.024854894,0.041221632,0.010233171,-0.70738692,0.0090293105,0.70669477,-0.0073045592,-0.027902389,0.01101837
15.5605,0.2432746,0.024731328,0.04135784,0.010581318,-0.70479724,0.0091997328,0.70927022,-0.0098314222,-0.0019622862,0.013768419
15.5705,0.24316077,0.024789567,0.041464397,0.010896366,-0.70280713,0.0095640401,0.71123269,-0.009441651,0.011615426,0.0075297548
15.5805,0.24307834,0.024955838,0.041600117,0.011420208,-0.70097473,0.010274361,0.71302065,-0.0083502619,0.021904348,0.016903716
15.5905,0.24302129,0.025210265,0.041749184,0.012068071,-0.69912175,0.011532507,0.71480776,-0.0068652934,0.028660928,0.019637502
15.6005,0.24299388,0.025513247,0.041966723,0.013050972,-0.69730728,0.012770755,0.7165397,-0.0048246013,0.03185734,0.024206783
15.6105,0.2430308,0.025878882,0.042379741,0.014640289,-0.69489928,0.014180703,0.71881817,0.0032474974,0.039278274,0.052064109
15.6205,0.24316249,0.0263008,0.043059269,0.016968769,-0.69167277,0.015720122,0.72184051,0.011854233,0.042845559,0.076149543
15.6305,0.24337318,0.026734899,0.043870985,0.019303982,-0.68805322,0.017669292,0.7251882,0.01801367,0.042857613,0.078988311
15.6405,0.24366462,0.027190613,0.044694446,0.022007776,-0.68486404,0.019646218,0.72807344,0.023974043,0.046955249,0.08000512
15.6505,0.24402696,0.027689146,0.045410385,0.024733645,-0.68254941,0.021880457,0.730093,0.027447664,0.051989692,0.062130193
15.6605,0.24443669,0.028192923,0.046058013,0.027315616,-0.68076987,0.024301803,0.73158435,0.031943964,0.048219657,0.061982268
15.6705,0.2448944,0.028639897,0.046660979,0.029743489,-0.67967187,0.026861555,0.7324206,0.034699226,0.042973922,0.059106959
15.6805,0.24539129,0.029030726,0.047166747,0.032041026,-0.67945665,0.029459504,0.73242349,0.037186101,0.037525974,0.046308596
15.6905,0.24591405,0.029361853,0.047592405,0.034183805,-0.67981073,0.032023977,0.73189023,0.038645923,0.030912888,0.043089977
15.7005,0.24645231,0.029625883,0.047958827,0.036246436,-0.68102598,0.034463572,0.73054916,0.038833749,0.025191966,0.032888383
15.7105,0.24698859,0.029840226,0.048219707,0.03825632,-0.68307118,0.036704216,0.72842503,0.036683222,0.020717754,0.021692128
15.7205,0.24749332,0.030013374,0.048382707,0.040231135,-0.68556249,0.038669171,0.72587204,0.032992535,0.016537959,0.011597127
15.7305,0.24798321,0.030200207,0.048616731,0.04233522,-0.68781455,0.040569466,0.72351433,0.034369349,0.022281508,0.03203968
15.7405,0.24849468,0.030431732,0.049028502,0.044445485,-0.68939938,0.042646173,0.72175786,0.038445932,0.02559679,0.048772227
15.7505,0.24899762,0.030546467,0.049542414,0.046050774,-0.69072899,0.044669357,0.72026206,0.033564044,-0.014831074,0.050808882
15.7605,0.2493622,0.02996153,0.049892785,0.046091487,-0.69316759,0.045629548,0.7178525,0.025999013,-0.090253736,0.024524513
15.7705,0.24960569,0.028767422,0.049985818,0.044941346,-0.69637092,0.045429021,0.71483147,0.019932983,-0.14146871,-0.00033681694
15.7805,0.24974801,0.027151466,0.049855529,0.04294917,-0.6999155,0.044222956,0.71156025,0.015248679,-0.1778142,-0.020378491
15.7905,0.24981375,0.025115074,0.049416067,0.040217272,-0.70384915,0.042044411,0.70796272,0.01245127,-0.22556277,-0.062180138
15.8005,0.24982426,0.022689863,0.048647855,0.036846805,-0.70816265,0.038951016,0.70401051,0.011240459,-0.25799903,-0.090051645
15.8105,0.24979901,0.020014946,0.047658519,0.033030354,-0.71260748,0.035139246,0.69990343,0.011330145,-0.27736933,-0.10789362
15.8205,0.24977521,0.017199174,0.046415414,0.028975524,-0.71725082,0.030839556,0.69552901,0.014562423,-0.28723548,-0.1401723
15.8305,0.24976745,0.014342074,0.044886318,0.024870357,-0.72215833,0.026256172,0.69078175,0.015283458,-0.28665507,-0.16734079
15.8405,0.24976573,0.011537347,0.043116692,0.020853686,-0.72721626,0.02156949,0.68575243,0.015652225,-0.27742694,-0.18863541
15.8505,0.24980471,0.0089353509,0.041295987,0.017245955,-0.7320812,0.017241796,0.68078074,0.019294805,-0.22483749,-0.12573041
15.8605,0.24994757,0.0071132371,0.040800962,0.015525208,-0.73430223,0.01537563,0.67847092,0.021280407,-0.15382885,-0.0011287713
15.8705,0.25015139,0.0057795676,0.041041848,0.014815375,-0.7350214,0.014718098,0.67772223,0.023924182,-0.11632932,0.037853926
15.8805,0.25040498,0.0046783537,0.041577103,0.015396507,-0.73510826,0.013631793,0.67763779,0.028677057,-0.10726538,0.053720231
15.8905,0.25071967,0.0036631385,0.042103368,0.015693716,-0.73546091,0.013048707,0.67725969,0.034414117,-0.097538961,0.045875033
15.9005,0.25109472,0.0027124586,0.042492254,0.015499581,-0.73621453,0.012726785,0.67645101,0.040705684,-0.098785024,0.029119705
15.9105,0.2515031,0.0016729127,0.042720954,0.014575191,-0.73737441,0.011718184,0.67522532,0.046737703,-0.10582977,0.0097872793
15.9205,0.25193748,0.00097333546,0.042577314,0.01379117,-0.73943235,0.010161212,0.6730129,0.045108672,-0.034421219,-0.039570101
15.9305,0.25236746,0.00099520127,0.042350195,0.013579205,-0.74158387,0.0089577761,0.6706629,0.041662184,0.029546149,-0.0011861633
15.9405,0.25278855,0.0015358267,0.042533796,0.013752381,-0.74293767,0.0082136434,0.66916891,0.041191428,0.072893334,0.026940307
15.9505,0.25320946,0.0024835771,0.042859184,0.014023149,-0.74386336,0.0078576404,0.66813839,0.039897736,0.11703069,0.018265851
15.9605,0.25363806,0.0039206563,0.042791578,0.014557602,-0.74510087,0.0082259621,0.66674216,0.037042366,0.15617443,-0.0028519854
15.9705,0.25406183,0.0055569654,0.04287978,0.014776372,-0.74588044,0.0088314353,0.66585737,0.039410535,0.18176784,-0.0065500825
15.9805,0.25446605,0.0074337534,0.042841874,0.015062295,-0.74657617,0.0097865903,0.66505742,0.026304292,0.19021986,0.0046339607
15.9905,0.25468981,0.009386024,0.042811898,0.015563325,-0.74676564,0.010610441,0.66482049,0.012904427,0.19944919,-0.0069065272
16.0005,0.25480811,0.011346209,0.042782519,0.016069662,-0.74662428,0.011423804,0.66495372,0.0055871451,0.19397183,0.00041075713
16.0105,0.25487824,0.013258034,0.042773153,0.016507765,-0.74626136,0.01221515,0.66533621,0.0033068641,0.18717249,0.0041888521
16.0205,0.25492335,0.015096307,0.042727017,0.016944889,-0.74582291,0.013009315,0.66580163,-0.0031613258,0.17395252,-0.0061734209
16.0305,0.25488661,0.016730514,0.042678203,0.017335796,-0.74494075,0.013663216,0.66676538,-0.0068495382,0.15540586,-0.0081016457
16.0405,0.25478954,0.018114496,0.042619548,0.017541088,-0.74360932,0.014263841,0.66823201,-0.0098751506,0.12874907,-0.002528842
16.0505,0.25469822,0.01938061,0.042574928,0.017956217,-0.74209249,0.014584164,0.66989822,-0.0083819777,0.11921938,-0.0064286156
16.0605,0.25455593,0.020421186,0.04244287,0.017841157,-0.73993791,0.015211876,0.67226646,-0.013767464,0.094683545,-0.0098931097
16.0705,0.25437066,0.021305015,0.042263161,0.017355096,-0.73699849,0.016021455,0.67548156,-0.013515593,0.086724901,-0.0078615475
16.0805,0.25418621,0.022127624,0.042086804,0.017049239,-0.73368546,0.01658443,0.67907284,-0.012992602,0.07821704,-0.016022294
16.0905,0.25400117,0.022863868,0.041885668,0.016761549,-0.73002478,0.017018974,0.68300309,-0.011753558,0.069477849,-0.019951434
16.1005,0.25382575,0.023564148,0.041739164,0.016794339,-0.72592792,0.01699145,0.68735573,-0.0085824695,0.069567639,-0.010905665
16.1105,0.25368103,0.024267031,0.041605506,0.016860846,-0.72174001,0.016841298,0.69175389,-0.0051377438,0.069507039,-0.012835776
16.1205,0.25355925,0.024964336,0.041409293,0.016513065,-0.71769426,0.017023768,0.69595435,-0.0043740489,0.069568422,-0.012668564
16.1305,0.25344333,0.025633344,0.04128437,0.016080123,-0.71374155,0.017282978,0.70001124,-0.0033321056,0.065155293,-0.011740698
16.1405,0.2533575,0.026179355,0.041168524,0.015689458,-0.71008361,0.01757561,0.7037231,-0.00042041757,0.045359281,-0.0043572985
16.1505,0.25329091,0.026449086,0.041118269,0.015303015,-0.70693981,0.01765249,0.70688777,-0.00061297355,0.010595725,0.0067311542
16.1605,0.25320522,0.026431638,0.041220666,0.014353806,-0.70476431,0.017234072,0.70908689,-0.0010697888,-0.01099924,0.012399456
16.1705,0.25311554,0.026258316,0.041318892,0.013140018,-0.70341007,0.016514343,0.7104709,-0.00081202469,-0.02082364,0.013155794
16.1805,0.25301376,0.025987008,0.041443493,0.011945965,-0.70237049,0.015563961,0.71154111,-0.0027351612,-0.028103215,0.021308144
16.1905,0.25290728,0.025689438,0.041645188,0.010531556,-0.7013002,0.014791541,0.71263478,-0.0024802291,-0.030236696,0.020636041
16.2005,0.25280813,0.025354285,0.041772882,0.0093965138,-0.70040463,0.013752457,0.71355164,-0.0011164395,-0.036548979,0.0070797679
16.2105,0.25271628,0.024971876,0.042076399,0.0079732721,-0.69890214,0.012661993,0.71506076,0.0032466959,-0.038585486,0.047951693
16.2205,0.25265666,0.024558527,0.042647298,0.0064114959,-0.6965034,0.011276835,0.71743622,0.0097241512,-0.043220484,0.062607996
16.2305,0.25265513,0.02414225,0.04336439,0.0049137025,-0.69360444,0.0096784831,0.7202743,0.017174831,-0.041483192,0.074417929
16.2405,0.25272578,0.023709917,0.044094973,0.0032190147,-0.69103659,0.0077475512,0.72277109,0.025587831,-0.044805437,0.06829029
16.2505,0.25286492,0.023267607,0.04478089,0.0012931897,-0.6891126,0.0054573332,0.72463257,0.033131003,-0.044473316,0.062128992
16.2605,0.25309359,0.022860635,0.04549034,-0.00069789214,-0.68731919,0.0030675092,0.7263487,0.041305688,-0.039280157,0.071176109
16.2705,0.25337101,0.022435762,0.046139924,-0.0026514728,-0.68612207,0.00020746017,0.72748157,0.04501148,-0.045489425,0.052982632
16.2805,0.25368393,0.021976566,0.046681414,-0.0044673144,-0.68569458,-0.0032219572,0.72786853,0.04774537,-0.048163368,0.045634217
16.2905,0.25401641,0.02154432,0.047227405,-0.0062755954,-0.68566468,-0.0066288782,0.72786031,0.047383103,-0.038045065,0.056115037
16.3005,0.2543488,0.021180406,0.047806737,-0.0087236231,-0.68623818,-0.0095551247,0.72726182,0.047161735,-0.034548576,0.055590896
16.3105,0.25468103,0.020842534,0.048349419,-0.011478063,-0.68735213,-0.012345819,0.72612869,0.046472372,-0.031756334,0.052453988
16.3205,0.25501194,0.020529562,0.048854296,-0.014204033,-0.68867038,-0.014990802,0.7247804,0.04525895,-0.02918596,0.049080139
16.3305,0.25535061,0.020178698,0.049499428,-0.016873812,-0.68953179,-0.017593365,0.72384506,0.049009333,-0.037662993,0.077230347
16.3405,0.25570603,0.019788676,0.050389108,-0.019436137,-0.6896709,-0.020185776,0.72358055,0.045668071,-0.033679884,0.098249623
16.3505,0.25600048,0.019731651,0.051413683,-0.021011926,-0.69035839,-0.022417256,0.72281482,0.033987081,0.018314304,0.099845783
16.3605,0.25630186,0.020239398,0.052314699,-0.021300804,-0.6917135,-0.023679599,0.72146932,0.03058752,0.075955783,0.0760675
16.3705,0.25663885,0.021243453,0.052966641,-0.020587307,-0.69356912,-0.023904135,0.71969898,0.027858647,0.11879396,0.051574992
16.3805,0.2570025,0.022626615,0.053372298,-0.019118663,-0.69571827,-0.023179481,0.71768606,0.025384093,0.15255565,0.028437728
16.3905,0.25741088,0.024384621,0.053403495,-0.016936518,-0.69835665,-0.02142656,0.71522867,0.025057497,0.19302917,-0.019146348
16.4005,0.25787421,0.026500172,0.052999828,-0.014096926,-0.70157981,-0.018640033,0.71220755,0.024794022,0.22516947,-0.057070835
16.4105,0.25838422,0.028897152,0.05225277,-0.010736034,-0.70519418,-0.014988168,0.70877448,0.025101682,0.25044594,-0.086864632
16.4205,0.25895082,0.031532418,0.051099029,-0.0069566437,-0.70932146,-0.010550069,0.70477186,0.027191182,0.27367887,-0.13496565
16.4305,0.25958006,0.034351553,0.049522347,-0.0028716591,-0.7139901,-0.0054414569,0.70012876,0.029916071,0.28895957,-0.17110962
16.4405,0.26026522,0.037274094,0.047634955,0.0013896069,-0.71898507,0.00013343229,0.69502412,0.033180721,0.29621501,-0.1973118
16.4505,0.26100589,0.040220172,0.045444008,0.0056778573,-0.72429795,0.0059950017,0.68943767,0.037623308,0.29564095,-0.2305519
16.4605,0.26179378,0.043111524,0.042977613,0.0098500857,-0.72988204,0.011957034,0.68339755,0.041256709,0.28733151,-0.25368012
16.4705,0.26249674,0.045553086,0.040860188,0.013260835,-0.73467431,0.016784712,0.67808266,0.027671001,0.17099932,-0.12177577
16.4805,0.2628184,0.04664578,0.040313168,0.014497203,-0.73658327,0.01859997,0.67593562,0.016809875,0.078926479,-0.0063260109
16.4905,0.26303536,0.047285057,0.040508273,0.014764967,-0.73752593,0.019331613,0.67488058,0.020378338,0.064694633,0.039375099
16.5005,0.26329654,0.047965933,0.040988809,0.014724919,-0.7379418,0.019779145,0.67441371,0.027105977,0.070832962,0.053866894
16.5105,0.26362381,0.048737155,0.041524624,0.014703352,-0.73832009,0.020044764,0.67399218,0.033466041,0.080477696,0.053726662
16.5205,0.26401408,0.049512247,0.042016224,0.014401231,-0.73883221,0.020507337,0.67342336,0.041370611,0.059048782,0.047730414
16.5305,0.26446172,0.049728742,0.042357252,0.013742336,-0.73990527,0.021292802,0.67223356,0.041889909,-0.0042899891,0.017067137
16.5405,0.26491137,0.049360679,0.042303545,0.013122248,-0.74168319,0.022103945,0.67025761,0.040318712,-0.057757077,0.0080770123
16.5505,0.26531437,0.04856425,0.042465566,0.012571451,-0.74303589,0.02275283,0.66874654,0.028358071,-0.099648149,0.0060767775
16.5605,0.26547185,0.047414302,0.042505212,0.012064645,-0.74405215,0.022917707,0.66761937,0.0048543313,-0.12527239,0.0135781
16.5705,0.26543595,0.046001485,0.042518013,0.011613537,-0.74471192,0.022687481,0.66689921,-0.0088590315,-0.15457698,-0.0062690733
16.5805,0.26528574,0.044385292,0.042530749,0.011187088,-0.74510287,0.022209296,0.66648579,-0.016050803,-0.17038726,0.00083524483
16.5905,0.26507963,0.042602926,0.042533905,0.010740906,-0.74533303,0.021544992,0.66625755,-0.018877649,-0.18410004,0.001727371
16.6005,0.26485011,0.040713571,0.042531746,0.010315414,-0.74541837,0.020762925,0.66619362,-0.019886642,-0.18859883,0.0084227204
16.6105,0.26456252,0.03881842,0.042506365,0.0098824877,-0.74528332,0.019941563,0.66637636,-0.030341502,-0.18260853,0.00068959835
16.6205,0.26426929,0.036959286,0.042496466,0.0094743125,-0.74502484,0.019137356,0.66669482,-0.020346934,-0.18850907,-0.0021086531
16.6305,0.26405736,0.035104684,0.042471014,0.0094018141,-0.74467132,0.018060012,0.66712073,-0.017764555,-0.18116082,-0.00063047059
16.6405,0.2637865,0.033367846,0.042418616,0.0094411343,-0.74378458,0.016973135,0.66813717,-0.025552779,-0.16555422,-0.006644077
16.6505,0.26347105,0.031798121,0.042366756,0.0093731617,-0.74250245,0.016110795,0.66958397,-0.025470525,-0.15295246,-0.0060559934
16.6605,0.26314631,0.030411811,0.042278539,0.0093676216,-0.74047354,0.015245671,0.67184727,-0.025991754,-0.12712453,-0.015726458
16.6705,0.26282376,0.029257339,0.042182242,0.0092605285,-0.73749949,0.01461454,0.67512603,-0.022258882,-0.10999837,-0.006555278
16.6805,0.26253496,0.028239102,0.042054981,0.009328062,-0.73417346,0.013897859,0.67875561,-0.018490093,-0.098500112,-0.019177512
16.6905,0.26228473,0.027305277,0.041911972,0.0095789399,-0.73046641,0.013143832,0.68275494,-0.015291086,-0.093154611,-0.014524395
16.7005,0.26206289,0.026406998,0.041761274,0.0099780846,-0.72646158,0.012329262,0.68702401,-0.013046873,-0.088446021,-0.012516216
16.7105,0.2618698,0.025611278,0.041593715,0.010316741,-0.72237806,0.011599419,0.69132406,-0.00740398,-0.065312495,-0.016983448
16.7205,0.26172442,0.024991508,0.041433985,0.01052237,-0.71825061,0.011126759,0.69561594,-0.0063843304,-0.06635854,-0.016252057
16.7305,0.26158317,0.024318727,0.041309609,0.010849802,-0.71428778,0.010658287,0.69968683,-0.0065103367,-0.068739804,-0.012777957
16.7405,0.26144645,0.023650373,0.041214514,0.01115482,-0.71051938,0.010175273,0.70351563,-0.0060570941,-0.066279969,-0.011036574
16.7505,0.26132798,0.023217775,0.04125145,0.01147075,-0.70723233,0.010025778,0.70681705,-0.0080237805,-0.02275812,0.010615642
16.7605,0.2612023,0.023129994,0.04137827,0.011819695,-0.70464147,0.010263797,0.70939083,-0.010285279,0.00076245594,0.012448495
16.7705,0.26108677,0.023205243,0.041474051,0.012100544,-0.70265436,0.010700734,0.71134796,-0.0095830634,0.012881011,0.007202114
16.7805,0.26100008,0.023381825,0.041605572,0.012617398,-0.70083709,0.011437048,0.71311807,-0.0085402339,0.021840908,0.018538604
16.7905,0.26093849,0.023640284,0.041776539,0.013342897,-0.69897799,0.012621972,0.71490728,-0.0078048414,0.029236733,0.020240902
16.8005,0.26090466,0.023941146,0.04198857,0.014300591,-0.69716069,0.013890488,0.71663765,-0.0060129806,0.032517938,0.02030545
16.8105,0.26093065,0.024303044,0.042384058,0.015755017,-0.69477327,0.015435998,0.71889055,0.0019078059,0.036808437,0.05667822
16.8205,0.26105041,0.024706249,0.043072611,0.018059559,-0.69154497,0.016991351,0.72190768,0.010547585,0.042633946,0.07281884
16.8305,0.2612601,0.025131488,0.043893701,0.020572096,-0.68792768,0.018735151,0.72524567,0.018242239,0.042361353,0.082360056
16.8405,0.26155693,0.025588016,0.044699436,0.023187952,-0.68477023,0.020759989,0.72809414,0.02444791,0.047715918,0.077455357
16.8505,0.26192976,0.026086073,0.045409209,0.025878105,-0.68246737,0.023012663,0.73009522,0.028288594,0.050867502,0.070518193
16.8605,0.26235119,0.026587111,0.046066679,0.028496926,-0.68068537,0.025384588,0.73158115,0.033051934,0.047580191,0.069360601
16.8705,0.26281738,0.027027732,0.046659739,0.03091141,-0.67959512,0.027934309,0.73240333,0.035520964,0.042311474,0.058479105
16.8805,0.26332185,0.027411252,0.047171814,0.033206501,-0.67937618,0.030530981,0.73240235,0.037818579,0.036829613,0.044730345
16.8905,0.26385031,0.027735137,0.047586914,0.035343482,-0.67973907,0.033090677,0.73185424,0.039138191,0.030285913,0.042396644
16.9005,0.2643929,0.027993012,0.047949128,0.037412005,-0.68096047,0.035517279,0.73050099,0.03919264,0.024624269,0.032561915
16.9105,0.26493158,0.028201713,0.048209088,0.039437354,-0.68300871,0.037736981,0.72836785,0.036841237,0.020170482,0.021538908
16.9205,0.26543727,0.028369387,0.04837214,0.041432229,-0.68550202,0.039677889,0.72580715,0.03304042,0.015993322,0.011448294
16.9305,0.26593323,0.028556815,0.048604156,0.043465319,-0.68775944,0.041649931,0.72343832,0.035425728,0.023090493,0.032481997
16.9405,0.26644949,0.0287864,0.049015979,0.045584466,-0.68934761,0.043714468,0.72167235,0.037984692,0.023879162,0.047757715
16.9505,0.26696273,0.028944463,0.049536667,0.047415984,-0.69066496,0.045700019,0.72017022,0.034531494,-0.0057843161,0.051328372
16.9605,0.26734209,0.028439327,0.049888657,0.047625882,-0.69308881,0.046804476,0.71775275,0.026580704,-0.08302707,0.025756396
16.9705,0.26759407,0.02730819,0.049983878,0.046563981,-0.69628063,0.046754722,0.71473007,0.019786872,-0.13574762,-0.00073242139
16.9805,0.26773985,0.025740773,0.049852754,0.044620118,-0.6998226,0.045681093,0.71145668,0.014770912,-0.17348134,-0.020847107
16.9905,0.26780399,0.023739715,0.049413601,0.04191232,-0.70375753,0.04360748,0.70786092,0.01193157,-0.22260454,-0.061334284
17.0005,0.26780803,0.021337026,0.048641721,0.038546905,-0.70808158,0.040587022,0.70390859,0.010556497,-0.25643226,-0.089148842
17.0105,0.26777339,0.018671182,0.047651911,0.034717017,-0.71253683,0.036815991,0.69980752,0.010280855,-0.27715718,-0.10772829
17.0205,0.26773776,0.015851127,0.046409809,0.030629299,-0.71719113,0.032525257,0.69544291,0.013264577,-0.2883503,-0.140491
17.0305,0.26771678,0.012977139,0.044883419,0.026472417,-0.72210983,0.027921473,0.6907076,0.013985001,-0.28896629,-0.16763867
17.0405,0.26770126,0.010144881,0.043117369,0.022387725,-0.72717753,0.023188915,0.68569228,0.014617167,-0.2807097,-0.18827712
17.0505,0.26772636,0.0075083698,0.041298275,0.018705372,-0.73205101,0.018800583,0.6807334,0.018420557,-0.22819026,-0.12559513
17.0605,0.26786204,0.0056541463,0.040808333,0.016957073,-0.73427075,0.016897692,0.67843451,0.020870885,-0.15685435,-0.00056257588
17.0705,0.26806036,0.0042932743,0.041053187,0.016222196,-0.73498521,0.016238695,0.67769454,0.023578878,-0.11896664,0.03851412
17.0805,0.2683093,0.003168125,0.041593844,0.016800397,-0.73506153,0.01514405,0.67762302,0.028157683,-0.10898992,0.054675982
17.0905,0.26861955,0.0021301278,0.042121349,0.017094061,-0.73540771,0.014556213,0.67725284,0.033677048,-0.10020353,0.045376099
17.1005,0.26898793,0.0011474597,0.042497513,0.0168568,-0.73618243,0.014196294,0.67642423,0.04054201,-0.10306799,0.027090582
17.1105,0.26938776,6.5890659e-05,0.042717929,0.015921571,-0.73737321,0.013059911,0.6751716,0.046087486,-0.10997012,0.0080526247
17.1205,0.26981507,-0.00071102084,0.042562093,0.015000045,-0.7394529,0.011434883,0.67294401,0.04510111,-0.042339721,-0.040469569
17.1305,0.27023977,-0.00074750176,0.042361312,0.014716104,-0.74156168,0.010185249,0.67064593,0.041578951,0.025227831,0.00065193875
17.1405,0.27065951,-0.00024100517,0.04255219,0.014868114,-0.74290121,0.009425149,0.66916956,0.041252733,0.069957324,0.026927314
17.1505,0.27108198,0.00068439153,0.042865671,0.015148286,-0.74384538,0.0090431894,0.66811885,0.040090433,0.11581525,0.014325591
17.1605,0.27151252,0.0021001467,0.042787209,0.015670421,-0.74509672,0.0093784533,0.66670635,0.037444476,0.15314215,-0.00055052762
17.1705,0.27193812,0.0037142526,0.042889535,0.01586258,-0.74585564,0.0099520296,0.66584436,0.039823778,0.179898,-0.0054642554
17.1805,0.27234578,0.0055894636,0.042828612,0.016148618,-0.74657972,0.010926767,0.66501019,0.025909401,0.18430574,0.016710782
17.1905,0.27256875,0.0075313208,0.04281154,0.016615957,-0.74674823,0.011744086,0.6647955,0.012467316,0.19055945,0.013040395
17.2005,0.27268873,0.0094835112,0.042797236,0.017119377,-0.74658551,0.012526427,0.6649512,0.0061182798,0.19734412,-0.0074864432
17.2105,0.27276546,0.011405273,0.042771782,0.017603094,-0.74624777,0.013312297,0.66530232,0.0040353686,0.19043204,-0.0027467566
17.2205,0.27281543,0.013248256,0.042729957,0.018050337,-0.74580232,0.014097532,0.66577349,-0.0030640296,0.17342308,-0.0040241363
17.2305,0.27278254,0.014890921,0.042688375,0.018391874,-0.74491207,0.014781877,0.66674526,-0.0070643527,0.15491212,-0.007856027
17.2405,0.27269017,0.016293586,0.042617197,0.018619507,-0.74359807,0.015397859,0.66819019,-0.0099425797,0.13195901,-0.0072148058
17.2505,0.27258746,0.017530161,0.04257155,0.018917608,-0.74205043,0.015804991,0.66989065,-0.0083993808,0.11846208,0.0053019821
17.2605,0.27246517,0.018634003,0.042465995,0.018977036,-0.73988405,0.016255154,0.67227021,-0.012240022,0.10117245,-0.022312317
17.2705,0.27228886,0.019545102,0.042279957,0.018510297,-0.73694775,0.017058791,0.67548085,-0.013549368,0.087623694,-0.023836853
17.2805,0.27210261,0.020350526,0.042068475,0.017963113,-0.73367688,0.017876291,0.67902577,-0.012758403,0.078323,-0.012113192
17.2905,0.27191893,0.021090258,0.041870825,0.017594186,-0.73000308,0.0183494,0.6829709,-0.012117531,0.066191589,-0.019183052
17.3005,0.27174622,0.021773629,0.041697813,0.017552689,-0.72596348,0.018370683,0.68726374,-0.0077532807,0.069551461,-0.02087953
17.3105,0.2715987,0.022463387,0.041621066,0.01799812,-0.72170906,0.017866006,0.69173181,-0.0055012113,0.067421811,-0.0050998422
17.3205,0.27147979,0.023146294,0.041432416,0.017822546,-0.71766907,0.017867487,0.69592687,-0.0039056003,0.067771597,-0.012440727
17.3305,0.27137227,0.023813311,0.041214166,0.017386539,-0.71383434,0.018096299,0.69986482,-0.0029562179,0.065222847,-0.013786979
17.3405,0.27126935,0.024431796,0.04114083,0.016989178,-0.71007827,0.018329683,0.70367907,-0.0029230282,0.059495291,-0.00029574828
17.3505,0.27118155,0.024911508,0.041088107,0.016488344,-0.7069316,0.018501913,0.7068476,-0.0039755904,0.029350087,0.0046433416
17.3605,0.27104952,0.025053355,0.041157705,0.015458837,-0.70479301,0.018296245,0.70900853,-0.0069314227,0.00039781419,0.0057848799
17.3705,0.2709031,0.024984005,0.041219492,0.014287412,-0.70349688,0.017623794,0.71033613,-0.0069946901,-0.011815682,0.0084867004
17.3805,0.27074826,0.024798553,0.041321039,0.013004864,-0.70250767,0.016782825,0.7113594,-0.0080403782,-0.020848548,0.018558397
17.3905,0.27058625,0.024550871,0.041486346,0.011706816,-0.70153164,0.015861515,0.71236558,-0.0078925237,-0.026486978,0.020337679
17.4005,0.27043236,0.024264145,0.041673682,0.010405154,-0.70061853,0.014947949,0.71330356,-0.0066760239,-0.029543985,0.020503433
17.4105,0.27028596,0.023892241,0.041952975,0.0089750336,-0.69917386,0.013775724,0.71476261,-0.0018149128,-0.040405086,0.041524193
17.4205,0.2701792,0.023478139,0.042553953,0.0073361383,-0.6967876,0.012380832,0.71713313,0.0056042506,-0.043466585,0.066403503
17.4305,0.27012944,0.023023973,0.04325474,0.0058550184,-0.6939546,0.010651695,0.71991616,0.012705021,-0.044196685,0.079527982
17.4405,0.27015191,0.022552302,0.044006923,0.0039597011,-0.69135776,0.0087941306,0.72244822,0.020903163,-0.050330266,0.067557674
17.4505,0.27024212,0.022052679,0.0446965,0.0019227894,-0.68942104,0.0064831453,0.72432927,0.029639017,-0.050250459,0.062820229
17.4605,0.27043216,0.021588653,0.04542182,-0.00012185313,-0.68757527,0.0040185284,0.72610198,0.038284599,-0.044839419,0.072780453
17.4705,0.27067881,0.021113161,0.046093086,-0.0020937388,-0.6863284,0.0010605836,0.72728799,0.042658909,-0.050424625,0.05488134
17.4805,0.2709719,0.020612383,0.046647727,-0.0038762995,-0.68586728,-0.0025095299,0.727712,0.04670207,-0.052010197,0.045551291
17.4905,0.27129574,0.020140803,0.047189935,-0.0055473204,-0.68581603,-0.0061510588,0.72772781,0.047161133,-0.04133786,0.055291129
17.5005,0.27162322,0.019755298,0.047775619,-0.0079688217,-0.68635828,-0.0091858252,0.7271619,0.047063879,-0.035974611,0.056308374
17.5105,0.27195336,0.019409566,0.048326968,-0.010764237,-0.68744519,-0.012005081,0.72605724,0.046611732,-0.032115762,0.053437254
17.5205,0.27228412,0.01909497,0.048840446,-0.013550416,-0.68873887,-0.014648789,0.72473483,0.045506633,-0.029153479,0.050110276
17.5305,0.27262315,0.018743982,0.049494377,-0.01627885,-0.68957564,-0.017241876,0.72382536,0.049346973,-0.037508459,0.078288942
17.5405,0.27297558,0.018358222,0.050393662,-0.018881642,-0.68972236,-0.019829304,0.72355604,0.044778224,-0.032929174,0.098978056
17.5505,0.27326489,0.018303717,0.051424327,-0.020487109,-0.69043511,-0.022067889,0.72276735,0.033679072,0.018234547,0.09999166
17.5605,0.27356218,0.018808134,0.052319602,-0.020818082,-0.69179763,-0.023336446,0.72141393,0.030331828,0.075507657,0.075231883
17.5705,0.27389725,0.019805943,0.052968507,-0.020146232,-0.69364669,-0.02357182,0.71964767,0.027854823,0.1181176,0.051227264
17.5805,0.27425937,0.021181321,0.05336936,-0.018716745,-0.69578812,-0.022860448,0.71763916,0.025289536,0.15178295,0.027616231
17.5905,0.27466631,0.022931131,0.053395785,-0.016569634,-0.69841947,-0.021122429,0.71518497,0.025219857,0.19224685,-0.019073483
17.6005,0.27513021,0.025038793,0.052993451,-0.013758408,-0.70162963,-0.018351922,0.71217258,0.025020589,0.22445924,-0.056844506
17.6105,0.27564141,0.027429188,0.052249234,-0.010419949,-0.70523012,-0.014713706,0.70874919,0.025357419,0.24991119,-0.086506795
17.6205,0.27620981,0.03006017,0.051099531,-0.006656458,-0.70934299,-0.010284316,0.70475701,0.027478959,0.27341915,-0.13450706
17.6305,0.27684159,0.032878201,0.049527741,-0.0025800509,-0.71399701,-0.0051772782,0.70012485,0.030237217,0.28905279,-0.17058092
17.6405,0.27753012,0.035803436,0.047645753,0.001680715,-0.71897747,0.00040459159,0.69503123,0.033544019,0.29670981,-0.19674632
17.6505,0.27827481,0.038756289,0.045459063,0.0059765074,-0.72427771,0.0062828432,0.68945385,0.0379262,0.29655189,-0.23039043
17.6605,0.27906736,0.041658337,0.042994823,0.01016352,-0.72985236,0.012271202,0.6834191,0.041670099,0.28861596,-0.25339716
17.6705,0.27977585,0.044110995,0.040881454,0.013591267,-0.73463383,0.017125711,0.67811143,0.027897478,0.17020592,-0.12216671
17.6805,0.28010332,0.04522422,0.040338512,0.014772949,-0.73653563,0.01900581,0.67597027,0.017289429,0.080883089,-0.0056615658
17.6905,0.28032756,0.045895022,0.040538422,0.015001364,-0.7374621,0.019786153,0.67493194,0.021224232,0.068546672,0.039960247
17.7005,0.2805877,0.046590292,0.041022657,0.015215676,-0.73789779,0.020014688,0.67444403,0.027917419,0.07258333,0.052208042
17.7105,0.28092576,0.047376507,0.041546894,0.015171734,-0.73829338,0.020304537,0.67400329,0.035813823,0.083308398,0.053437608
17.7205,0.28133153,0.048157764,0.042019591,0.014794554,-0.73883721,0.020837114,0.67339922,0.04179576,0.056513864,0.046094607
17.7305,0.28178041,0.048348977,0.04235507,0.014224604,-0.73995318,0.021541736,0.67216286,0.041686791,-0.007104173,0.016283666
17.7405,0.28222606,0.047953144,0.042297386,0.013609633,-0.74174279,0.022334175,0.67017431,0.039848112,-0.060335482,0.0081134196
17.7505,0.28262317,0.047132304,0.042462636,0.013042025,-0.74308581,0.022988143,0.66867401,0.027794235,-0.1020247,0.0066284003
17.7605,0.2827746,0.045959468,0.042507407,0.012510381,-0.74408586,0.023164939,0.66756506,0.0043296462,-0.12739314,0.014232832
17.7705,0.28273296,0.044528894,0.042526112,0.012042253,-0.74472576,0.022953665,0.66686704,-0.0097896155,-0.1500666,0.010338803
17.7805,0.28257608,0.042891386,0.042519801,0.011574278,-0.74513915,0.02247246,0.6664298,-0.016576814,-0.17371084,-0.0047337663
17.7905,0.28236619,0.041108594,0.042532638,0.011123986,-0.74534865,0.02182838,0.66622456,-0.019190151,-0.18293478,0.0043363904
17.8005,0.28213355,0.039220099,0.04252005,0.01068103,-0.74544812,0.021048437,0.66614562,-0.020199045,-0.19460972,-0.0078375825
17.8105,0.28185712,0.037333537,0.042513542,0.010307137,-0.74531469,0.020210727,0.66632673,-0.029219981,-0.18616395,-0.0073426454
17.8205,0.28157411,0.035479591,0.042503618,0.0098356585,-0.74503965,0.019466943,0.6666635,-0.019923517,-0.18383513,0.0055670137
17.8305,0.28136804,0.033631234,0.042460078,0.0097709058,-0.7446773,0.018355787,0.66710068,-0.01533666,-0.18257408,-0.0073702827
17.8405,0.28112195,0.031891243,0.042414288,0.0097093809,-0.74377895,0.017338677,0.66813021,-0.023505462,-0.16436922,-0.0026463684
17.8505,0.28080731,0.030340945,0.042356459,0.0096154517,-0.74248366,0.01649553,0.66959201,-0.026851004,-0.14716589,-0.0038062947
17.8605,0.28048413,0.028943223,0.04228348,0.0096035303,-0.74043553,0.015677566,0.67187589,-0.026226541,-0.12741437,-0.013560171
17.8705,0.28016343,0.027773853,0.042180757,0.0096197356,-0.73750661,0.014962666,0.67510561,-0.023241174,-0.10957128,-0.015201771
17.8805,0.27987956,0.026760217,0.042060396,0.0097502442,-0.73419759,0.014256044,0.67871614,-0.017934935,-0.095041325,-0.013726625
17.8905,0.27963296,0.02581739,0.041922169,0.009927199,-0.73049639,0.013603125,0.6827089,-0.015219241,-0.092045478,-0.0079917064
17.9005,0.27941376,0.024945917,0.041746692,0.010295037,-0.72652036,0.012805531,0.68694847,-0.012201195,-0.086836693,-0.020372963
17.9105,0.27921445,0.024117367,0.041595084,0.010677164,-0.72243075,0.012060323,0.69125564,-0.009163559,-0.075693497,-0.017924689
17.9205,0.27904222,0.023356847,0.04142747,0.01107867,-0.71838943,0.011373427,0.69545995,-0.0091197657,-0.075888056,-0.010942796
17.9305,0.27886827,0.022614285,0.041321262,0.011302877,-0.71438839,0.010915174,0.69957296,-0.0097974316,-0.072676978,-0.008991715
17.9405,0.27869364,0.021927953,0.041215554,0.011448558,-0.71056493,0.01052652,0.70345974,-0.0094676506,-0.067311721,-0.013621386
17.9505,0.27855615,0.021454632,0.041185157,0.011623538,-0.7073626,0.010357122,0.7066794,-0.0089994435,-0.026306313,0.0072148047
17.9605,0.27842183,0.021344302,0.041295354,0.011926858,-0.70481188,0.010542194,0.70921564,-0.010794582,-0.0007765933,0.011889212
17.9705,0.27829967,0.021408777,0.04138911,0.012185757,-0.70284151,0.010959115,0.71115766,-0.010154762,0.011911326,0.0077327145
17.9805,0.27820602,0.021579746,0.041528235,0.012705231,-0.70102136,0.011681508,0.7129314,-0.0094534967,0.021903292,0.019074164
17.9905,0.27814158,0.021829702,0.041751952,0.013613332,-0.69912507,0.012686221,0.71475721,-0.0080433234,0.028196553,0.02439906
18.0005,0.27809976,0.022138485,0.041954769,0.01449117,-0.69729548,0.014049719,0.71649957,-0.0062339872,0.033052052,0.022369166
18.0105,0.27812473,0.022504815,0.042368903,0.015961784,-0.69487921,0.015603254,0.71877997,0.0023311733,0.04020681,0.052385005
18.0205,0.27825111,0.022922799,0.043054628,0.018285248,-0.69163062,0.017183489,0.72181539,0.011667089,0.042232127,0.074770511
18.0305,0.27846095,0.023352771,0.043873383,0.020757,-0.68799497,0.019023868,0.72516906,0.017885627,0.043627071,0.080817666
18.0405,0.27875726,0.023818216,0.044683459,0.02345891,-0.68481705,0.020996516,0.72803464,0.02409031,0.049152945,0.07256264
18.0505,0.27912847,0.024320901,0.045406895,0.026196948,-0.68248043,0.023235693,0.73006457,0.029035213,0.051694065,0.06527746
18.0605,0.27954765,0.024833612,0.046054427,0.028857137,-0.68068423,0.025601759,0.73156052,0.032160374,0.049560888,0.066072526
18.0705,0.28000682,0.025289589,0.046680395,0.031260098,-0.67955553,0.028235779,0.7324137,0.034623764,0.043805992,0.060659917
18.0805,0.28050302,0.025686068,0.047177661,0.033550789,-0.6793352,0.030866281,0.73241061,0.037130741,0.038028821,0.048900225
18.0905,0.28102567,0.026019861,0.047619124,0.035707817,-0.67967502,0.033456152,0.73187943,0.038520308,0.03111597,0.044062257
18.1005,0.28156374,0.026285746,0.04798793,0.037771024,-0.68089248,0.035928564,0.73052579,0.038719483,0.025532441,0.03278049
18.1105,0.2820999,0.026502746,0.048244019,0.039766677,-0.68294377,0.038213532,0.72838598,0.036584971,0.021136756,0.021225693
18.1205,0.28260459,0.026679062,0.04840028,0.041719541,-0.68544271,0.040227733,0.72581643,0.032908653,0.017006118,0.011095494
18.1305,0.28309462,0.026868983,0.04862798,0.043800494,-0.6877017,0.042175426,0.72344255,0.034149683,0.022437401,0.031514813
18.1405,0.283594,0.027089056,0.04903888,0.046132125,-0.68928684,0.044043411,0.72167559,0.036053509,0.022663016,0.046430777
18.1505,0.28409537,0.027289343,0.049504411,0.04788154,-0.69061901,0.046232076,0.72014952,0.033939823,0.0020053319,0.048372238
18.1605,0.28447757,0.026843148,0.049834563,0.048155309,-0.69305361,0.047502251,0.71770557,0.025867042,-0.078254681,0.022324103
18.1705,0.28472998,0.025748413,0.049912139,0.04717774,-0.69627228,0.047536238,0.71464641,0.019344636,-0.13283903,-0.0019347382
18.1805,0.28487548,0.024203977,0.049774517,0.045310674,-0.69983481,0.04650863,0.7113474,0.014232101,-0.17162214,-0.021712394
18.1905,0.28493635,0.022218207,0.049327261,0.042665636,-0.70379329,0.044463045,0.70772713,0.011316729,-0.22138184,-0.061859718
18.2005,0.28493617,0.019826316,0.048551945,0.039347707,-0.70813471,0.041464385,0.70375969,0.0097052823,-0.25549021,-0.090174449
18.2105,0.28489634,0.01716915,0.047559451,0.035553226,-0.71260514,0.037712879,0.69964821,0.0096134733,-0.27639207,-0.10783255
18.2205,0.28485467,0.014356769,0.046314275,0.031492077,-0.71727372,0.03344175,0.69527571,0.012579812,-0.2876544,-0.14054324
18.2305,0.28483013,0.011490187,0.044792955,0.027353819,-0.72219035,0.028859807,0.69055049,0.013614976,-0.28827008,-0.16676801
18.2405,0.28481066,0.0086653017,0.043033115,0.0232837,-0.72725531,0.0241498,0.68554677,0.014035774,-0.28001443,-0.18789815
18.2505,0.28483508,0.0060563042,0.041270467,0.019671422,-0.73203637,0.019862533,0.68069176,0.018122798,-0.22330364,-0.11486077
18.2605,0.28497241,0.0042321353,0.040843239,0.018001821,-0.73414989,0.018064732,0.67850832,0.020859282,-0.15509661,0.0028060467
18.2705,0.28517356,0.0028800935,0.041103193,0.0172868,-0.73484802,0.017447357,0.67778694,0.023704539,-0.11829653,0.038822322
18.2805,0.28542579,0.0017577779,0.041640453,0.01791252,-0.73493523,0.016329806,0.67770398,0.028647701,-0.10916448,0.053395591
18.2905,0.28573704,0.00071974168,0.042159748,0.018200615,-0.73529599,0.015753368,0.67731852,0.033675113,-0.1001844,0.044542473
18.3005,0.28610375,-0.0002794976,0.042519478,0.017897877,-0.73610463,0.015331711,0.67645738,0.040421933,-0.10538954,0.024284508
18.3105,0.28649772,-0.0013813696,0.042726597,0.016951687,-0.73733378,0.014071166,0.67516927,0.04587863,-0.11171979,0.0063745203
18.3205,0.28692089,-0.002172272,0.042558512,0.01604205,-0.73944335,0.01234334,0.67291443,0.044955258,-0.043703731,-0.041948436
18.3305,0.28734288,-0.0022113483,0.04238276,0.015751069,-0.74151399,0.011091843,0.67066078,0.041504047,0.025264129,0.0023356119
18.3405,0.28776262,-0.0017044946,0.042580127,0.015880581,-0.74284209,0.010352311,0.66919822,0.041356971,0.069843176,0.027012786
18.3505,0.28818705,-0.00077523153,0.04287653,0.016140762,-0.74380598,0.010005298,0.66812576,0.040175357,0.11704915,0.010195142
18.3605,0.28861853,0.0006316731,0.042812053,0.016618823,-0.74502895,0.01033849,0.66674492,0.037917681,0.15064665,0.0054753931
18.3705,0.28905145,0.0022687089,0.042854405,0.016857278,-0.74586792,0.010975786,0.66579007,0.039965193,0.18387925,-0.016023503
18.3805,0.28947813,0.0041222044,0.042838366,0.017110103,-0.74655347,0.011864622,0.66499954,0.029908251,0.18935042,0.0043924947
18.3905,0.28972346,0.006058695,0.042831225,0.01760939,-0.74674347,0.012628537,0.66475907,0.014404744,0.19636493,-0.00096691335
18.4005,0.28985335,0.0080143882,0.042808518,0.018120999,-0.74660723,0.01341575,0.66488292,0.0068199383,0.1991764,-0.011869712
18.4105,0.28993308,0.009937938,0.042780426,0.018595072,-0.74627363,0.014210514,0.66522774,0.0040401783,0.18804927,0.0033748988
18.4205,0.28996945,0.011758474,0.042737767,0.018950221,-0.74580704,0.015039007,0.6657226,-0.0055641508,0.16851841,-0.0022828886
18.4305,0.28993631,0.013412263,0.042704476,0.019361792,-0.74490579,0.015655724,0.66670487,-0.0058369482,0.15700935,-0.0011080428
18.4405,0.28983515,0.014795204,0.042627136,0.019521365,-0.74358348,0.016310251,0.66815904,-0.010481334,0.13166402,-0.015857399
18.4505,0.2897273,0.016010287,0.042557088,0.019790719,-0.74206014,0.01674095,0.66983193,-0.0094641859,0.11475456,-0.0035020456
18.4605,0.28961476,0.017126821,0.042453715,0.0198171,-0.73988885,0.01715266,0.67221839,-0.010160916,0.10252217,-0.0091765409
18.4705,0.28945118,0.018057859,0.042278576,0.019312887,-0.7369356,0.017937697,0.67544886,-0.012719767,0.087911641,-0.012213296
18.4805,0.28927253,0.018879336,0.042057075,0.018675471,-0.7336718,0.018826947,0.67898635,-0.012738867,0.078062321,-0.012733405
18.4905,0.28909181,0.019635892,0.041839833,0.018206361,-0.7300039,0.019416419,0.68292447,-0.010998803,0.073477637,-0.023191972
18.5005,0.28892777,0.020330604,0.041709764,0.018426031,-0.72588983,0.019252734,0.68729453,-0.0074756248,0.068093572,-0.016567119
18.5105,0.28878295,0.021016839,0.041670243,0.019239545,-0.72159346,0.018409956,0.69180473,-0.004717173,0.067921919,-0.019053723
18.5205,0.28867081,0.021698003,0.041465502,0.01887322,-0.71755469,0.018632083,0.69599707,-0.0021680247,0.068440028,-0.024920579
18.5305,0.28858076,0.022354518,0.041250627,0.018338963,-0.71370943,0.018980024,0.69994449,-0.0012909031,0.063999154,-0.012663031
18.5405,0.28849368,0.022962597,0.041143194,0.017902579,-0.7100026,0.019247852,0.70370827,-0.0011555694,0.059134156,-0.014275162
18.5505,0.28842832,0.023444234,0.041103027,0.017449301,-0.70689439,0.019384688,0.70683808,-0.00032135349,0.031953963,0.0067429163
18.5605,0.28831978,0.023596737,0.041182226,0.016473775,-0.70479273,0.019150286,0.70896339,-0.0045958766,0.0060375643,0.014159621
18.5705,0.2881907,0.023534586,0.041245687,0.015312063,-0.70351057,0.018490529,0.71027918,-0.0057648017,-0.013113974,0.0082202047
18.5805,0.28804987,0.023358525,0.041346692,0.013971082,-0.70252226,0.017721757,0.71130389,-0.0066747441,-0.02079973,0.013614788
18.5905,0.28790222,0.023122944,0.04149978,0.012646843,-0.70156059,0.016831664,0.71229874,-0.0066157944,-0.025363416,0.018517953
18.6005,0.28775957,0.022850882,0.041669643,0.011347465,-0.7006704,0.015914868,0.71321732,-0.0059119077,-0.028192828,0.01749331
18.6105,0.28761984,0.022487946,0.041908904,0.0099814878,-0.69926691,0.014675554,0.71464032,-0.0011043835,-0.039208787,0.042731525
18.6205,0.28751814,0.022082075,0.042524656,0.0083099707,-0.69687557,0.013322962,0.71702015,0.0064072604,-0.042471885,0.0695354
18.6305,0.28747351,0.021631553,0.04323677,0.006704504,-0.69401056,0.011711594,0.71983833,0.012836817,-0.045663913,0.076635703
18.6405,0.28749329,0.021143487,0.04394537,0.0050115795,-0.69148263,0.0096443854,0.72231132,0.020611345,-0.050828272,0.068272805
18.6505,0.28758168,0.020644485,0.0446618,0.0030511682,-0.68953906,0.0072707083,0.72420558,0.029679183,-0.048385171,0.07238819
18.6605,0.28776922,0.020175824,0.04539004,0.00099066265,-0.68768638,0.0048195734,0.72599121,0.037974793,-0.04537653,0.072797289
18.6705,0.28801158,0.01969486,0.046057494,-0.00099640536,-0.68643993,0.0018709384,0.72718342,0.04230294,-0.050820724,0.055589617
18.6805,0.28830113,0.019190685,0.046616433,-0.0027802827,-0.68597852,-0.0016993239,0.7276145,0.046396358,-0.052353369,0.045746358
18.6905,0.28862188,0.018725481,0.047164185,-0.004547977,-0.68591366,-0.0052441778,0.72764982,0.047016448,-0.040484862,0.056370148
18.7005,0.2889488,0.018344664,0.047753459,-0.0070275319,-0.68644491,-0.0082225618,0.72710136,0.047086803,-0.035723485,0.056738896
18.7105,0.28927887,0.017999445,0.048307096,-0.0098390567,-0.68752594,-0.01102829,0.7260094,0.046625776,-0.032224182,0.053657247
18.7205,0.28960951,0.017683337,0.048822486,-0.012624922,-0.68881585,-0.013675098,0.7246974,0.045511894,-0.029396854,0.050248086
18.7305,0.28994815,0.017329985,0.049477853,-0.015347313,-0.689651,-0.016277008,0.72379625,0.04918272,-0.037942249,0.078353582
18.7405,0.2903049,0.01693821,0.050378899,-0.017951697,-0.68976077,-0.018871088,0.72356872,0.045825573,-0.03394944,0.099448307
18.7505,0.29059947,0.016875291,0.051413715,-0.019565308,-0.69042589,-0.021115571,0.72283014,0.034117619,0.017401567,0.10048117
18.7605,0.29090211,0.017370533,0.052325626,-0.019897386,-0.69175856,-0.022406041,0.72150687,0.031109491,0.074457299,0.077399596
18.7705,0.29124187,0.018357051,0.052988942,-0.019230729,-0.69358989,-0.022668522,0.71975648,0.028385253,0.11691759,0.052360621
18.7805,0.29160953,0.019719655,0.053407408,-0.017810252,-0.69571178,-0.021988014,0.7177635,0.026001121,0.15047202,0.029282541
18.7905,0.29202341,0.021455885,0.053453553,-0.01567544,-0.69831888,-0.020280522,0.7153277,0.025960614,0.19093,-0.017665344
18.8005,0.29249294,0.023550571,0.053064592,-0.012880724,-0.70150938,-0.017535568,0.712328,0.025710045,0.22327622,-0.055657996
18.8105,0.29300967,0.025929724,0.052331571,-0.0095589884,-0.70509099,-0.013917495,0.70891581,0.026039993,0.24896102,-0.085497524
18.8205,0.29358394,0.028552298,0.051191324,-0.0058097381,-0.7091859,-0.0095003702,0.70493358,0.028170811,0.27281764,-0.13364679
18.8305,0.29422214,0.031365844,0.049627309,-0.0017427465,-0.71382337,-0.0043954281,0.70030982,0.030945703,0.28889786,-0.16987661
18.8405,0.29491787,0.034291366,0.047751373,0.0025155714,-0.71878917,0.0011958697,0.69522253,0.034278456,0.2970683,-0.1962078
18.8505,0.29567067,0.037249691,0.045568881,0.0068169506,-0.7240771,0.0070961833,0.68964884,0.038690919,0.29744168,-0.23003385
18.8605,0.29647248,0.040162237,0.043107579,0.011017722,-0.72964131,0.013118981,0.68361543,0.04260348,0.28999181,-0.25276638
18.8705,0.29720691,0.042679703,0.040922972,0.014543104,-0.73454037,0.018156695,0.67816612,0.029848994,0.18046189,-0.13040489
18.8805,0.2975492,0.043829909,0.040320451,0.015864352,-0.73654533,0.020091525,0.67590356,0.01738147,0.081647885,-0.010018529
18.8905,0.29777158,0.044489466,0.040495762,0.016167405,-0.73752505,0.020857394,0.67480396,0.020450104,0.066136439,0.038367215
18.9005,0.29803455,0.045182787,0.040970408,0.016132117,-0.73796174,0.021323837,0.67431263,0.027393178,0.072274079,0.053491018
18.9105,0.29836059,0.045962777,0.04151225,0.016175272,-0.73835017,0.021540494,0.67387936,0.034219683,0.082115355,0.053521051
18.9205,0.29875045,0.046748028,0.041993692,0.01585192,-0.738837,0.022023061,0.67333765,0.041967724,0.064950098,0.046778172
18.9305,0.29919931,0.047011317,0.042351777,0.015246698,-0.73988298,0.022746402,0.67217804,0.041857448,-0.0008969276,0.022354827
18.9405,0.29964486,0.046666165,0.042290853,0.014623219,-0.74166474,0.023546568,0.67019783,0.039626241,-0.056400116,0.0033638238
18.9505,0.30004058,0.045893476,0.042455329,0.014082452,-0.74300206,0.024220813,0.66870246,0.027259492,-0.091013155,0.028656031
18.9605,0.30019452,0.04474862,0.042460621,0.013545935,-0.74407699,0.024405897,0.66751052,0.0043761804,-0.12426969,0.01197167
18.9705,0.30015126,0.043356863,0.042496549,0.013104673,-0.74470502,0.024217446,0.66682547,-0.0098382694,-0.14859856,0.0059741157
18.9805,0.29999278,0.041761321,0.042528257,0.012688601,-0.74506965,0.023780554,0.66644182,-0.016922986,-0.16461482,0.011331942
18.9905,0.29977834,0.039999067,0.042541747,0.012249284,-0.74528526,0.023152772,0.66623103,-0.019911087,-0.18498483,-0.0039128134
19.0005,0.29953818,0.038118868,0.042520135,0.011797133,-0.74540124,0.022373853,0.66613604,-0.021023228,-0.19218002,-0.0044026933
19.0105,0.29924895,0.036244761,0.042512182,0.011422642,-0.74525986,0.02154563,0.66632803,-0.030029909,-0.18830727,-0.013933167
19.0205,0.29896135,0.034392067,0.042502822,0.010874614,-0.74497586,0.020874712,0.66667606,-0.020941775,-0.18656622,-0.00050603165
19.0305,0.29874583,0.032547506,0.042468532,0.010844998,-0.74459298,0.019780622,0.66713747,-0.01455349,-0.18543468,-0.013684095
19.0405,0.2985064,0.030797758,0.042419188,0.010854148,-0.74373657,0.018729188,0.66812224,-0.023150324,-0.1639975,0.0015263111
19.0505,0.29819204,0.029235458,0.042362364,0.010755041,-0.74245585,0.017895499,0.66956955,-0.028499914,-0.15233949,-0.019579065
19.0605,0.29785409,0.027866195,0.042278249,0.010830652,-0.74040014,0.017043528,0.67186297,-0.025701116,-0.13737348,-0.016719055
19.0705,0.29753238,0.026646317,0.042173938,0.010843656,-0.73749121,0.01632556,0.67507229,-0.023373225,-0.10918822,-0.010851076
19.0805,0.29723936,0.025672964,0.042062514,0.010960627,-0.73415222,0.015638663,0.6787163,-0.018347873,-0.092226542,-0.0087766094
19.0905,0.29700023,0.024772682,0.041913721,0.011289278,-0.73055104,0.014844141,0.68260339,-0.013434943,-0.081200008,-0.023168326
19.1005,0.29680471,0.024079583,0.041752893,0.011578498,-0.72654363,0.01413481,0.68687736,-0.010277645,-0.072767708,-0.017439169
19.1105,0.29662107,0.023328069,0.041600806,0.011820962,-0.72245309,0.013536927,0.69118634,-0.0093676347,-0.077172523,-0.014218851
19.1205,0.29645292,0.022558936,0.041444098,0.0121783,-0.71845337,0.012911631,0.69534864,-0.00747629,-0.077379419,-0.020995528
19.1305,0.29630174,0.021825606,0.041303213,0.012747553,-0.71459524,0.012145498,0.69931654,-0.0080893124,-0.072249985,-0.0068230212
19.1405,0.29614534,0.021156608,0.041234225,0.013023339,-0.71076674,0.011666443,0.70321045,-0.007823608,-0.062446607,-0.018569394
19.1505,0.29600175,0.020745813,0.041201475,0.013100948,-0.70745294,0.011528456,0.70654497,-0.0092737339,-0.020159942,0.00592903
19.1605,0.29586328,0.02067889,0.041285037,0.01320181,-0.70483631,0.011867452,0.70914784,-0.010727697,0.0026315465,0.010573248
19.1705,0.29574338,0.020763931,0.041372114,0.013374624,-0.70282235,0.012353294,0.71113238,-0.0096933823,0.012939523,0.0085998044
19.1805,0.29565059,0.02094432,0.041517716,0.013884939,-0.70097083,0.013079176,0.71293481,-0.0089770721,0.021993757,0.020345821
19.1905,0.29559185,0.021193863,0.041748918,0.014812546,-0.69905372,0.014064511,0.71477736,-0.007117374,0.027638153,0.024807781
19.2005,0.29556631,0.021480857,0.042000818,0.015927338,-0.69719761,0.01519168,0.71654101,-0.0047839866,0.030476239,0.023174967
19.2105,0.29560488,0.021838481,0.042360376,0.017124057,-0.69481142,0.017029157,0.71878638,0.003697667,0.038318449,0.054563153
19.2205,0.2957389,0.02222605,0.04307526,0.019724526,-0.69155576,0.018308193,0.72182158,0.01234479,0.038516739,0.077811128
19.2305,0.2959609,0.02263059,0.043878908,0.022083249,-0.68792787,0.020253999,0.72516023,0.019534099,0.040719382,0.081363363
19.2405,0.29627217,0.023061043,0.044709055,0.024861744,-0.68473669,0.02214775,0.72802956,0.026120862,0.04431889,0.079174775
19.2505,0.29665748,0.023530336,0.045437194,0.027595081,-0.68238368,0.024399627,0.73006554,0.029901728,0.049062501,0.064638246
19.2605,0.29708844,0.024012881,0.046072614,0.030036677,-0.68056108,0.027005239,0.73157715,0.033313382,0.047112907,0.067936348
19.2705,0.29755866,0.024445512,0.046706292,0.032406279,-0.67940678,0.029672779,0.73244507,0.035771632,0.041730718,0.061064648
19.2805,0.29806423,0.024822688,0.047209828,0.034712413,-0.67916912,0.032283763,0.7324494,0.037894393,0.036318863,0.048134638
19.2905,0.2985931,0.025141072,0.047646757,0.036896783,-0.67950544,0.034835552,0.73191357,0.039026559,0.029710916,0.043567264
19.3005,0.29913555,0.025393573,0.048014501,0.03900753,-0.68072008,0.037250174,0.73055528,0.039095826,0.024152177,0.032427242
19.3105,0.29967415,0.025597416,0.048271532,0.041068079,-0.68276741,0.039461029,0.72841259,0.036746099,0.019725238,0.020905906
19.3205,0.30017969,0.025760256,0.048428826,0.043096743,-0.68526305,0.041392111,0.72584014,0.03293724,0.015530424,0.010667623
19.3305,0.30066989,0.025936196,0.048656543,0.045258346,-0.68752044,0.043254179,0.7234614,0.034348417,0.021224699,0.031103341
19.3405,0.30118354,0.02615843,0.049061653,0.04739742,-0.68911068,0.045321419,0.7216827,0.038722954,0.024935416,0.048082936
19.3505,0.30168328,0.02624055,0.049541682,0.048829114,-0.69051623,0.047441998,0.72010576,0.032699235,-0.018888058,0.046985077
19.3605,0.30203367,0.025619949,0.049852457,0.04875167,-0.69303933,0.048419258,0.71761782,0.024458116,-0.093254335,0.021053079
19.3705,0.30225834,0.02439938,0.049911274,0.047560184,-0.69630716,0.048190386,0.71454324,0.017920425,-0.14384669,-0.0039209125
19.3805,0.3023811,0.022763244,0.049756443,0.045556769,-0.69989943,0.046948201,0.71123923,0.013055178,-0.17961334,-0.023426943
19.3905,0.30242467,0.02071267,0.049296454,0.042824949,-0.70387415,0.04474205,0.7076195,0.010197543,-0.22680892,-0.064009855
19.4005,0.30241189,0.018279681,0.048510524,0.039458387,-0.70822534,0.041637346,0.70365207,0.0089307725,-0.25859068,-0.091389307
19.4105,0.30236355,0.015603849,0.047508397,0.035649302,-0.71270233,0.03783242,0.69953786,0.0090175462,-0.27727422,-0.10880864
19.4205,0.30231595,0.012795729,0.046250818,0.031575057,-0.71738217,0.033581793,0.6951533,0.011744227,-0.2855934,-0.14216206
19.4305,0.30228564,0.0099598969,0.044705863,0.027348182,-0.72232782,0.029149615,0.69039474,0.012899731,-0.28447399,-0.16849082
19.4405,0.30226414,0.0071765079,0.04292684,0.02332504,-0.72740977,0.024547982,0.68536732,0.013368157,-0.27539188,-0.18968348
19.4505,0.30229088,0.0046376692,0.041202126,0.019882567,-0.73210524,0.020433352,0.68059465,0.017502006,-0.21486136,-0.10635719
19.4605,0.30240992,0.0032229155,0.040740706,0.018486987,-0.73435077,0.018734864,0.67825967,0.016759828,-0.10569728,-0.0057385716
19.4705,0.30257121,0.002292022,0.040932154,0.017967033,-0.73517727,0.018126446,0.67739428,0.019285641,-0.085325735,0.034415071
19.4805,0.30278759,0.0014305405,0.04143476,0.018586052,-0.735397,0.017098609,0.67716575,0.025881924,-0.089991489,0.050477172
19.4905,0.30307483,0.00053837005,0.041949578,0.018680221,-0.73580813,0.016736517,0.67672545,0.032438004,-0.089102881,0.046308537
19.5005,0.30343797,-0.00033417021,0.04235774,0.018557167,-0.73653124,0.016605191,0.67594499,0.038833502,-0.088510955,0.033928604
19.5105,0.30384046,-0.0013131229,0.042636659,0.017998556,-0.73760766,0.015755648,0.67480572,0.044836479,-0.10332801,0.012171257
19.5205,0.30426593,-0.0020069844,0.042522098,0.017408171,-0.7396009,0.014263454,0.67266932,0.043996506,-0.035422725,-0.037377838
19.5305,0.30468917,-0.0019925638,0.042375978,0.01726315,-0.74160332,0.013155484,0.67048746,0.041225094,0.028444285,0.0038252271
19.5405,0.30511103,-0.0014675987,0.042579053,0.017432485,-0.74290434,0.012475175,0.66905427,0.041534778,0.070991288,0.027083596
19.5505,0.30554152,-0.00052592004,0.042839739,0.017723969,-0.74390086,0.012175336,0.66794396,0.040591353,0.11888183,0.002136658
19.5605,0.30597842,0.00085570101,0.042797592,0.018162691,-0.74506898,0.01248634,0.66662315,0.038978103,0.14618299,0.01201223
19.5705,0.30642299,0.0024796848,0.042809325,0.018415217,-0.74593274,0.013142192,0.66563692,0.041452719,0.17392851,0.00031453029
19.5805,0.306875,0.0043107448,0.04277777,0.018630822,-0.7466454,0.014081267,0.6648122,0.033230824,0.1909829,-0.0046345046
19.5905,0.30714357,0.0062182311,0.042776486,0.01909371,-0.74684152,0.014871089,0.66456153,0.016543779,0.19379838,-0.001758914
19.6005,0.30728943,0.0081360872,0.04276519,0.0195902,-0.74669614,0.015645402,0.66469265,0.0078587758,0.18878998,0.0043498258
19.6105,0.30738117,0.010016475,0.042745088,0.020057736,-0.74635622,0.016419209,0.66504172,0.005015764,0.18145841,0.0088575364
19.6205,0.30744055,0.011808767,0.042705255,0.020453082,-0.74591015,0.017205476,0.6655101,-0.0023873936,0.16405919,0.0051522208
19.6305,0.30740309,0.013362225,0.042628259,0.020694721,-0.74503682,0.017962124,0.66646023,-0.0050058097,0.1479924,0.0053389975
19.6405,0.30732495,0.014726447,0.042548976,0.021001324,-0.74372859,0.018537332,0.66789453,-0.012046825,0.11777901,-0.0088986917
19.6505,0.30721417,0.015863696,0.042494395,0.021195682,-0.7421641,0.019012359,0.66961312,-0.0091669731,0.11147305,-0.012504544
19.6605,0.30708874,0.016901971,0.042460553,0.021551703,-0.73987709,0.019150607,0.67212399,-0.011373161,0.097020539,-0.018347594
19.6705,0.30692347,0.017826049,0.04230628,0.021419944,-0.73686051,0.019575656,0.67542177,-0.012179884,0.091312614,-0.024566685
19.6805,0.30674442,0.018663061,0.042123344,0.020960924,-0.73348877,0.020248454,0.67907648,-0.012340552,0.079266779,-0.0080060685
19.6905,0.30657086,0.019438448,0.041916295,0.020650879,-0.72978449,0.020686241,0.68305214,-0.0091294002,0.078069705,-0.01833219
19.7005,0.30641953,0.020218796,0.04176691,0.020603408,-0.72567137,0.020712183,0.68742095,-0.0061877085,0.077256782,-0.012074639
19.7105,0.30628706,0.020982671,0.041579795,0.020329691,-0.72152438,0.020874334,0.69177564,-0.00553972,0.073127406,-0.011434917
19.7205,0.30617279,0.02160157,0.041384628,0.019921806,-0.71747646,0.021218099,0.69597446,-0.0018433493,0.05250579,-0.0077322088
19.7305,0.30610249,0.022075336,0.04126218,0.019798815,-0.71357174,0.021280261,0.69997895,0.0021993485,0.050953733,-0.01903729
19.7405,0.3060548,0.022588043,0.041154437,0.019478835,-0.70994595,0.021450071,0.70365987,0.0019984683,0.050979799,-0.0031735323
19.7505,0.3060044,0.02298763,0.041130863,0.018976277,-0.70687475,0.021376801,0.70676094,0.00045147657,0.023723545,0.0063368397
19.7605,0.30590251,0.023068228,0.041204688,0.01805306,-0.70480431,0.020835421,0.7088659,-0.0036558989,-0.0019799662,0.010477581
19.7705,0.30578409,0.022962501,0.041262143,0.016918481,-0.7035351,0.020072209,0.71017549,-0.0046116182,-0.017275132,0.0046521561
19.7805,0.3056536,0.022753118,0.041376329,0.015570197,-0.70252063,0.019357996,0.71122964,-0.0059242242,-0.024537731,0.014499882
19.7905,0.30551461,0.02246946,0.041539198,0.014404902,-0.70153359,0.018437355,0.71225219,-0.0058436545,-0.029070694,0.023717699
19.8005,0.30538427,0.022139678,0.041678764,0.013209562,-0.70063026,0.017572725,0.71318577,-0.0054126889,-0.037670149,0.00042107137
19.8105,0.30525542,0.02174557,0.041954015,0.012153329,-0.6991981,0.01623171,0.71464036,-0.0011227069,-0.043403485,0.039436197
19.8205,0.30515211,0.02130452,0.042527065,0.010625121,-0.6968004,0.014888622,0.71703182,0.0055264869,-0.043770389,0.06977558
19.8305,0.30510524,0.020863295,0.043292517,0.0087780711,-0.69380453,0.013696187,0.7199796,0.012665012,-0.044998889,0.077659332
19.8405,0.30512225,0.020372685,0.043999666,0.0071987163,-0.69124924,0.011690448,0.72248599,0.019713478,-0.050752211,0.070309516
19.8505,0.30520206,0.019868708,0.044711041,0.0053484661,-0.68930713,0.0093789487,0.72438878,0.02758748,-0.050885353,0.064795816
19.8605,0.3053798,0.019397399,0.045432373,0.0034029278,-0.68747003,0.0069770799,0.72617126,0.036696318,-0.046647769,0.067297622
19.8705,0.30561738,0.018915243,0.046100532,0.0014957868,-0.68622832,0.0040980464,0.72737313,0.041573699,-0.05036622,0.05916549
19.8805,0.30590257,0.018414053,0.04667098,-0.00025131442,-0.68576373,0.00063637952,0.72782391,0.045282438,-0.053102537,0.040485876
19.8905,0.3062165,0.017948354,0.047184377,-0.0020297047,-0.68574959,-0.0027864956,0.72782939,0.045997225,-0.04034928,0.054350064
19.9005,0.30653798,0.017568384,0.047758823,-0.0044739403,-0.68633036,-0.0056897269,0.72725391,0.046351711,-0.035774362,0.055900321
19.9105,0.30686536,0.017223335,0.048307912,-0.007233183,-0.68744652,-0.0084460796,0.72614986,0.046137567,-0.032372949,0.053434965
19.9205,0.30719471,0.016906725,0.048823315,-0.0099659689,-0.68876234,-0.01105526,0.72483439,0.045166677,-0.029599635,0.050296969
19.9305,0.30753249,0.016551729,0.049480699,-0.012638585,-0.6896175,-0.013627457,0.72393526,0.048879229,-0.038325667,0.078546482
19.9405,0.30788529,0.016159715,0.050386882,-0.015167824,-0.68978339,-0.016222808,0.72367509,0.044955508,-0.033659654,0.099813236
19.9505,0.3081818,0.016117568,0.051426426,-0.016691291,-0.69051627,-0.018428213,0.7228894,0.034267612,0.020775871,0.10071341
19.9605,0.30849341,0.016659135,0.052327169,-0.016931185,-0.69189752,-0.019592957,0.7215312,0.031411723,0.08000704,0.075616918
19.9705,0.30884812,0.017708086,0.052974788,-0.016160286,-0.69376732,-0.019686129,0.71974871,0.02934478,0.12371358,0.05123264
19.9805,0.30923495,0.019141272,0.053371952,-0.014625575,-0.69592713,-0.018815544,0.71771687,0.027129641,0.15781451,0.027102335
19.9905,0.30967025,0.020949066,0.05338737,-0.01237709,-0.69857929,-0.016913996,0.71522562,0.027353145,0.19807718,-0.02066612
20.0005,0.3101659,0.023108784,0.052968038,-0.0094783244,-0.70181145,-0.013989046,0.71216231,0.027732909,0.22948627,-0.058231192
20.0105,0.31071187,0.025539129,0.052206481,-0.0060744315,-0.70542865,-0.010220082,0.70868122,0.028308249,0.25349418,-0.088410453
20.0205,0.31131517,0.028191421,0.051035313,-0.002280778,-0.70955685,-0.0056957032,0.70462149,0.030605755,0.27489264,-0.13677062
20.0305,0.3119801,0.031006435,0.04944014,0.0017803736,-0.71422269,-0.0005423338,0.69991605,0.033384837,0.28791665,-0.17295753
20.0405,0.31269783,0.033900605,0.047535391,0.0059745051,-0.71920973,0.0050273629,0.69474916,0.036528734,0.292674,-0.19897352
20.0505,0.31346551,0.036793146,0.045328961,0.010149574,-0.72450979,0.01083,0.68910468,0.040533498,0.2896013,-0.23229282
20.0605,0.31427266,0.039607703,0.042848486,0.014164786,-0.73007853,0.016681442,0.68301276,0.043694492,0.27909105,-0.254947
20.0705,0.31496988,0.041916373,0.040800012,0.017337474,-0.73472428,0.021240789,0.67781153,0.027840651,0.15743702,-0.11416722
20.0805,0.31528809,0.042932232,0.040304961,0.018477451,-0.73655384,0.022898034,0.67573863,0.017361262,0.073685896,-0.0037874394
20.0905,0.31551177,0.043543022,0.040518432,0.018737319,-0.73748099,0.023556891,0.6746968,0.021586265,0.062949536,0.040263521
20.1005,0.31576798,0.044197242,0.04101199,0.018556425,-0.73784762,0.024101584,0.67428159,0.02534623,0.068131981,0.056966282
20.1105,0.31607607,0.044928458,0.041584021,0.018725851,-0.73817366,0.024180632,0.67391712,0.03421988,0.077086422,0.053244589
20.1205,0.31647215,0.045637062,0.04205194,0.018323008,-0.73871775,0.02472221,0.67331209,0.041124671,0.047404472,0.045081176
20.1305,0.31690997,0.045747389,0.042360655,0.017682399,-0.73984359,0.025474856,0.67206385,0.040334333,-0.014811574,0.012094525
20.1405,0.31733755,0.045282078,0.042297706,0.017026324,-0.74161007,0.026219988,0.67010232,0.038369089,-0.065960791,0.0096203441
20.1505,0.31772718,0.04439591,0.04246824,0.016445339,-0.74294591,0.026778945,0.66861336,0.029897913,-0.11118229,0.0038477611
20.1605,0.31788592,0.043147272,0.042501323,0.015890075,-0.74399413,0.026844137,0.66745759,0.0044065525,-0.13144639,0.020124747
20.1705,0.3178364,0.041662821,0.042522378,0.015408648,-0.74462927,0.026567556,0.66677132,-0.010763891,-0.15211275,0.016389989
20.1805,0.31766586,0.039993971,0.042532414,0.01494579,-0.74500747,0.026057347,0.6663794,-0.017830937,-0.16786216,0.016288909
20.1905,0.31743996,0.038183457,0.042539317,0.01447335,-0.74521698,0.025378726,0.66618172,-0.020702492,-0.18590663,0.0022646854
20.2005,0.3171905,0.036278539,0.042520625,0.014006157,-0.74531726,0.024573344,0.66610972,-0.021679847,-0.19138209,0.0017140241
20.2105,0.3169081,0.034371532,0.04250248,0.013572373,-0.74521226,0.0237358,0.66626653,-0.029134663,-0.18740593,-0.0060731519
20.2205,0.31660235,0.03252817,0.042497326,0.013117079,-0.74491611,0.022978194,0.66663328,-0.021775309,-0.18268536,0.0055156016
20.2305,0.31637951,0.030702241,0.042455843,0.01304933,-0.74453637,0.021902292,0.66709489,-0.015501559,-0.18250777,-0.013802613
20.2405,0.31613091,0.028990138,0.042407519,0.013120968,-0.74367736,0.020814792,0.66808575,-0.024134759,-0.16465349,-0.010257921
20.2505,0.31581063,0.027468083,0.042345341,0.013078142,-0.74240382,0.019948467,0.66952789,-0.029020034,-0.14531353,-0.012614674
20.2605,0.31547788,0.026087015,0.042275962,0.013040892,-0.74034018,0.019186968,0.67183198,-0.02614807,-0.12964464,-0.010304758
20.2705,0.31515552,0.024957393,0.042174748,0.013071961,-0.73741087,0.01847933,0.67506506,-0.02249181,-0.10035043,-0.0073659091
20.2805,0.31488571,0.023987831,0.042056375,0.013164184,-0.73408616,0.017830697,0.67869454,-0.016088898,-0.094977825,-0.0155738
20.2905,0.31465048,0.02306648,0.041917274,0.013473198,-0.73041672,0.017065102,0.6826556,-0.014180738,-0.089698586,-0.021219031
20.3005,0.31442971,0.022189389,0.041758879,0.013860443,-0.72644316,0.016268281,0.68689415,-0.012222749,-0.083660777,-0.015432739
20.3105,0.31424808,0.02149663,0.041597738,0.014110126,-0.72231045,0.015626008,0.69124839,-0.0085099712,-0.06727439,-0.011866748
20.3205,0.31408121,0.020785978,0.041429967,0.014363282,-0.71826961,0.01507762,0.69545318,-0.0079974483,-0.075008341,-0.025539237
20.3305,0.31392322,0.020067455,0.04131899,0.014695606,-0.71433122,0.014527408,0.69950261,-0.0078998815,-0.070713044,-0.0046205721
20.3405,0.31377192,0.01938123,0.041227696,0.015032918,-0.71058006,0.013970559,0.70331701,-0.007983415,-0.06533577,-0.010190912
20.3505,0.31363827,0.01895912,0.041264837,0.015376964,-0.70728106,0.013740418,0.70663163,-0.0089047245,-0.022186895,0.010494101
20.3605,0.31350581,0.018875163,0.041391154,0.015728944,-0.70468559,0.013932851,0.7092085,-0.010455335,0.00072760522,0.012938819
20.3705,0.31338838,0.018952111,0.041487157,0.016003128,-0.70269989,0.014334488,0.71116193,-0.0096583064,0.013017346,0.0069093804
20.3805,0.31330107,0.019130716,0.041600747,0.016430954,-0.70088975,0.015118841,0.71292005,-0.0087644838,0.023330632,0.014328641
20.3905,0.31323954,0.019388225,0.04177961,0.017167145,-0.69902394,0.016249167,0.71470748,-0.0074093992,0.028425581,0.021401583
20.4005,0.31320452,0.019691639,0.041972168,0.018027491,-0.69721663,0.017570952,0.71641834,-0.0051515012,0.031424921,0.022971259
20.4105,0.31323811,0.020048979,0.042387219,0.019522435,-0.69481218,0.019029416,0.71867433,0.0024263846,0.038530736,0.049883897
20.4205,0.31336348,0.020452201,0.043058181,0.021976571,-0.69159004,0.020393773,0.72166775,0.011311893,0.04107191,0.071238972
20.4305,0.31357376,0.020853435,0.043869391,0.02428972,-0.68795917,0.022308238,0.72499968,0.018579126,0.038846173,0.085975178
20.4405,0.31387301,0.021275621,0.044693878,0.026882808,-0.68476194,0.024308307,0.72786503,0.024568416,0.045319266,0.075413213
20.4505,0.31424297,0.021746824,0.045405661,0.029601989,-0.68246455,0.026470145,0.72983915,0.02805379,0.048335436,0.069468972
20.4605,0.31465962,0.022227214,0.046037362,0.032126581,-0.68069895,0.028883196,0.73128831,0.033014878,0.046148424,0.066244046
20.4705,0.31512577,0.022650484,0.046658234,0.034489946,-0.67959308,0.031458256,0.7321025,0.035613411,0.040808734,0.059677256
20.4805,0.31562976,0.02301762,0.047145174,0.03674589,-0.67939464,0.034023932,0.73206218,0.03814527,0.035307778,0.047676297
20.4905,0.31616009,0.023325282,0.047574718,0.038866523,-0.6797483,0.036551434,0.73150232,0.039456866,0.028888774,0.042759601
20.5005,0.31670395,0.023569976,0.047935858,0.040911634,-0.68096559,0.038943119,0.73013392,0.039395547,0.023579823,0.032073092
20.5105,0.31724195,0.023768314,0.048190439,0.042905432,-0.68300849,0.041134831,0.72798794,0.036877224,0.019362983,0.020894105
20.5205,0.3177459,0.02392755,0.048347537,0.044863172,-0.68549563,0.043055766,0.7254166,0.033004371,0.015358708,0.010858069
20.5305,0.31823512,0.024100911,0.048575684,0.046947421,-0.68774313,0.044920253,0.72304046,0.034528428,0.021071519,0.031341468
20.5405,0.31874784,0.024319176,0.048981684,0.049027593,-0.68932212,0.046977219,0.72126587,0.038723172,0.024614926,0.048110822
20.5505,0.31926117,0.024464476,0.049460739,0.050709487,-0.69062844,0.049020973,0.71976236,0.034715807,-0.007722335,0.04756564
20.5605,0.31963375,0.023940035,0.049784493,0.050867979,-0.6930546,0.05007814,0.71734229,0.025682854,-0.084836239,0.023076281
20.5705,0.31987203,0.022792829,0.04986108,0.049770337,-0.6962701,0.049986713,0.71430539,0.018385217,-0.13722767,-0.0021789261
20.5805,0.32000165,0.021213079,0.049723864,0.047796898,-0.69983299,0.048881998,0.71102728,0.013045615,-0.17462393,-0.021642974
20.5905,0.3200456,0.0192028,0.049280858,0.045062249,-0.70378983,0.046787335,0.70743213,0.0098563035,-0.22352799,-0.061655515
20.6005,0.32002723,0.016793078,0.048510194,0.041669346,-0.70813076,0.043755415,0.70349126,0.0082189378,-0.25717049,-0.089326909
20.6105,0.3199691,0.014121779,0.047525242,0.037811176,-0.71259846,0.039979631,0.69941074,0.0080503713,-0.27780228,-0.10687749
20.6205,0.31990806,0.01129716,0.046285498,0.033694085,-0.71726718,0.035688879,0.69506748,0.010793531,-0.28895386,-0.14017925
20.6305,0.31986494,0.0084188888,0.044771989,0.02950483,-0.72218174,0.031090613,0.69037409,0.011824587,-0.28952382,-0.16647264
20.6405,0.31982735,0.0055826416,0.04301963,0.025387304,-0.72724605,0.026365964,0.68540025,0.01249345,-0.28125161,-0.18696779
20.6505,0.31983479,0.0029628275,0.041262048,0.021734667,-0.73202777,0.022065404,0.6805704,0.016917355,-0.22428626,-0.11421619
20.6605,0.31996172,0.0011333262,0.040839033,0.02004413,-0.73413471,0.020265672,0.67840531,0.020291984,-0.15565762,0.0032369843
20.6705,0.32015778,-0.00022364213,0.041100058,0.019298551,-0.73483404,0.019668116,0.67768699,0.022821579,-0.1168846,0.037984611
20.6805,0.32040272,-0.0013377854,0.041628717,0.019882681,-0.73490374,0.018587471,0.67762503,0.028809038,-0.10969927,0.051732262
20.6905,0.32071722,-0.0023752519,0.042143767,0.020351131,-0.7352878,0.017848505,0.67721423,0.033545094,-0.099840452,0.043089418
20.7005,0.32108369,-0.0033576868,0.042507791,0.020094571,-0.73608581,0.01750946,0.6763633,0.040080431,-0.10306988,0.026539807
20.7105,0.32147852,-0.0044388619,0.042722946,0.019187008,-0.73729874,0.016339214,0.67509663,0.045456562,-0.11012731,0.0071711453
20.7205,0.32189925,-0.0052520638,0.042564671,0.018268675,-0.73939694,0.014648387,0.67286243,0.044783633,-0.046712249,-0.040832806
20.7305,0.32231959,-0.0053144576,0.042394194,0.017956829,-0.7414598,0.013411426,0.67062288,0.041472584,0.023357951,0.0024347949
20.7405,0.32274032,-0.0048237888,0.042589795,0.018074401,-0.74278825,0.012681774,0.66916224,0.041561749,0.068622203,0.026796303
20.7505,0.32316798,-0.0039073805,0.042884034,0.018329493,-0.7437533,0.012328413,0.66808912,0.040677345,0.11575967,0.0099805136
20.7605,0.32360526,-0.0025127062,0.042818019,0.01880102,-0.74497424,0.012648404,0.66670827,0.03859497,0.14963388,0.0053271958
20.7705,0.32404535,-0.00088391439,0.04285973,0.019038236,-0.74580864,0.013275254,0.6657558,0.040840036,0.1832045,-0.016110189
20.7805,0.32449532,0.00097007956,0.042837895,0.019264861,-0.74652082,0.014186401,0.66493179,0.03407256,0.19349071,-0.0039388068
20.7905,0.32476752,0.0029068871,0.042848602,0.019739388,-0.74672153,0.014942603,0.66467589,0.016322098,0.19754114,-0.001379749
20.8005,0.32491704,0.0048835655,0.042805659,0.020266076,-0.74662889,0.015761203,0.66474519,0.0079466355,0.19613134,-0.00068940927
20.8105,0.32500754,0.0068182169,0.042795641,0.020726451,-0.74627194,0.016550278,0.66511255,0.005260917,0.19359338,-0.0047601598
20.8205,0.3250607,0.0086728335,0.04274311,0.021107183,-0.7458209,0.017398048,0.66558469,-0.0039078621,0.17064198,0.001041541
20.8305,0.325038,0.010334568,0.042678887,0.021260777,-0.74494893,0.018235321,0.66653323,-0.0031443445,0.16429593,-0.00647784
20.8405,0.32495733,0.011764453,0.042577835,0.021301994,-0.74365636,0.019024899,0.66795172,-0.0094968294,0.13263882,-0.012053017
20.8505,0.32485528,0.012996868,0.042483468,0.021341723,-0.74214419,0.019660755,0.66961182,-0.0099161444,0.11289384,-0.0027970599
20.8605,0.32474223,0.014136555,0.042413532,0.021619041,-0.73990989,0.019825209,0.67206616,-0.0080421431,0.11111478,-0.006906257
20.8705,0.32458817,0.015119191,0.042307604,0.021715065,-0.73685356,0.020043316,0.67540622,-0.012141086,0.08964409,-0.010187288
20.8805,0.32440983,0.015952743,0.042128189,0.02141626,-0.73350344,0.020615259,0.67903539,-0.012546236,0.078722547,-0.010422365
20.8905,0.32422001,0.016645046,0.041902875,0.020846259,-0.72983262,0.021316905,0.68297538,-0.011862183,0.066036893,-0.028231164
20.9005,0.32404064,0.01732176,0.041713308,0.02066966,-0.72579849,0.021472599,0.68726141,-0.0096071877,0.064227535,-0.019745729
20.9105,0.3238818,0.017972138,0.041569717,0.020838034,-0.72161877,0.021244389,0.69165078,-0.0061683392,0.065416275,-0.013968155
20.9205,0.32375446,0.018632575,0.041416216,0.02077313,-0.71753723,0.021181297,0.69588803,-0.0040550555,0.065937159,-0.015776114
20.9305,0.32364805,0.019279305,0.041228262,0.02042555,-0.71367415,0.021341888,0.69985465,-0.0024499052,0.062942378,-0.010840505
20.9405,0.32355439,0.019884942,0.041153439,0.020035333,-0.70993213,0.021568117,0.70365458,-0.0012309252,0.059367611,-0.014360968
20.9505,0.32347235,0.020345001,0.041110306,0.019561456,-0.70682574,0.021660446,0.70678536,-0.003565082,0.027642504,0.0072464268
20.9605,0.32333933,0.020469386,0.041186685,0.018587874,-0.70470805,0.021331805,0.70893301,-0.0071675958,-0.00027762042,0.006878671
20.9705,0.32319003,0.02039579,0.041248045,0.01737307,-0.70342011,0.020669232,0.7102613,-0.0073040256,-0.012994405,0.0044527552
20.9805,0.32303273,0.020225145,0.041337867,0.01607221,-0.70244171,0.019825647,0.71128354,-0.0082642195,-0.019832404,0.014664121
20.9905,0.32286917,0.019997894,0.041482833,0.014841982,-0.70148739,0.018824608,0.71227859,-0.0083958842,-0.024860998,0.015892332
21.0005,0.3227135,0.019740846,0.041674014,0.013413286,-0.70055748,0.018037631,0.71324186,-0.0069812593,-0.026201264,0.020225947
21.0105,0.32256691,0.019388702,0.041935049,0.012131236,-0.69915289,0.016728227,0.71467352,-0.0021928329,-0.041802011,0.03453994
21.0205,0.32245991,0.018966703,0.042495782,0.010838941,-0.69686319,0.015004744,0.71696518,0.0058065236,-0.042641133,0.068724746
21.0305,0.32241713,0.018526672,0.043228372,0.0089751962,-0.69394235,0.013660003,0.71984503,0.014019993,-0.041083028,0.084636911
21.0405,0.32245054,0.018086296,0.044032384,0.0068318925,-0.69126737,0.012079519,0.7224658,0.022335328,-0.047017906,0.073102809
21.0505,0.32255354,0.017601263,0.044716134,0.0048074676,-0.68933294,0.0097691478,0.72436286,0.03072722,-0.048757686,0.066243417
21.0605,0.32275111,0.017144802,0.045444241,0.00287713,-0.68749875,0.0072073191,0.7261441,0.038599393,-0.045726853,0.067296452
21.0705,0.32300246,0.016670868,0.046108625,0.00097103827,-0.68627419,0.0041881266,0.72733023,0.043145933,-0.049748602,0.057993683
21.0805,0.32329693,0.016174459,0.046668482,-0.00080469794,-0.68582797,0.00062237941,0.72776299,0.046228657,-0.05277043,0.040248781
21.0905,0.32361655,0.015698706,0.047176725,-0.0024963545,-0.68581476,-0.0030113326,0.72776563,0.046804547,-0.041902367,0.053323855
21.1005,0.3239419,0.015309327,0.047751117,-0.004904863,-0.68638492,-0.006060348,0.72719664,0.046806604,-0.036589168,0.055634012
21.1105,0.32426925,0.014958461,0.048300362,-0.0076798456,-0.687496,-0.0088974093,0.72609304,0.046272904,-0.032826628,0.053306031
21.1205,0.3245967,0.014638351,0.048814791,-0.010447069,-0.68881181,-0.011556526,0.72477279,0.045139279,-0.029845816,0.050129908
21.1305,0.32493135,0.014281014,0.049469984,-0.013158458,-0.68967084,-0.01416306,0.7238649,0.048684861,-0.038493398,0.078301618
21.1405,0.32528134,0.013887612,0.050373622,-0.015723826,-0.68983806,-0.016785988,0.72359826,0.044751427,-0.033924691,0.099402628
21.1505,0.32556968,0.013823247,0.051402401,-0.017308453,-0.6905692,-0.019059084,0.72280796,0.033664668,0.016984775,0.099264796
21.1605,0.32587005,0.014314004,0.052297042,-0.017653896,-0.69193731,-0.020350333,0.72145476,0.03117092,0.073978746,0.075954286
21.1705,0.32621218,0.015295265,0.052945047,-0.017013862,-0.69378403,-0.020604635,0.71968723,0.028807431,0.11645062,0.05093467
21.1805,0.32658487,0.01665253,0.053348099,-0.015623167,-0.69591462,-0.019913103,0.71767836,0.026710041,0.15003293,0.028115355
21.1905,0.32700549,0.018383465,0.053378298,-0.013517603,-0.69852819,-0.018193554,0.71522349,0.026829509,0.19053367,-0.018972671
21.2005,0.32748654,0.020472813,0.052983109,-0.010747659,-0.70171224,-0.015438374,0.7122121,0.02701241,0.22290428,-0.056131533
21.2105,0.328017,0.022846939,0.052246035,-0.0074475353,-0.7052829,-0.011809316,0.70878848,0.027519759,0.24866338,-0.085797037
21.2205,0.32860684,0.025465134,0.051103322,-0.0037174013,-0.70936316,-0.007378776,0.70479475,0.029824695,0.27262119,-0.13381527
21.2305,0.32926226,0.028275275,0.049538186,0.00033283253,-0.71398275,-0.0022568359,0.70015958,0.032733347,0.28883279,-0.16992259
21.2405,0.32997649,0.031198654,0.047662338,0.0045773869,-0.71892808,0.003355211,0.6950613,0.036159483,0.29715205,-0.19614664
21.2505,0.33074866,0.034156224,0.045480891,0.0088677617,-0.72419361,0.0092805778,0.68947723,0.040625869,0.29767402,-0.22989294
21.2605,0.33157011,0.037069381,0.043020727,0.013059864,-0.72973487,0.015332827,0.68343351,0.044415486,0.29036181,-0.25301785
21.2705,0.33231868,0.039572903,0.040833968,0.01655013,-0.73461656,0.020418068,0.67797323,0.030637777,0.17820739,-0.12991277
21.2805,0.33266327,0.040704647,0.040240641,0.017883631,-0.73660996,0.022342783,0.67571203,0.017412662,0.081165999,-0.0086250581
21.2905,0.33288273,0.041351972,0.04043049,0.018213007,-0.73758565,0.023080114,0.67461323,0.019833626,0.063911821,0.039383242
21.3005,0.33313331,0.042031358,0.040933477,0.018170088,-0.73796665,0.023547268,0.67418142,0.025405863,0.071574806,0.057952364
21.3105,0.33345221,0.042809637,0.04150008,0.018191849,-0.73830981,0.023781286,0.6737968,0.033494203,0.080044101,0.054990967
21.3205,0.33384717,0.043600465,0.041986274,0.017836909,-0.738794,0.024292884,0.6732571,0.042873664,0.06572081,0.047385944
21.3305,0.33430248,0.043870278,0.04234937,0.01723654,-0.7398532,0.025014772,0.67208214,0.042220035,-0.00024149259,0.022728934
21.3405,0.33474994,0.043532092,0.042292488,0.016626679,-0.74163486,0.025822014,0.67010037,0.039577348,-0.055849269,0.0035747998
21.3505,0.3351485,0.042761481,0.042459114,0.016094901,-0.74297809,0.026500939,0.6685972,0.028247826,-0.091162089,0.029061416
21.3605,0.33530674,0.041615877,0.042464998,0.015564904,-0.74406459,0.026703336,0.66739235,0.0042964599,-0.12441574,0.011936433
21.3705,0.335258,0.04022363,0.042499702,0.015133397,-0.7446926,0.02651913,0.66670882,-0.010766963,-0.14858944,0.0057676844
21.3805,0.33508812,0.038628962,0.042529509,0.014727055,-0.74505305,0.026082583,0.66633232,-0.018222642,-0.1645193,0.011125414
21.3905,0.33485976,0.036868303,0.042541255,0.014295882,-0.74526366,0.025454315,0.66613045,-0.021379341,-0.18482559,-0.004096057
21.4005,0.33460454,0.034990105,0.042518331,0.013850056,-0.74537524,0.024674982,0.66604434,-0.022565771,-0.19199341,-0.0045249562
21.4105,0.33430023,0.033121421,0.042515299,0.013490403,-0.7452226,0.023847993,0.66625262,-0.031174225,-0.18032617,0.0044471523
21.4205,0.33398904,0.031268203,0.042484176,0.013058295,-0.74499899,0.023045043,0.6665395,-0.022485084,-0.18862053,-0.0065841113
21.4305,0.33375428,0.029442192,0.042468782,0.012982761,-0.74461118,0.021998249,0.66700953,-0.020251068,-0.18394118,-0.013535378
21.4405,0.33347612,0.027691689,0.042406789,0.012952861,-0.74374824,0.020945599,0.66800603,-0.026239476,-0.16747081,-0.0069283238
21.4505,0.33313637,0.026130165,0.042351837,0.012887607,-0.74245369,0.020083901,0.66947223,-0.030673622,-0.14817578,-0.0086889221
21.4605,0.33278583,0.024717631,0.042278763,0.012878275,-0.74038686,0.019279298,0.67178104,-0.027605833,-0.13202695,-0.0061282379
21.4705,0.33244469,0.023536479,0.042182717,0.012974628,-0.73745474,0.018495903,0.67501857,-0.024905735,-0.11157621,-0.006158913
21.4805,0.33213167,0.022515661,0.042068464,0.012836245,-0.73408148,0.018007847,0.6787012,-0.020691856,-0.097034727,-0.012931727
21.4905,0.33187033,0.021556305,0.041908438,0.013182687,-0.73045011,0.017162034,0.68262311,-0.01625314,-0.096052511,-0.017920631
21.5005,0.3316367,0.020687584,0.041760265,0.013677848,-0.72645229,0.016246673,0.68688866,-0.013289177,-0.083127213,-0.015648252
21.5105,0.33142456,0.01985408,0.041601293,0.013947665,-0.72234768,0.015570552,0.69121404,-0.01179367,-0.082435428,-0.010508982
21.5205,0.3312373,0.019041056,0.041412022,0.014361064,-0.71837615,0.014839842,0.69534829,-0.010001037,-0.079079526,-0.013427188
21.5305,0.33105618,0.018287631,0.041310899,0.014674326,-0.71439465,0.014288095,0.6994432,-0.0090865243,-0.070202251,-0.019698729
21.5405,0.33088791,0.017627165,0.041230118,0.014896952,-0.71054965,0.013828987,0.70335343,-0.0093193085,-0.065985865,-0.01065131
21.5505,0.33073762,0.017185696,0.041188788,0.014973469,-0.70725308,0.013770414,0.70666771,-0.0099763817,-0.021977771,0.0058740188
21.5605,0.33059706,0.01710712,0.041275259,0.015160884,-0.70465919,0.014103373,0.70924373,-0.010924256,0.0014580333,0.011363308
21.5705,0.33047731,0.017186608,0.041368147,0.01539961,-0.70265383,0.01456906,0.71121599,-0.0097446408,0.012360665,0.0093465535
21.5805,0.33038305,0.017369453,0.041519658,0.015957152,-0.70081131,0.015269683,0.71300471,-0.0093588483,0.02257607,0.020608882
21.5905,0.33031843,0.017626463,0.041757586,0.01691816,-0.69889837,0.016230205,0.71483665,-0.0077617875,0.028333181,0.025769786
21.6005,0.33028408,0.017927508,0.042011537,0.018024464,-0.69704045,0.017365546,0.71659484,-0.0057037825,0.032400084,0.023077323
21.6105,0.33031221,0.018303886,0.042393714,0.019404924,-0.69464737,0.01900434,0.71883748,0.0027281807,0.039541304,0.055640654
21.6205,0.33043799,0.01871847,0.043086962,0.021738639,-0.69140377,0.020548864,0.72184902,0.010908718,0.042440102,0.074713278
21.6305,0.33064823,0.019145702,0.043897809,0.024241438,-0.687775,0.02232994,0.72517534,0.018205919,0.04146,0.083652297
21.6405,0.33094133,0.019591102,0.044710626,0.026998271,-0.68459353,0.024235566,0.72802159,0.023671345,0.047308693,0.072793847
21.6505,0.33130879,0.020076004,0.045429933,0.029691487,-0.68225746,0.02651845,0.73002736,0.028924921,0.050190463,0.064434318
21.6605,0.33172802,0.020573929,0.046075942,0.032365963,-0.6804648,0.028861503,0.73149649,0.032294482,0.048314555,0.066591323
21.6705,0.33218811,0.021018854,0.046688247,0.034773799,-0.67934742,0.031471594,0.73231647,0.034657724,0.042946475,0.05354339
21.6805,0.33268663,0.021406289,0.047191565,0.037063894,-0.67912422,0.034099698,0.7322935,0.037455611,0.037275151,0.049363845
21.6905,0.33321194,0.021730742,0.047600099,0.039205475,-0.67948363,0.036678382,0.73172374,0.038735356,0.030243015,0.039271444
21.7005,0.33375178,0.02198648,0.047941909,0.041272901,-0.68072261,0.039122003,0.73033057,0.038890069,0.024606372,0.03129039
21.7105,0.33428916,0.022193638,0.048193235,0.043283085,-0.6827814,0.041380241,0.72816469,0.036688257,0.020293948,0.021123819
21.7205,0.33479463,0.022361278,0.048353084,0.045247548,-0.68528066,0.043376028,0.72557674,0.032980104,0.016312879,0.01148528
21.7305,0.33529048,0.022548822,0.048585343,0.047255138,-0.68753725,0.045395749,0.7231865,0.035285739,0.023170612,0.03269725
21.7405,0.33580311,0.022773589,0.04900093,0.04942683,-0.68911654,0.047424617,0.72140577,0.037487819,0.023436353,0.047843414
21.7505,0.33631197,0.022926279,0.049524348,0.051289359,-0.69042326,0.049393275,0.71989265,0.033902195,-0.0065224328,0.051342189
21.7605,0.33668102,0.022409837,0.049879741,0.051495521,-0.69283557,0.050491237,0.71748012,0.025210617,-0.084301741,0.025545154
21.7705,0.33691559,0.021265231,0.049973445,0.050411313,-0.69602617,0.050438257,0.71446641,0.017908761,-0.1370942,-0.00090991229
21.7805,0.3370403,0.019685904,0.049842503,0.048439115,-0.69957047,0.049367065,0.71120862,0.012536959,-0.17455503,-0.021033451
21.7905,0.33707921,0.01767745,0.04940196,0.045705537,-0.70351507,0.047306257,0.70762961,0.0092450862,-0.22315176,-0.061483191
21.8005,0.33705544,0.015274284,0.04863007,0.04232225,-0.70785231,0.044314863,0.70369747,0.0073903377,-0.2561585,-0.089975077
21.8105,0.33699177,0.012616972,0.047640005,0.038487983,-0.71232503,0.040591575,0.69961708,0.0071502804,-0.27596445,-0.10779233
21.8205,0.33692627,0.0098152956,0.04639524,0.034411583,-0.71700255,0.036370362,0.69527001,0.01018222,-0.28620089,-0.14012692
21.8305,0.33687764,0.0069693689,0.044871004,0.030279991,-0.72193779,0.03185962,0.69056058,0.010851292,-0.28584488,-0.16742779
21.8405,0.33683504,0.0041737816,0.043106364,0.026233796,-0.72702567,0.027239658,0.68556799,0.011497893,-0.27682145,-0.18803619
21.8505,0.33683506,0.0015778685,0.041288992,0.022597242,-0.73192084,0.022968671,0.68062743,0.015915536,-0.22498461,-0.12538819
21.8605,0.33694667,-0.0001253717,0.04076752,0.020912405,-0.73423738,0.021120396,0.6782419,0.017863646,-0.13642944,-0.0053699093
21.8705,0.33711726,-0.0013100011,0.04097454,0.020218547,-0.73502891,0.020491415,0.6774244,0.020402649,-0.1034429,0.035590309
21.8805,0.3373407,-0.0023129827,0.041487176,0.020750398,-0.73518359,0.019472527,0.6772705,0.026903917,-0.10097666,0.051069106
21.8905,0.33763758,-0.0032811942,0.042007501,0.020927526,-0.73557773,0.019007395,0.67685018,0.032420004,-0.093935707,0.047604583
21.9005,0.33799995,-0.0041913693,0.04242158,0.020830068,-0.73629678,0.01876952,0.67607756,0.039066064,-0.093795639,0.032438298
21.9105,0.3383952,-0.0052015745,0.042685072,0.020069999,-0.73740577,0.017894053,0.6749146,0.044645229,-0.1044278,0.011985353
21.9205,0.33881948,-0.005859275,0.04256243,0.019372235,-0.73942913,0.016459231,0.67275431,0.044142276,-0.030982124,-0.037624255
21.9305,0.33924842,-0.0058138982,0.042348908,0.019196142,-0.74155421,0.015329071,0.67044305,0.041800786,0.031003974,-0.00045691247
21.9405,0.33967656,-0.0052653702,0.04253561,0.019377583,-0.74289504,0.01461438,0.66896778,0.042201688,0.073225291,0.026944062
21.9505,0.34011435,-0.0043149719,0.042855485,0.019697992,-0.74382994,0.014243155,0.66792675,0.041986646,0.11772419,0.015097349
21.9605,0.34056951,-0.0028838506,0.042784672,0.020245812,-0.74507003,0.014597429,0.66651907,0.039993532,0.15428774,-9.1286597e-05
21.9705,0.34102424,-0.0012548577,0.042868278,0.020461762,-0.74585326,0.015209629,0.66562219,0.042718622,0.18245043,-0.01047623
21.9805,0.3414785,0.00061621866,0.042819218,0.02074226,-0.74658117,0.016171116,0.66477426,0.032514238,0.19219529,-0.0019105187
21.9905,0.34174615,0.0025480668,0.042820169,0.021227728,-0.7467494,0.016950141,0.66455053,0.016907078,0.19895212,-0.0074768052
22.0005,0.34190044,0.0044968084,0.042802359,0.021743631,-0.74659618,0.017739852,0.66468538,0.0091045777,0.19419394,-0.0015727067
22.0105,0.34200779,0.0064107057,0.042774773,0.022235589,-0.74625553,0.018529485,0.66503002,0.0067579099,0.18697909,0.0030909793
22.0205,0.34208093,0.0082356982,0.042727321,0.022658227,-0.74580192,0.01933127,0.66550162,-0.0012376125,0.1726088,-0.0082814459
22.0305,0.34206712,0.009857968,0.042681029,0.022944557,-0.7449016,0.020053835,0.66647805,-0.0023330512,0.16052252,-0.0079616091
22.0405,0.34199331,0.011245078,0.042589446,0.023142496,-0.74359782,0.02071625,0.66790534,-0.0092752688,0.12545412,-0.0024815344
22.0505,0.34189626,0.012432498,0.042504871,0.023320142,-0.74207032,0.021245089,0.66957931,-0.0089013216,0.10990761,-0.0016931813
22.0605,0.34179027,0.013529495,0.04246731,0.023659117,-0.73980197,0.021339074,0.67206988,-0.0073905272,0.10536524,-0.0034610609
22.0705,0.34167069,0.014562974,0.042332727,0.02360273,-0.7368069,0.021620599,0.67534513,-0.0083578086,0.096844565,-0.0088680774
22.0805,0.34151876,0.015450658,0.042144214,0.02311861,-0.73345455,0.022295895,0.67897927,-0.010385442,0.084369989,-0.020498326
22.0905,0.3413478,0.016193239,0.041866948,0.022264466,-0.72981966,0.023287891,0.6828801,-0.011167025,0.067557691,-0.029562565
22.1005,0.34118616,0.016779246,0.041647533,0.021800854,-0.72578626,0.023800605,0.68716269,-0.0067333754,0.055355239,-0.014875876
22.1105,0.34105102,0.017371143,0.041610893,0.022819958,-0.72150163,0.022775099,0.69166173,-0.0039355888,0.059337885,-0.0084984655
22.1205,0.34094732,0.017992917,0.041472357,0.022904955,-0.71748175,0.022571379,0.69583463,-0.0018238781,0.062649217,-0.01586112
22.1305,0.34086125,0.018611156,0.041257393,0.022446146,-0.71368036,0.022848991,0.69973884,-0.00089946686,0.061234359,-0.015395677
22.1405,0.34077983,0.019197173,0.041150478,0.021999127,-0.70997505,0.023138931,0.70350271,-0.00084317647,0.057019755,-0.0085023341
22.1505,0.34072193,0.019677865,0.041085333,0.021556087,-0.7068625,0.023313402,0.70663797,0.0012116249,0.034281395,0.0053537931
22.1605,0.34063013,0.019853512,0.041164019,0.02057577,-0.70472921,0.023202072,0.70879831,-0.0045342634,0.0058219247,0.010877347
22.1705,0.34050518,0.019813723,0.041231655,0.019361552,-0.70341239,0.022696566,0.71015562,-0.005540497,-0.011190031,0.0040521511
22.1805,0.34036481,0.019638869,0.041316075,0.018265452,-0.70243791,0.021772985,0.7111774,-0.0072616169,-0.02067673,0.017869834
22.1905,0.34021132,0.019387661,0.041497295,0.016914242,-0.70142967,0.021003586,0.71222832,-0.0075243764,-0.028077106,0.021262103
22.2005,0.3400632,0.019084793,0.041694308,0.01564536,-0.70049509,0.020143684,0.71320129,-0.0066994269,-0.031358801,0.019240298
22.2105,0.3399154,0.018696508,0.041940109,0.014333001,-0.69907408,0.018912901,0.71465537,-0.0021018791,-0.04116808,0.045652112
22.2205,0.33980319,0.018264056,0.042537732,0.012644,-0.69667394,0.017613988,0.71706018,0.0050638689,-0.046205984,0.065770208
22.2305,0.33974925,0.01779157,0.043253852,0.011194075,-0.69382475,0.015899454,0.71988132,0.011800097,-0.048450791,0.074673156
22.2405,0.33976047,0.017287055,0.043995843,0.0094995066,-0.69127728,0.013885232,0.72239372,0.01940195,-0.05369153,0.066715722
22.2505,0.33983468,0.016759362,0.044684288,0.007561651,-0.6893625,0.011509007,0.72428565,0.027536902,-0.054153876,0.061085305
22.2605,0.34000806,0.016265066,0.045403637,0.0056861003,-0.68754884,0.0089035831,0.72606128,0.036614462,-0.047724293,0.07236962
22.2705,0.34023666,0.015765871,0.046071679,0.0037697401,-0.68632365,0.0059170619,0.72726242,0.040806971,-0.052744856,0.055859461
22.2805,0.34051321,0.01524611,0.046631507,0.0020455894,-0.68589045,0.0023200829,0.72769824,0.045096635,-0.0540446,0.045153269
22.2905,0.34082095,0.014788471,0.047194263,0.00012392688,-0.68584402,-0.0010367707,0.72774782,0.045878137,-0.039667309,0.058033988
22.3005,0.34113834,0.014411003,0.047785496,-0.002432223,-0.68640517,-0.0039084629,0.72720475,0.046159916,-0.035734222,0.056762346
22.3105,0.34146107,0.014064823,0.048333714,-0.0052686738,-0.68752063,-0.006663232,0.72611516,0.045881925,-0.032589719,0.05306026
22.3205,0.34178575,0.013745661,0.04884176,-0.0080584448,-0.68884449,-0.0092836275,0.7248049,0.044887867,-0.029920311,0.049519576
22.3305,0.34211839,0.01338688,0.049490206,-0.010774238,-0.68971216,-0.011872444,0.72390614,0.048468008,-0.03882264,0.077695441
22.3405,0.34246132,0.01299052,0.050373913,-0.013444688,-0.68985169,-0.014380221,0.72368301,0.044033029,-0.034058132,0.097516473
22.3505,0.34275061,0.012953068,0.051391063,-0.015061245,-0.69054897,-0.016497568,0.7229406,0.033848718,0.019827571,0.099458332
22.3605,0.34305799,0.013472075,0.052284748,-0.015340433,-0.69191993,-0.017714363,0.72159385,0.031476528,0.076713644,0.075245632
22.3705,0.34341161,0.014480216,0.052938088,-0.014603345,-0.6937784,-0.017922641,0.71981738,0.029727394,0.11901839,0.051461677
22.3805,0.34379833,0.015862768,0.053343782,-0.013115539,-0.69592475,-0.017189386,0.71778914,0.027759347,0.15250266,0.027942684
22.3905,0.34423624,0.017616788,0.053377306,-0.010924742,-0.69854873,-0.015426512,0.71531276,0.028334611,0.19276918,-0.018805399
22.4005,0.344736,0.019725832,0.052978326,-0.0080881619,-0.70174464,-0.012624814,0.71227077,0.02866507,0.22481129,-0.056685772
22.4105,0.34528737,0.022114682,0.052236048,-0.0047401623,-0.70532305,-0.008952593,0.70881364,0.029423803,0.25002567,-0.08645262
22.4205,0.34589944,0.024740287,0.051087225,-0.00098323542,-0.70940664,-0.0044879288,0.70478445,0.031918745,0.2731797,-0.13452406
22.4305,0.34657723,0.027548345,0.049515418,0.0030703116,-0.7140253,0.00065326963,0.70011286,0.034902067,0.28839012,-0.17066261
22.4405,0.34731261,0.030458625,0.047632886,0.0072935877,-0.71896594,0.0062645554,0.6949788,0.038286412,0.29557216,-0.19685306
22.4505,0.34810346,0.033391317,0.0454455,0.011537644,-0.72422326,0.012166181,0.68936168,0.042600937,0.2949107,-0.23048981
22.4605,0.34894058,0.036268341,0.042982596,0.015660213,-0.72975126,0.018171012,0.68329179,0.046256174,0.28652024,-0.25303715
22.4705,0.34968569,0.038696975,0.040870022,0.019026738,-0.73449752,0.023035403,0.67795335,0.030616983,0.17043963,-0.1215898
22.4805,0.3500268,0.039782939,0.040322982,0.020231887,-0.73639344,0.024878269,0.6757932,0.018141305,0.078269191,-0.0064908606
22.4905,0.3502558,0.040423379,0.040517582,0.020485586,-0.73733259,0.025626901,0.67473273,0.021650242,0.065501265,0.039434734
22.5005,0.35052534,0.041096055,0.040990422,0.020510069,-0.73776524,0.026018158,0.6742439,0.027911504,0.069208269,0.052021596
22.5105,0.35086694,0.041850443,0.041509899,0.020468475,-0.73816404,0.026299179,0.67379763,0.036574042,0.080057565,0.051406548
22.5205,0.3512728,0.042589289,0.041973639,0.020281112,-0.73871694,0.026653288,0.67318316,0.041558043,0.053150965,0.044546445
22.5305,0.35171158,0.042748567,0.042329001,0.019729183,-0.73973995,0.027310845,0.67204887,0.040588304,-0.010712692,0.024193645
22.5405,0.35213782,0.042314315,0.042309639,0.019060565,-0.74143723,0.028066278,0.67016402,0.03809939,-0.06388399,0.0088328262
22.5505,0.35251851,0.041448683,0.042447192,0.018410712,-0.74281032,0.028701127,0.66863303,0.027222998,-0.10919909,-0.0045204967
22.5605,0.35265505,0.04024527,0.042496831,0.017811429,-0.74380754,0.0288813,0.66753199,0.0029597057,-0.13353074,0.0040302229
22.5705,0.35259203,0.038791454,0.042512213,0.017296446,-0.74446123,0.028665937,0.66682574,-0.011881615,-0.15253303,0.0082215285
22.5805,0.3524106,0.037149056,0.042527135,0.016824841,-0.74485446,0.028201733,0.66641835,-0.019132806,-0.16971348,0.0072812144
22.5905,0.35217187,0.035348799,0.042518169,0.016334219,-0.74511062,0.027540206,0.66617182,-0.022069674,-0.18464918,0.0019743697
22.6005,0.35190929,0.033460318,0.042514691,0.015887529,-0.74520701,0.026770798,0.66610616,-0.023265773,-0.19156988,-0.00018073032
22.6105,0.35161201,0.031562312,0.042510213,0.015473481,-0.74509983,0.025959044,0.66626792,-0.030777811,-0.18857628,-0.0088824166
22.6205,0.35128529,0.029716553,0.04248966,0.015020341,-0.74484094,0.025179821,0.66659758,-0.024084143,-0.18634622,-0.0029194599
22.6305,0.35104169,0.027888177,0.042461892,0.015002494,-0.74447524,0.02407534,0.66704717,-0.019134868,-0.17923052,-0.0033514364
22.6405,0.3507652,0.026169419,0.042413807,0.014986295,-0.74359701,0.023057792,0.6680623,-0.026302011,-0.16104974,0.00028138197
22.6505,0.35042494,0.024643266,0.042360104,0.014922959,-0.74230154,0.022219935,0.66953118,-0.029816485,-0.1466873,-0.011419739
22.6605,0.3500781,0.023270698,0.042276233,0.014903714,-0.74026219,0.021422291,0.67181163,-0.028064423,-0.12451583,-0.010833162
22.6705,0.34974669,0.022121752,0.042175757,0.014927747,-0.73733526,0.020734372,0.67504367,-0.023516573,-0.10577394,-0.005544137
22.6805,0.34945396,0.02112311,0.042044207,0.015093383,-0.7340488,0.019983314,0.67863481,-0.018396789,-0.098119641,-0.020259262
22.6905,0.34919453,0.020177631,0.041895489,0.015358646,-0.73038252,0.019221819,0.68259505,-0.015967786,-0.091384637,-0.019537613
22.7005,0.34896779,0.019347275,0.041737826,0.015720696,-0.72637728,0.018441212,0.68686886,-0.013331742,-0.086528283,-0.023632641
22.7105,0.34875943,0.018518497,0.041592145,0.016102146,-0.72229454,0.017697975,0.69117154,-0.011213358,-0.083822907,-0.02331511
22.7205,0.34856472,0.017701639,0.041416696,0.016511121,-0.71832007,0.016948067,0.6953103,-0.011359275,-0.080770499,-0.014164938
22.7305,0.34839696,0.017065682,0.041326114,0.016780649,-0.71428827,0.016436584,0.6994573,-0.0082247664,-0.05838711,-0.014507725
22.7405,0.34823731,0.016458506,0.041204109,0.016984477,-0.71050296,0.016002154,0.70330719,-0.0069756753,-0.061749911,-0.011816258
22.7505,0.34812633,0.016032263,0.041227321,0.017145356,-0.70728591,0.015941815,0.70653984,-0.0066623548,-0.024385457,0.0098671945
22.7605,0.34801207,0.015938858,0.041343424,0.017439845,-0.70474868,0.01618842,0.70905789,-0.0091830872,0.0012422871,0.011275319
22.7705,0.34790699,0.016020117,0.041430581,0.017705158,-0.70279153,0.016611818,0.71098146,-0.0085109898,0.013205159,0.0072561245
22.7805,0.34782742,0.016206446,0.041561193,0.018244244,-0.70098404,0.017305908,0.71273349,-0.0076411033,0.022695057,0.018596113
22.7905,0.3477766,0.016474582,0.041732686,0.018981114,-0.69910846,0.018465495,0.71452509,-0.006255546,0.030653361,0.019329606
22.8005,0.347759,0.016792469,0.041946379,0.019959239,-0.69728672,0.019698056,0.71624356,-0.0035666252,0.033694548,0.022065079
22.8105,0.34780342,0.017160529,0.04235887,0.021709973,-0.69486012,0.020920307,0.71851265,0.0040057295,0.039225348,0.053353302
22.8205,0.34794115,0.01756979,0.043043162,0.023920253,-0.69160143,0.022563684,0.72153043,0.01230767,0.041385296,0.076668091
22.8305,0.34816134,0.017984347,0.043857808,0.026359651,-0.68794665,0.02438034,0.72487252,0.019391043,0.040576472,0.083092158
22.8405,0.34846697,0.018419395,0.044674904,0.029067778,-0.68473236,0.026307172,0.72773937,0.025408963,0.045360208,0.078412399
22.8505,0.34884253,0.018897161,0.045386847,0.031755765,-0.6823913,0.028557988,0.72973839,0.028681718,0.049469872,0.068215887
22.8605,0.34926657,0.019385095,0.046050247,0.034455616,-0.6805623,0.030833726,0.73122982,0.033199463,0.048126573,0.064152042
22.8705,0.34973437,0.019825152,0.046666096,0.036851672,-0.6794049,0.033422329,0.73207506,0.035682403,0.042325713,0.060116723
22.8805,0.35023949,0.020204313,0.047172551,0.039121397,-0.67914857,0.036031731,0.73207134,0.038147649,0.036457466,0.047218049
22.8905,0.35077069,0.020520162,0.047603942,0.041246218,-0.67946976,0.038599293,0.73152559,0.039472259,0.029576425,0.043523583
22.9005,0.35131592,0.020769489,0.047970891,0.043291319,-0.68066826,0.04103826,0.73015919,0.039473171,0.024124346,0.032687577
22.9105,0.35185609,0.020971361,0.048229063,0.045275531,-0.68269952,0.043285732,0.7280095,0.03699994,0.019852211,0.021328725
22.9205,0.35236228,0.021133733,0.048388103,0.047218588,-0.68518022,0.045264291,0.72543064,0.033114125,0.015824103,0.011158055
22.9305,0.3528535,0.021309513,0.048617268,0.049289089,-0.68742361,0.047181226,0.72304447,0.034433775,0.021141321,0.031433669
22.9405,0.35336603,0.021527256,0.049024129,0.051388285,-0.68899855,0.049252517,0.72125892,0.038692007,0.024515695,0.048256817
22.9505,0.35386381,0.02160817,0.049512041,0.052853957,-0.69033592,0.051308891,0.71972923,0.032624513,-0.0189127,0.047768469
22.9605,0.35420783,0.020985112,0.049835903,0.052766375,-0.69280076,0.052265433,0.71729432,0.023660495,-0.093548671,0.022276408
22.9705,0.35442049,0.019761728,0.049909146,0.051544605,-0.69603901,0.052038666,0.71425824,0.016771308,-0.14411362,-0.0019682333
22.9805,0.35452714,0.018123735,0.049768946,0.04950498,-0.69961623,0.050808173,0.71098869,0.011463865,-0.17982103,-0.021699419
22.9905,0.35454973,0.016072071,0.049319516,0.046735089,-0.70358883,0.048617191,0.70740014,0.007895539,-0.22701586,-0.063157662
23.0005,0.35451149,0.013637656,0.048543874,0.043329546,-0.70794399,0.045528515,0.70346642,0.0061970765,-0.2588979,-0.090788444
23.0105,0.35443471,0.010959332,0.047550539,0.03948099,-0.7124305,0.041737389,0.69938689,0.00600419,-0.27774042,-0.10846803
23.0205,0.3543577,0.0081451453,0.046303628,0.035396695,-0.71711781,0.037473987,0.69504304,0.0091307981,-0.2871733,-0.14059281
23.0305,0.3542994,0.0052962221,0.044777581,0.031225388,-0.72205897,0.032971411,0.69033956,0.010187814,-0.28590018,-0.16684952
23.0405,0.35424879,0.0025024446,0.043013605,0.027169404,-0.72714775,0.028359764,0.68535662,0.010862663,-0.27652702,-0.18747336
23.0505,0.35424565,-6.7659499e-05,0.041248822,0.023599117,-0.73194941,0.024175496,0.6805209,0.015351061,-0.21976551,-0.11511342
23.0605,0.35435371,-0.0016532109,0.040767648,0.022029336,-0.73420859,0.022419381,0.678196,0.017200229,-0.12260604,-0.0049479426
23.0705,0.3545193,-0.0027263323,0.040967813,0.021382054,-0.73502717,0.021832633,0.67734866,0.01967046,-0.094820342,0.034466221
23.0805,0.35473716,-0.0036645812,0.041474177,0.021959174,-0.73521094,0.020806229,0.67716303,0.026345434,-0.095828187,0.050259389
23.0905,0.35502704,-0.0045978698,0.041990701,0.022090869,-0.73560746,0.020395534,0.67674048,0.031924475,-0.091831276,0.047296659
23.1005,0.35538718,-0.0054898231,0.042405428,0.022010135,-0.73632513,0.020178785,0.6759687,0.038926508,-0.091713652,0.033844791
23.1105,0.35578274,-0.006486359,0.042674744,0.021305101,-0.73742129,0.019323533,0.67482037,0.044268632,-0.10386852,0.012187702
23.1205,0.35620402,-0.0071813238,0.042555016,0.020572222,-0.73943586,0.017905488,0.67267436,0.044004393,-0.034982205,-0.037284687
23.1305,0.35663082,-0.0071703406,0.042341546,0.02036934,-0.74155608,0.016771156,0.67037183,0.041760724,0.028067934,-0.00071889015
23.1405,0.35705938,-0.0066483907,0.042524006,0.020542459,-0.74289795,0.01605509,0.66889676,0.042360616,0.070659564,0.026410487
23.1505,0.3574987,-0.0057268162,0.042849533,0.020846071,-0.74381999,0.015667636,0.66787109,0.042401542,0.11405254,0.018232194
23.1605,0.35795814,-0.0043221922,0.042782841,0.021381252,-0.74505102,0.01600555,0.66647254,0.040496494,0.15301656,-0.0031227913
23.1705,0.35841769,-0.0027172544,0.042866731,0.021587498,-0.74582919,0.016600767,0.66558036,0.043416179,0.17863863,-0.0070589513
23.1805,0.35887048,-0.00087333396,0.042828377,0.021823903,-0.74652686,0.01756471,0.66476526,0.031521965,0.18459987,0.011180181
23.1905,0.35914432,0.0010460321,0.042807721,0.022271895,-0.74671241,0.018392063,0.66451958,0.017847383,0.19804059,-0.0096918485
23.2005,0.35930981,0.002979803,0.042780907,0.022753257,-0.74656637,0.019204221,0.66464438,0.010220945,0.19305964,-0.0027567963
23.2105,0.3594269,0.0048751128,0.042756401,0.023208904,-0.74622055,0.0199984,0.66499346,0.0077780596,0.18590981,0.0019314293
23.2205,0.3595233,0.006700637,0.042719313,0.023728278,-0.74577338,0.02071265,0.66545475,0.0033969077,0.17519418,-0.0069406607
23.2305,0.35951019,0.0082585683,0.042676581,0.024040927,-0.74485421,0.02137525,0.6664513,-0.0030504271,0.15073478,-0.0039984806
23.2405,0.3594455,0.0096084629,0.042604587,0.024351859,-0.74353444,0.021900791,0.66789511,-0.0086634643,0.12246507,-0.0068225911
23.2505,0.35936328,0.010733481,0.042540281,0.024516927,-0.74201586,0.022386679,0.66955972,-0.010545372,0.09548187,-0.0052514239
23.2605,0.3592261,0.011650499,0.042440093,0.024515466,-0.73980595,0.022787768,0.67198725,-0.011945724,0.085362441,-0.0046184975
23.2705,0.35905701,0.012456725,0.042300207,0.02438922,-0.73682637,0.023233938,0.67524236,-0.012610703,0.076979624,-0.014687957
23.2805,0.3588863,0.013195626,0.042141064,0.024286143,-0.73349689,0.023595784,0.67884883,-0.0098266526,0.074246239,-0.021378761
23.2905,0.35872911,0.013929637,0.041938584,0.0239692,-0.72981095,0.023992653,0.6828073,-0.0096619585,0.068728658,-0.017465355
23.3005,0.35855507,0.014534424,0.041721303,0.023458701,-0.72580369,0.024463844,0.68706638,-0.0093884249,0.058828338,-0.01467227
23.3105,0.35840905,0.015095756,0.041554067,0.023371974,-0.72170531,0.024482141,0.69137241,-0.0063484002,0.048538087,-0.011579452
23.3205,0.35828805,0.015549796,0.041418235,0.023285193,-0.71766937,0.024477216,0.69556405,-0.0020812666,0.049761515,-0.0096057326
23.3305,0.35820715,0.016068095,0.041284102,0.022960365,-0.71382713,0.024637296,0.69951173,0.00033206396,0.052601911,-0.0091034575
23.3405,0.35815046,0.016593121,0.04117079,0.02263593,-0.7102078,0.024782512,0.70319153,0.0015534854,0.051115592,-0.01130878
23.3505,0.35808609,0.017015455,0.041135522,0.0223272,-0.70698723,0.024744425,0.70644056,-0.0018836776,0.026132326,0.0074706907
23.3605,0.35796758,0.017123351,0.041222172,0.021506011,-0.7047272,0.024336431,0.70873465,-0.0057701758,9.1750438e-05,0.0097390156
23.3705,0.35782951,0.017029528,0.041290274,0.020553216,-0.70333657,0.023532467,0.71017002,-0.0062856145,-0.01518062,0.0062561887
23.3805,0.35768324,0.016842126,0.041414974,0.019229987,-0.70224081,0.022872902,0.71131208,-0.0074068753,-0.023137305,0.014379247
23.3905,0.35753214,0.016592003,0.041587741,0.01802731,-0.70119308,0.02202911,0.71240298,-0.0072904616,-0.026423192,0.019905102
23.4005,0.35738976,0.01631543,0.041774375,0.016830392,-0.70022925,0.021195708,0.71340485,-0.0062043972,-0.028325559,0.019352307
23.4105,0.3572535,0.015955877,0.042011114,0.015669321,-0.698795,0.019956665,0.71487184,-0.0011871998,-0.039417763,0.043272102
23.4205,0.35715903,0.015555642,0.042617289,0.01426839,-0.69640301,0.018534941,0.71726962,0.0066384954,-0.042317446,0.067347413
23.4305,0.35712485,0.015117332,0.043331422,0.01258876,-0.69349197,0.017183255,0.72014939,0.013607265,-0.045174727,0.074151302
23.4405,0.35715719,0.014644214,0.044055828,0.011097108,-0.69097232,0.015111741,0.72263804,0.021047891,-0.050826301,0.063207445
23.4505,0.35725318,0.014153616,0.044736762,0.009259726,-0.68908549,0.012780607,0.72450817,0.029216841,-0.047996172,0.06816327
23.4605,0.35744514,0.013705358,0.045462505,0.0072946189,-0.68728765,0.010403644,0.72627422,0.037855923,-0.044391658,0.069102039
23.4705,0.35769202,0.01324338,0.046134446,0.0053513335,-0.68608725,0.0075667944,0.72746023,0.042165096,-0.048553321,0.059268868
23.4805,0.35797824,0.012752996,0.046673871,0.0035254889,-0.68568062,0.0041703831,0.72788204,0.045421903,-0.051407862,0.043618004
23.4905,0.35829166,0.0123031,0.047207643,0.001674441,-0.68568716,0.00082789806,0.72789396,0.045827114,-0.039487401,0.055694259
23.5005,0.3586114,0.01192772,0.047784663,-0.00079773284,-0.68629429,-0.0020498901,0.72732063,0.046080236,-0.03584908,0.055738694
23.5105,0.35893524,0.011580499,0.048329538,-0.003560309,-0.68743922,-0.004809019,0.72621726,0.045719313,-0.03292574,0.052798909
23.5205,0.35926008,0.011259028,0.048838431,-0.0062889539,-0.68878451,-0.0074296693,0.72490078,0.044689554,-0.030291234,0.049511398
23.5305,0.35959235,0.010897566,0.049488454,-0.0089545901,-0.6896708,-0.010016306,0.7239984,0.048252151,-0.039233845,0.077719245
23.5405,0.35993945,0.010498245,0.050387327,-0.01147603,-0.6898673,-0.012627004,0.72373474,0.044529165,-0.034436449,0.099024293
23.5505,0.36023533,0.010475052,0.051409696,-0.012953354,-0.69063675,-0.01479197,0.7229345,0.034039335,0.022306436,0.098557181
23.5605,0.36055151,0.011029674,0.05229378,-0.013165839,-0.69204759,-0.015921858,0.72155616,0.03218948,0.081049057,0.075055462
23.5705,0.36091708,0.012086904,0.052929927,-0.012378609,-0.6939345,-0.015984577,0.71975425,0.030372716,0.1244602,0.049648411
23.5805,0.36131844,0.013525327,0.053314717,-0.010836932,-0.6961075,-0.015085482,0.71769725,0.028942663,0.15833664,0.027067668
23.5905,0.36177496,0.015335482,0.053329724,-0.0085855174,-0.698753,-0.013159099,0.71519044,0.029557105,0.1983898,-0.020747941
23.6005,0.3622942,0.01749529,0.05290721,-0.005691458,-0.70197481,-0.010207836,0.71210587,0.030027135,0.22966203,-0.059008253
23.6105,0.36286545,0.01992383,0.052138784,-0.0022990673,-0.70558108,-0.0064118756,0.70859646,0.030923727,0.25352807,-0.089016798
23.6205,0.36349698,0.022572148,0.050962578,0.0014773497,-0.70969218,-0.0018609939,0.70450789,0.033524524,0.27473672,-0.13720072
23.6305,0.36419221,0.025380852,0.049363974,0.0055153149,-0.71433539,0.0033182596,0.6997739,0.036482089,0.28756051,-0.17324673
23.6405,0.36494115,0.028266458,0.047457137,0.0096811653,-0.7192956,0.0089119509,0.69457951,0.039692872,0.29211694,-0.19914283
23.6505,0.36573988,0.031148316,0.045249683,0.013822704,-0.7245659,0.014736647,0.6889093,0.043661029,0.28884867,-0.23237921
23.6605,0.36657691,0.033950378,0.042768836,0.017799503,-0.73010347,0.020608348,0.68279382,0.04669038,0.27817461,-0.25497475
23.6705,0.36729381,0.036227391,0.040718618,0.020907631,-0.73471854,0.025204209,0.67758121,0.028663097,0.15249642,-0.11435934
23.6805,0.36761895,0.037222449,0.040233336,0.022023045,-0.73652475,0.026872282,0.67551769,0.017923695,0.072734095,-0.0023807459
23.6905,0.36784429,0.037815331,0.040458947,0.022287512,-0.73744207,0.027519097,0.6744814,0.021400943,0.059914205,0.040916451
23.7005,0.36809792,0.038447649,0.04097408,0.022177009,-0.73777053,0.027993352,0.67410622,0.024979626,0.065829678,0.059088934
23.7105,0.36841258,0.039167321,0.041549264,0.022276463,-0.73808734,0.028131465,0.67375029,0.034789663,0.076394567,0.054106505
23.7205,0.36881348,0.039851304,0.042021926,0.021893897,-0.73864852,0.028652938,0.67312557,0.040970104,0.042823653,0.045545147
23.7305,0.36924648,0.039918972,0.042357188,0.021244815,-0.7397408,0.029396589,0.67191372,0.03987568,-0.018849578,0.018337442
23.7405,0.36966361,0.039404125,0.042292091,0.020547912,-0.74152098,0.030111148,0.66993861,0.037261503,-0.070903821,0.0060949343
23.7505,0.3700322,0.038485119,0.042469545,0.019934592,-0.7428348,0.030669053,0.66847474,0.025927285,-0.11071039,0.013667399
23.7605,0.37015704,0.037208068,0.042483766,0.019313336,-0.74388532,0.030724509,0.66732123,0.0017507627,-0.1340972,0.017554199
23.7705,0.37008144,0.035710427,0.0425101,0.018821655,-0.74450715,0.030434867,0.66665476,-0.012925984,-0.15447712,0.013415392
23.7805,0.3698885,0.03403337,0.042523245,0.018362227,-0.74488234,0.029908656,0.66627216,-0.019912969,-0.16993879,0.01303365
23.7905,0.36964123,0.032214667,0.042521139,0.017886444,-0.74510914,0.029206205,0.66606264,-0.022772687,-0.19131138,-0.0091880945
23.8005,0.36937205,0.030315426,0.042519876,0.017441891,-0.74518496,0.028398566,0.66602453,-0.023910002,-0.19707723,-0.011635373
23.8105,0.36905912,0.02842666,0.042506478,0.017058644,-0.74506227,0.027534234,0.66620798,-0.032761658,-0.18339031,-0.0022432018
23.8205,0.36872974,0.026596722,0.042493364,0.016655503,-0.74479299,0.026731689,0.66655188,-0.023751176,-0.18284791,0.0013801393
23.8305,0.3684827,0.024788174,0.042466351,0.016504356,-0.74442305,0.025729146,0.6670082,-0.021704365,-0.17656849,-0.005528035
23.8405,0.36817841,0.023127663,0.042414284,0.016455693,-0.74351483,0.024754231,0.66805849,-0.028525762,-0.15645255,-0.0041203644
23.8505,0.36782115,0.021660824,0.042341728,0.016407141,-0.7422132,0.023913544,0.66953605,-0.032191345,-0.14100244,-0.016915082
23.8605,0.36746725,0.020333809,0.04226638,0.016449119,-0.74014253,0.023121501,0.67185107,-0.027001705,-0.13175589,-0.01290341
23.8705,0.36713861,0.01915658,0.042168905,0.01653177,-0.73725345,0.022365824,0.67504357,-0.023614896,-0.10538432,-0.0085531702
23.8805,0.36685107,0.018214272,0.042050399,0.016786234,-0.73395535,0.021569846,0.67864756,-0.018477259,-0.091110789,-0.015808532
23.8905,0.36659742,0.017302134,0.041901195,0.017029975,-0.73029422,0.020846128,0.68260221,-0.016105134,-0.092951191,-0.017753205
23.9005,0.36637498,0.016419199,0.041753865,0.017418981,-0.72634941,0.020057446,0.68681207,-0.010286469,-0.079801637,-0.016002942
23.9105,0.36620469,0.015703264,0.041594555,0.017819038,-0.72229289,0.019305127,0.69108811,-0.0088082098,-0.075582215,-0.022404074
23.9205,0.36603074,0.014945479,0.041428299,0.01816268,-0.71830885,0.018641184,0.69523738,-0.0094064312,-0.077284016,-0.017103424
23.9305,0.36585967,0.014267571,0.041340659,0.018524137,-0.71433015,0.018035293,0.69933112,-0.0090750999,-0.066809202,-0.013148687
23.9405,0.36569279,0.013607779,0.041235877,0.018758091,-0.71057196,0.017568068,0.70315502,-0.0093430508,-0.066034573,-0.012989766
23.9505,0.3655495,0.01317888,0.041225212,0.018786516,-0.70731524,0.017619341,0.70642889,-0.0096548169,-0.021382652,0.0072967734
23.9605,0.36541285,0.013103089,0.04131458,0.018973795,-0.70475526,0.017952702,0.70896948,-0.010620251,0.00200993,0.010322887
23.9705,0.36529567,0.013187876,0.041391632,0.019198862,-0.70280085,0.0183877,0.71088977,-0.009525928,0.01244457,0.0077507919
23.9805,0.36520299,0.013369482,0.041527505,0.019737165,-0.70098577,0.019045564,0.71264764,-0.0089717063,0.022325456,0.019063904
23.9905,0.3651445,0.013622132,0.041749352,0.020672893,-0.69909642,0.019958716,0.71444977,-0.006707362,0.027496457,0.024421942
24.0005,0.36511675,0.013916239,0.041966999,0.021670736,-0.69726735,0.021127972,0.71617193,-0.0049994353,0.032176161,0.018443809
24.0105,0.36515351,0.014283329,0.042341061,0.023141957,-0.69488306,0.022589106,0.71839523,0.0037544076,0.0380273,0.055216756
24.0205,0.36529077,0.014681879,0.043044684,0.025457363,-0.69163194,0.024067355,0.72139999,0.012365484,0.041523002,0.07315914
24.0305,0.36551384,0.015098193,0.043815788,0.027791144,-0.68801866,0.025951394,0.72469614,0.020018807,0.039374717,0.084159596
24.0405,0.36582493,0.015517886,0.04466711,0.030599649,-0.68479878,0.027718437,0.72756167,0.026338007,0.043573644,0.07878516
24.0505,0.36620655,0.015978981,0.045396616,0.033356504,-0.68245471,0.029834014,0.7295566,0.029275404,0.048010212,0.067041126
24.0605,0.36663151,0.016456875,0.046000371,0.035880589,-0.68068652,0.032228409,0.73098548,0.033603119,0.0461197,0.06171804
24.0705,0.36710325,0.016877001,0.046597478,0.038250827,-0.67958104,0.034774849,0.73177673,0.036229797,0.04045806,0.058599634
24.0805,0.36761392,0.017238251,0.047128375,0.040501051,-0.67933844,0.037359839,0.7317535,0.038794524,0.034823314,0.050528191
24.0905,0.36814823,0.017538963,0.04752799,0.04258261,-0.67969702,0.039891762,0.73116847,0.039908067,0.028351949,0.040328014
24.1005,0.3686955,0.017776517,0.047875074,0.044603784,-0.68091506,0.04228006,0.72977913,0.039724298,0.023002719,0.031422321
24.1105,0.36923529,0.017967781,0.048128093,0.046582106,-0.6829514,0.04446557,0.72761961,0.037062711,0.018810665,0.020991404
24.1205,0.36974008,0.01812175,0.048288463,0.048513079,-0.68542834,0.046394556,0.72503932,0.03319164,0.015880554,0.011858264
24.1305,0.3702354,0.018302564,0.04852144,0.050431605,-0.68766143,0.048411002,0.72265814,0.035539167,0.022540874,0.032825614
24.1405,0.37074827,0.018519399,0.048936633,0.052526417,-0.68922039,0.050432147,0.72088337,0.037809056,0.02274272,0.047934753
24.1505,0.37126206,0.01868004,0.049465356,0.054372033,-0.69045477,0.05240084,0.71942341,0.034811263,-0.0035027294,0.052608115
24.1605,0.37163615,0.018189644,0.049833601,0.05459106,-0.69279188,0.053541716,0.71707218,0.025263634,-0.081843983,0.026473676
24.1705,0.37187041,0.017066839,0.049944464,0.053511187,-0.69593361,0.053528289,0.71410621,0.017742456,-0.13508479,0.0014363404
24.1805,0.37198893,0.015505324,0.049828048,0.051536784,-0.69944808,0.052489813,0.71088759,0.011925726,-0.17309015,-0.018932819
24.1905,0.37201749,0.013508952,0.049401508,0.048790414,-0.70337373,0.050452203,0.70734678,0.007941653,-0.2223609,-0.060281937
24.2005,0.37197806,0.011109912,0.04864309,0.045380967,-0.70770003,0.047469504,0.70345425,0.0056740979,-0.25630775,-0.088846823
24.2105,0.37189394,0.008446845,0.047663427,0.041504646,-0.71217055,0.043735238,0.6994124,0.0051558053,-0.27721641,-0.10681125
24.2205,0.37180464,0.0056281341,0.046427834,0.037367167,-0.71685068,0.039481358,0.69510432,0.0080496329,-0.28863985,-0.13913712
24.2305,0.37172773,0.002753874,0.044905029,0.033156637,-0.72180428,0.03491519,0.69042027,0.0083797584,-0.28936747,-0.16747992
24.2405,0.37165661,-7.9838042e-05,0.043139984,0.029014948,-0.72691139,0.030220563,0.68545217,0.0092061491,-0.28122055,-0.18812869
24.2505,0.37163039,-0.0027203637,0.041322456,0.025278827,-0.73182258,0.025865776,0.68053483,0.014077248,-0.22918014,-0.12546538
24.2605,0.37172999,-0.0045775786,0.040829826,0.023501442,-0.73406084,0.023981931,0.67825307,0.017918569,-0.15704802,-0.00097449194
24.2705,0.37190156,-0.0059363548,0.041069391,0.022760369,-0.7347756,0.023326676,0.67752686,0.020751765,-0.11721096,0.037333879
24.2805,0.37212638,-0.0070519887,0.041596349,0.023333366,-0.73486366,0.022237664,0.67744847,0.02714174,-0.10949814,0.051349752
24.2905,0.37242498,-0.0080955757,0.042104771,0.023630769,-0.73527112,0.02164394,0.67701514,0.032111668,-0.10128911,0.044371085
24.3005,0.37278013,-0.0090777768,0.042481527,0.023372403,-0.73604744,0.021363004,0.67618897,0.038719831,-0.10235843,0.027696765
24.3105,0.37316197,-0.01015682,0.042716687,0.022515086,-0.73723025,0.020236015,0.67496306,0.044107614,-0.11004377,0.0087068143
24.3205,0.37357526,-0.010900003,0.042567705,0.02168334,-0.73931045,0.018616187,0.672758,0.044003873,-0.039111846,-0.040247382
24.3305,0.37399713,-0.010911329,0.042368975,0.021415517,-0.74141608,0.017407269,0.67047786,0.041703665,0.027105098,0.00075185449
24.3405,0.37442377,-0.010391033,0.04255973,0.021552502,-0.74275042,0.016679578,0.66901352,0.042320085,0.071054326,0.026934557
24.3505,0.37486297,-0.00945825,0.042878175,0.021846219,-0.74368807,0.016296668,0.66797097,0.042383513,0.11625899,0.01512017
24.3605,0.37532227,-0.0080392083,0.042807623,0.022374312,-0.74492999,0.016632838,0.66655986,0.040548934,0.15350203,-0.00010904938
24.3705,0.37578234,-0.0064141385,0.042890891,0.022575944,-0.7457153,0.017239613,0.66565894,0.043374456,0.1823233,-0.010486741
24.3805,0.37624273,-0.0045495562,0.042864197,0.022784404,-0.74641466,0.01821033,0.66484164,0.033333337,0.18984019,0.0059529646
24.3905,0.37652847,-0.002597232,0.042838839,0.023208578,-0.74662526,0.01907332,0.66456624,0.017604344,0.19273621,0.010447739
24.4005,0.37669923,-0.00062922077,0.042811972,0.023677181,-0.74648801,0.019907296,0.66467943,0.010353392,0.19543869,0.00068356859
24.4105,0.37682254,0.001320024,0.042755921,0.024159585,-0.74618834,0.020753997,0.66497259,0.008347668,0.19495247,-0.0093709847
24.4205,0.37692188,0.0031896053,0.042716227,0.02459015,-0.74574651,0.021556077,0.66542678,0.0032273429,0.17662264,0.00015825791
24.4305,0.37690935,0.0047880996,0.042634073,0.024629246,-0.74487823,0.022479792,0.66636662,-0.0039407503,0.15018733,0.0028715416
24.4405,0.37685867,0.0062177038,0.042522606,0.024844527,-0.74361609,0.023154912,0.66774375,-0.0083261848,0.1272891,-0.0047717615
24.4505,0.37678347,0.0073827246,0.04244128,0.024718025,-0.74211819,0.023874219,0.66938751,-0.0087035871,0.10473637,-0.012741659
24.4605,0.37665858,0.0083628225,0.042306351,0.02457258,-0.73994369,0.024447812,0.67177514,-0.011339202,0.092122515,-0.018819515
24.4705,0.37649572,0.0092264902,0.042174714,0.02433511,-0.73692211,0.024963508,0.67507809,-0.011892631,0.082965865,-0.018870923
24.4805,0.37632577,0.010011581,0.042005058,0.024160795,-0.73358567,0.025398232,0.67869231,-0.010950034,0.076122861,-0.015295152
24.4905,0.37615784,0.010733799,0.041847391,0.024061749,-0.72984281,0.025628203,0.68271056,-0.0088061091,0.073197521,-0.01052185
24.5005,0.37600821,0.011481506,0.041746177,0.024645787,-0.72570467,0.02506574,0.68710772,-0.0068095635,0.070869696,-0.0096991805
24.5105,0.37586855,0.012179078,0.041635854,0.02487639,-0.72149797,0.024758439,0.69152648,-0.004871153,0.06884408,-0.013444151
24.5205,0.37574806,0.012869941,0.041449407,0.024611277,-0.71743857,0.024862617,0.69574279,-0.0039827366,0.068806798,-0.014902338
24.5305,0.37564029,0.013546526,0.041239204,0.024088365,-0.71356266,0.025187477,0.699724,-0.0026040814,0.06628335,-0.010055423
24.5405,0.37555094,0.014144309,0.041156575,0.023655863,-0.70980394,0.025493053,0.70354024,-0.00054314653,0.051058884,-0.015760757
24.5505,0.37547685,0.014480707,0.04110181,0.023293777,-0.70665637,0.02566224,0.70670759,-0.0031311909,0.016268905,0.0061917099
24.5605,0.37536245,0.014513989,0.041187946,0.022548662,-0.70450141,0.02524704,0.70889485,-0.0047357624,-0.0060430996,0.012490286
24.5705,0.37524136,0.014386255,0.041274653,0.021394972,-0.70317007,0.024566783,0.710275,-0.0045457107,-0.017493415,0.009446964
24.5805,0.37511202,0.014175862,0.041395525,0.020105324,-0.70214005,0.023727848,0.71135934,-0.0052885035,-0.023468609,0.015689777
24.5905,0.3749769,0.01392231,0.041570414,0.01880297,-0.70113601,0.022807855,0.71241459,-0.0054639399,-0.025918267,0.023993888
24.6005,0.3748475,0.013647816,0.041761922,0.017484094,-0.70019688,0.021912874,0.71339923,-0.0048182878,-0.028031726,0.018324154
24.6105,0.37472427,0.01329653,0.042045283,0.016206716,-0.6987571,0.020596109,0.71487877,0.00054001606,-0.039100531,0.044077819
24.6205,0.37464055,0.012899179,0.042623124,0.014647964,-0.69638343,0.019128296,0.71726541,0.0077079439,-0.042794131,0.060490458
24.6305,0.37461704,0.012478692,0.043342614,0.01307965,-0.69352692,0.017519647,0.72009888,0.015609688,-0.040998077,0.078993517
24.6405,0.37466796,0.012036406,0.044075778,0.011393825,-0.69098516,0.015490898,0.72261312,0.023761594,-0.047429468,0.065402629
24.6505,0.37478914,0.011576517,0.044761195,0.0094483821,-0.68909081,0.013131738,0.72449441,0.032294448,-0.045029906,0.067862085
24.6605,0.37500337,0.011150729,0.045466996,0.0073943744,-0.68730967,0.010712481,0.72624788,0.040148562,-0.041820128,0.06952885
24.6705,0.37526813,0.010710912,0.046135241,0.0053925759,-0.68612586,0.0078230675,0.7274208,0.04408187,-0.046484658,0.05858028
24.6805,0.37556874,0.010244039,0.046696023,0.0034846663,-0.6857143,0.0044146105,0.72784907,0.046391653,-0.049845548,0.041431602
24.6905,0.37588764,0.0097946447,0.0472107,0.0016372536,-0.68573487,0.00095722556,0.72784895,0.046472909,-0.040068482,0.054154346
24.7005,0.37620992,0.0094156661,0.047780619,-0.00083204194,-0.68634621,-0.0020179508,0.72727169,0.046353933,-0.036267871,0.055072452
24.7105,0.37653264,0.0090648643,0.048321834,-0.0036152857,-0.68749637,-0.0048385523,0.7261627,0.045708413,-0.033277038,0.052421715
24.7205,0.3768547,0.0087403332,0.048827792,-0.0063727268,-0.68884871,-0.0075025303,0.72483829,0.044544503,-0.030565245,0.049188996
24.7305,0.37718336,0.0083764043,0.049474414,-0.0090684278,-0.68974433,-0.010122206,0.72392545,0.048001633,-0.039449212,0.077344194
24.7405,0.3775289,0.0079691056,0.050369278,-0.011564009,-0.68995006,-0.012820815,0.72365104,0.044870075,-0.036192413,0.097952702
24.7505,0.37782028,0.0078928834,0.051391497,-0.01308453,-0.69070762,-0.015163288,0.72285673,0.034120109,0.016261876,0.098485622
24.7605,0.37812785,0.0083823101,0.052276976,-0.013425242,-0.69209679,-0.016448194,0.72149238,0.032123227,0.07421969,0.075471258
24.7705,0.37848321,0.0093683755,0.052920814,-0.012797361,-0.69395213,-0.016664304,0.71971451,0.030241661,0.11723714,0.050621532
24.7805,0.37887272,0.010733799,0.05331657,-0.011421034,-0.69608903,-0.015920377,0.71768807,0.028535993,0.15110973,0.027880731
24.7905,0.37931541,0.012473776,0.053342887,-0.0093267344,-0.6986992,-0.014144819,0.71521491,0.029083956,0.19165108,-0.019311096
24.8005,0.37982125,0.014571199,0.052938019,-0.0065688819,-0.70188059,-0.011331685,0.71217419,0.02953581,0.22391545,-0.056943827
24.8105,0.3803803,0.016950835,0.052192732,-0.0032817066,-0.70544231,-0.0076491601,0.70871847,0.030402838,0.24938927,-0.086500615
24.8205,0.38100173,0.019570261,0.051043069,0.00043031923,-0.70950745,-0.0031717902,0.70469066,0.03302063,0.27288742,-0.13442603
24.8305,0.38169055,0.02237594,0.049471992,0.0044534419,-0.71410632,0.0019880077,0.70002027,0.036107863,0.28851654,-0.17046185
24.8405,0.38243854,0.025288298,0.047591114,0.0086601009,-0.71902652,0.0076259683,0.69488683,0.039582877,0.29617195,-0.19660706
24.8505,0.38324421,0.028227832,0.045408626,0.012900536,-0.72426006,0.013563539,0.68927278,0.044034079,0.29599382,-0.22998916
24.8605,0.38409654,0.031116292,0.042947571,0.017030082,-0.72976775,0.019615151,0.68320147,0.047594266,0.28804957,-0.25313063
24.8705,0.38485165,0.033537768,0.040830024,0.020403656,-0.73451077,0.024522054,0.6778468,0.030829185,0.16680263,-0.12256227
24.8805,0.38519644,0.034614701,0.040285498,0.021586711,-0.73638781,0.026400199,0.67569967,0.018410407,0.078197379,-0.0056619178
24.8905,0.38542442,0.035245565,0.040485365,0.021828035,-0.73731803,0.027160885,0.67464653,0.021208532,0.063543042,0.039662763
24.9005,0.38569208,0.035905466,0.040962748,0.021890397,-0.73775528,0.027515087,0.67415197,0.028146734,0.068638373,0.052401025
24.9105,0.38603577,0.036662082,0.041488261,0.021832134,-0.73815166,0.027811215,0.67370766,0.036816147,0.080953307,0.052316934
24.9205,0.38644125,0.03741867,0.041979239,0.021681287,-0.73866403,0.028135254,0.67313727,0.041932618,0.056191876,0.047096437
24.9305,0.38688208,0.037604227,0.042340175,0.021106257,-0.73967389,0.028822984,0.67201659,0.040737739,-0.0080336296,0.022223614
24.9405,0.38731068,0.037196808,0.042302735,0.020443208,-0.74139399,0.029621172,0.67010418,0.038033376,-0.061443885,0.0075728523
24.9505,0.38768712,0.036363136,0.042451072,0.01979927,-0.74273419,0.030315568,0.66860667,0.02589866,-0.10401526,0.0016827621
24.9605,0.387816,0.035189687,0.042499235,0.019195345,-0.74371697,0.030553019,0.66752012,0.0021360677,-0.12894049,0.009274623
24.9705,0.38774873,0.033756151,0.042502407,0.018679021,-0.74439097,0.030354548,0.66679215,-0.012215955,-0.15414583,-0.0016921718
24.9805,0.38756274,0.032128123,0.042507763,0.018214218,-0.74480364,0.02989406,0.66636486,-0.019709584,-0.16863501,0.0063063427
24.9905,0.38731921,0.030356544,0.042537551,0.017780726,-0.74500591,0.029271093,0.66617809,-0.022883442,-0.18205549,0.0058248601
25.0005,0.38704757,0.028470626,0.042523671,0.017336984,-0.74512449,0.028496847,0.66609073,-0.024177935,-0.18900428,0.0049460909
25.0105,0.38672887,0.026580237,0.042502883,0.016921573,-0.74502318,0.027678166,0.66624923,-0.032536831,-0.18441991,-0.0065095494
25.0205,0.38640543,0.024749794,0.042489384,0.01677548,-0.74476981,0.026710155,0.66657563,-0.025202291,-0.18589039,-0.0038115241
25.0305,0.38612491,0.022917307,0.042453982,0.016427253,-0.74428196,0.025859729,0.66716248,-0.023008423,-0.18054301,-0.0026128191
25.0405,0.3858472,0.021164149,0.042423078,0.016193478,-0.74336108,0.024994598,0.66822702,-0.023885678,-0.16776324,-0.00052042859
25.0505,0.3855295,0.01958057,0.042365002,0.016196231,-0.74213254,0.02404966,0.66962571,-0.028979895,-0.14884871,-0.0044790794
25.0605,0.38518544,0.01817352,0.042293002,0.016194221,-0.74008737,0.023213175,0.67191486,-0.026637337,-0.13395356,-0.0021607479
25.0705,0.38484664,0.016967452,0.042178011,0.016328519,-0.73722006,0.022317828,0.67508657,-0.024669839,-0.10907242,-0.0021567976
25.0805,0.38453928,0.015928169,0.042061851,0.016473166,-0.73390579,0.021541608,0.67870972,-0.020095865,-0.097143192,-0.0073264297
25.0905,0.38426952,0.014951757,0.041913419,0.016790442,-0.73025294,0.020718243,0.68265619,-0.017236969,-0.096428786,-0.017403186
25.1005,0.38402976,0.014067348,0.041755854,0.0172185,-0.72626092,0.019849621,0.68691673,-0.014523101,-0.090659937,-0.021997685
25.1105,0.3838045,0.013188834,0.041590773,0.017576018,-0.72221264,0.01908321,0.69118436,-0.013092263,-0.08586745,-0.01612741
25.1205,0.38362316,0.012490586,0.041425028,0.017874716,-0.71814878,0.018444281,0.69541543,-0.0078550366,-0.063089688,-0.018373295
25.1305,0.38345456,0.01183628,0.041327416,0.018223683,-0.71412737,0.017865999,0.69955043,-0.0091782579,-0.069115505,-0.015678921
25.1405,0.38329528,0.011158347,0.041199395,0.018411099,-0.71039211,0.017431221,0.7033493,-0.0078544647,-0.067095201,-0.010722182
25.1505,0.38318021,0.010687876,0.041242459,0.018629673,-0.70717257,0.017301287,0.70658372,-0.0065866916,-0.02859732,0.011841654
25.1605,0.38306698,0.010563402,0.041373332,0.018947269,-0.70462366,0.017516632,0.70911189,-0.009255111,-0.0012881901,0.0124407
25.1705,0.38295932,0.010625651,0.041471484,0.019250771,-0.7026567,0.017895668,0.7110434,-0.0087113725,0.011980875,0.0074641146
25.1805,0.38287627,0.010808387,0.041570096,0.019659936,-0.70086267,0.018716994,0.71277954,-0.0083721181,0.024197262,0.014081744
25.1905,0.38282071,0.011077061,0.041750143,0.020436316,-0.69899288,0.019832285,0.7145614,-0.0064528317,0.029055437,0.02298202
25.2005,0.38279374,0.011392252,0.041944636,0.021339639,-0.69716916,0.021144099,0.71627698,-0.004666328,0.034268205,0.019250947
25.2105,0.3828298,0.011757538,0.042366842,0.023137528,-0.69474503,0.022318512,0.71853732,0.003255238,0.038131545,0.053690968
25.2205,0.38295884,0.012159499,0.043047491,0.025340456,-0.69148198,0.023970291,0.72155108,0.01159374,0.041572524,0.074795542
25.2305,0.38317278,0.012570842,0.043879443,0.027936769,-0.68782236,0.025621424,0.7248886,0.018857469,0.040594753,0.083012785
25.2405,0.3834671,0.013010871,0.044678828,0.030475745,-0.68462438,0.027729264,0.72773057,0.024561192,0.044464543,0.078108259
25.2505,0.38383739,0.013479243,0.045473166,0.033591534,-0.68223457,0.029528504,0.72976412,0.027949133,0.047990396,0.074434816
25.2605,0.38425145,0.013969469,0.046133879,0.036322978,-0.68041722,0.031774056,0.7312342,0.032591882,0.050241445,0.059407833
25.2705,0.38472614,0.014457284,0.046602827,0.03821929,-0.67933635,0.034894509,0.73199985,0.036289401,0.047816656,0.05037881
25.2805,0.38523231,0.014867083,0.047083096,0.040254923,-0.67908905,0.037779058,0.73197701,0.037751813,0.038699655,0.050000175
25.2905,0.38575698,0.015196112,0.047536756,0.042352508,-0.6793883,0.040395143,0.73144107,0.038864521,0.030548338,0.04565558
25.3005,0.386297,0.015452091,0.04792426,0.044377471,-0.68056205,0.042864178,0.73008807,0.039115017,0.024776169,0.034800393
25.3105,0.38683549,0.015658865,0.048199324,0.046318873,-0.68257732,0.045160789,0.72794455,0.0369861,0.020502325,0.023107329
25.3205,0.38734223,0.015826761,0.048371634,0.048201909,-0.68504692,0.047203286,0.72536828,0.033241984,0.016617403,0.012705864
25.3305,0.38783515,0.016009287,0.048611552,0.050198389,-0.6872804,0.049195517,0.7229838,0.034682938,0.022063629,0.032842795
25.3405,0.38833854,0.016219824,0.049033281,0.052482933,-0.68884021,0.051069979,0.72120494,0.03654679,0.02185405,0.047513338
25.3505,0.38882035,0.016299259,0.049559177,0.054518054,-0.69012353,0.052626913,0.71971362,0.031389867,-0.018687258,0.04939804
25.3605,0.3891549,0.01568518,0.049905103,0.054697198,-0.69254856,0.05338906,0.71731048,0.0229228,-0.09274941,0.024095988
25.3705,0.3893599,0.014472674,0.049987877,0.053499777,-0.69576913,0.053167996,0.71429424,0.015776248,-0.14285029,-0.0021411622
25.3805,0.38945815,0.012846948,0.049845951,0.051398358,-0.69934861,0.052011395,0.71103062,0.010472416,-0.17845848,-0.022076828
25.3905,0.38947193,0.01080724,0.049396659,0.048547887,-0.70332673,0.049908855,0.70744874,0.0070390854,-0.22575292,-0.062455639
25.4005,0.38942329,0.0083840197,0.048616123,0.0450694,-0.70769699,0.046900851,0.70351548,0.005271534,-0.2578125,-0.090208682
25.4105,0.38933512,0.0057154626,0.047617729,0.041162781,-0.71220141,0.04317729,0.69943584,0.0050242317,-0.27684684,-0.10794915
25.4205,0.38924604,0.0029095067,0.046365518,0.037034042,-0.71690834,0.038969413,0.69509158,0.0078786558,-0.28643755,-0.14086535
25.4305,0.38917658,6.4982231e-05,0.044839271,0.032865797,-0.72186271,0.034484382,0.69039474,0.0087290919,-0.28554645,-0.16777729
25.4405,0.38911413,-0.0027244599,0.043072908,0.028795986,-0.72696904,0.02989954,0.68541434,0.009417364,-0.27610928,-0.18837744
25.4505,0.38909881,-0.0052904949,0.041300532,0.025203385,-0.73179334,0.025745282,0.68057364,0.014357253,-0.21944183,-0.11576661
25.4605,0.38920724,-0.0070774002,0.040860749,0.023537937,-0.73393711,0.024013539,0.67838458,0.018347534,-0.15176177,0.0015874768
25.4705,0.38938621,-0.0083947239,0.041105233,0.022801444,-0.73465942,0.023443454,0.67764743,0.021657783,-0.11502934,0.037397284
25.4805,0.38961777,-0.0094879958,0.041638009,0.023466431,-0.7347582,0.022303377,0.6775561,0.025987765,-0.10660692,0.054032701
25.4905,0.38991009,-0.010501296,0.042160238,0.023858949,-0.73510932,0.021641024,0.67718291,0.032118298,-0.097460008,0.04372723
25.5005,0.39026185,-0.011469141,0.042522364,0.023628948,-0.7359174,0.021240491,0.67632544,0.038716694,-0.10185542,0.026670557
25.5105,0.39064464,-0.012530933,0.042723217,0.022656988,-0.73715263,0.020143931,0.67504584,0.044260331,-0.10776138,0.0064377989
25.5205,0.39105996,-0.013348476,0.042559045,0.02172407,-0.73927789,0.018515424,0.67279525,0.044564056,-0.047475862,-0.041174997
25.5305,0.39148342,-0.013415623,0.042385829,0.0214097,-0.74136235,0.01732091,0.67053969,0.042009847,0.022839365,0.0022419545
25.5405,0.39191408,-0.012931751,0.042579448,0.021524604,-0.74271134,0.016609815,0.66905954,0.042751173,0.067966979,0.026654411
25.5505,0.39235552,-0.012021759,0.042868701,0.021761397,-0.7436931,0.016291193,0.66796828,0.042194213,0.11526443,0.0095488395
25.5605,0.3928118,-0.0106323,0.042798209,0.022226492,-0.74492462,0.016645867,0.66657048,0.040495247,0.14900595,0.0050370613
25.5705,0.39327191,-0.0090223336,0.042862353,0.022436544,-0.74573253,0.017269092,0.66564358,0.043173885,0.18339031,-0.018417626
25.5805,0.39372533,-0.0071849637,0.042850104,0.022689907,-0.74639739,0.018161857,0.66486558,0.033168639,0.19235629,-0.0055294728
25.5905,0.39400595,-0.0052533058,0.042833364,0.023256772,-0.74658123,0.018893224,0.66461917,0.018595901,0.2030916,-0.018473658
25.6005,0.39417454,-0.0033029333,0.042811217,0.023779661,-0.74643367,0.019677041,0.66474365,0.010854531,0.19831564,-0.010609696
25.6105,0.39429471,-0.0013858128,0.04279147,0.024249592,-0.7460853,0.02046662,0.66509382,0.0083861549,0.19156307,-0.0054729262
25.6205,0.39439075,0.00045952389,0.042750716,0.024675758,-0.74564362,0.021263544,0.66554832,0.0020223557,0.17599213,-0.0070222617
25.6305,0.394388,0.0020782595,0.042688136,0.024843603,-0.74477275,0.022076075,0.66649006,-0.0025719601,0.15498429,-0.0020545901
25.6405,0.39432663,0.0034733328,0.042605201,0.024951416,-0.74347256,0.022778799,0.66791249,-0.0050999055,0.13318713,-0.0022174892
25.6505,0.39427585,0.0047651399,0.042562876,0.025356842,-0.74196753,0.02312208,0.66955701,-0.0055873307,0.11954777,0.0010170116
25.6605,0.39415812,0.0058221808,0.042446954,0.025369703,-0.7397872,0.023651987,0.67194632,-0.011800165,0.096343661,-0.02032831
25.6705,0.39399004,0.0067030647,0.042247968,0.024970363,-0.73684864,0.02440979,0.67515533,-0.011964106,0.086256714,-0.017254425
25.6805,0.39382145,0.0075222419,0.042081319,0.024805374,-0.73349417,0.02482658,0.6787891,-0.011416376,0.077628441,-0.014054246
25.6905,0.39364241,0.0082241582,0.041896043,0.024489766,-0.72977346,0.025293816,0.68278194,-0.010762095,0.069382912,-0.01097118
25.7005,0.39346804,0.0088780923,0.041731134,0.024396822,-0.72569693,0.025392502,0.68711279,-0.008832963,0.063114183,-0.017346666
25.7105,0.39332112,0.0095270174,0.041593151,0.024599057,-0.72152464,0.025128047,0.69149523,-0.0047145358,0.065449601,-0.022607577
25.7205,0.39320562,0.010180619,0.041401844,0.024435688,-0.71750245,0.025144448,0.69567298,-0.0027258973,0.065238254,-0.021323879
25.7305,0.3931059,0.010810506,0.041284067,0.02413118,-0.71355743,0.025285375,0.69972432,-0.0021874592,0.06108299,-0.0029349014
25.7405,0.39302168,0.011401367,0.041165527,0.023761408,-0.70989834,0.025472522,0.70344218,-0.00086347266,0.054522909,-0.012083563
25.7505,0.39294754,0.011791999,0.041082002,0.023341447,-0.70678284,0.025740068,0.70657671,-0.0036022271,0.02422604,0.006478441
25.7605,0.39283085,0.011876481,0.041157974,0.022676788,-0.70460473,0.025491512,0.70877932,-0.0057735617,-0.0015561249,0.010536958
25.7705,0.39269975,0.011786179,0.041232699,0.021620353,-0.70326796,0.024876524,0.71016047,-0.0060823549,-0.014529951,0.0079141987
25.7805,0.3925566,0.011600855,0.041342748,0.020440453,-0.70224199,0.02402471,0.7112392,-0.007165681,-0.021632132,0.016767544
25.7905,0.3924029,0.011354798,0.041520077,0.019188664,-0.70123201,0.023110404,0.71230006,-0.0073492684,-0.026710269,0.019907234
25.8005,0.39225541,0.011075272,0.041717299,0.017897232,-0.70029148,0.022214967,0.71328677,-0.0062201016,-0.029292603,0.019640927
25.8105,0.39211894,0.010712907,0.04202987,0.016493949,-0.69880801,0.021030891,0.71480977,-0.00078712384,-0.041507683,0.041736252
25.8205,0.3920227,0.010291912,0.042611711,0.014915032,-0.69643815,0.019569514,0.71719487,0.0070848424,-0.042757454,0.069956232
25.8305,0.39198904,0.0098557591,0.043339742,0.013280242,-0.69355753,0.017996383,0.72005397,0.014130303,-0.045664259,0.072885984
25.8405,0.39202604,0.009382869,0.044058528,0.011710989,-0.69105668,0.015817433,0.72253258,0.022590825,-0.04860007,0.070576847
25.8505,0.39213259,0.0088980537,0.044736725,0.0097798678,-0.68917371,0.013404253,0.72440615,0.0309804,-0.047254611,0.067496623
25.8605,0.39233543,0.0084520844,0.045438425,0.0077377297,-0.68739843,0.010934935,0.72615698,0.039242738,-0.043588253,0.069532526
25.8705,0.39259026,0.0079973499,0.046110864,0.0057351558,-0.68621174,0.008014018,0.72733509,0.043209968,-0.047894552,0.058997047
25.8805,0.39288253,0.0075164216,0.046662314,0.0038254266,-0.68580604,0.0045711264,0.72775995,0.045957673,-0.050852926,0.042480868
25.8905,0.39319692,0.007067159,0.047184056,0.0019204431,-0.68582162,0.0011506377,0.72776624,0.046217261,-0.039746665,0.054873333
25.9005,0.39351685,0.0066893892,0.047756413,-0.00059552033,-0.68643057,-0.0017987903,0.72719288,0.046242783,-0.03619999,0.055323309
25.9105,0.39383819,0.0063383461,0.048298249,-0.0034019324,-0.68758037,-0.0046157357,0.72608564,0.045651525,-0.033338314,0.052485518
25.9205,0.39415935,0.0060128916,0.048804337,-0.0061716742,-0.68893247,-0.0072847563,0.72476265,0.044517429,-0.030678332,0.049203319
25.9305,0.39448721,0.0056476671,0.049451161,-0.0088746009,-0.68982738,-0.0099122018,0.72385163,0.047959557,-0.039602662,0.077368556
25.9405,0.39483527,0.0052353185,0.050346215,-0.011390547,-0.68999715,-0.012607801,0.72361262,0.045793706,-0.037237273,0.098230518
25.9505,0.39513023,0.0051291493,0.051380199,-0.012962051,-0.69069387,-0.015004963,0.72287538,0.034767871,0.013542953,0.10006065
25.9605,0.39544075,0.00559384,0.052286762,-0.013338883,-0.69204174,-0.016346701,0.72154909,0.032668845,0.071912645,0.077421701
25.9705,0.3957978,0.0065582536,0.052950099,-0.012741312,-0.69386852,-0.016615794,0.71979723,0.030643519,0.11516747,0.052497514
25.9805,0.39618863,0.0079039618,0.053366122,-0.011392052,-0.69597932,-0.015921768,0.71779489,0.028835724,0.1492069,0.029584755
25.9905,0.39663172,0.00962601,0.0534091,-0.0093237027,-0.69856772,-0.014190723,0.71534246,0.029323585,0.18994492,-0.017776825
26.0005,0.39713711,0.011707728,0.053018663,-0.0065898404,-0.70172966,-0.011416229,0.71232136,0.029644646,0.22246032,-0.055660343
26.0105,0.3976953,0.014074578,0.052286591,-0.0033229364,-0.70527328,-0.0077656255,0.70888522,0.030532683,0.24826045,-0.085036377
26.0205,0.39831555,0.016685068,0.051148947,0.000374526,-0.70932173,-0.003311388,0.704877,0.032966758,0.27219506,-0.13346689
26.0305,0.39900253,0.019486673,0.04958529,0.0043898185,-0.71390976,0.001836985,0.70022154,0.035971453,0.28835029,-0.1698846
26.0405,0.39974899,0.022400515,0.047708404,0.008597326,-0.71882408,0.0074763314,0.69509865,0.039442537,0.29658653,-0.19632039
26.0505,0.40055339,0.025347402,0.045524233,0.012847952,-0.72405932,0.013429512,0.68948726,0.043886972,0.29700228,-0.23020188
26.0605,0.40140641,0.028248773,0.043060461,0.016997587,-0.72957115,0.019509749,0.68341523,0.047586661,0.28959228,-0.2533888
26.0705,0.40218098,0.030738882,0.040868019,0.020452646,-0.73443073,0.024616557,0.67792862,0.032346128,0.17705447,-0.13081572
26.0805,0.40253934,0.031872783,0.040269928,0.02173427,-0.73642817,0.026584116,0.67564374,0.018405256,0.081093127,-0.0091556672
26.0905,0.40276876,0.032523941,0.040454321,0.022039445,-0.73740407,0.027346565,0.67453811,0.021105683,0.065156257,0.039138024
26.1005,0.40302812,0.033190626,0.040937728,0.022038453,-0.73779176,0.027777255,0.67409647,0.028719386,0.07224676,0.054386704
26.1105,0.40336195,0.033963387,0.041493065,0.022035106,-0.73813799,0.028033685,0.67370682,0.035167867,0.081436235,0.055930024
26.1205,0.40376016,0.034728623,0.041999477,0.021870585,-0.73865153,0.028375579,0.67313478,0.041207068,0.054784229,0.04757467
26.1305,0.40419901,0.034905647,0.042346541,0.021350998,-0.73973717,0.029033709,0.67193013,0.040533251,-0.0082166588,0.016725701
26.1405,0.40462879,0.034501576,0.042291483,0.020713074,-0.74149822,0.029854091,0.66997021,0.038014499,-0.060849708,0.008520723
26.1505,0.40500916,0.033674652,0.042460606,0.020102911,-0.74281943,0.030554186,0.66849205,0.026674256,-0.10256416,0.0074712353
26.1605,0.40514293,0.032496824,0.042502227,0.019517732,-0.74382402,0.030781081,0.66738101,0.0022478685,-0.1295224,0.0082966082
26.1705,0.40507327,0.031064403,0.042512822,0.019006731,-0.74447596,0.0305995,0.6666768,-0.012790776,-0.15186713,0.0047032679
26.1805,0.40488147,0.02943873,0.042526161,0.018537563,-0.74486033,0.030160152,0.66628058,-0.020394153,-0.16984132,0.0036616482
26.1905,0.40463009,0.027655618,0.042530907,0.018064222,-0.74508535,0.029529428,0.6660702,-0.023639284,-0.18625865,-0.0033008771
26.2005,0.40435216,0.025770612,0.042528002,0.017612955,-0.74517139,0.028769819,0.66601928,-0.02519106,-0.19383798,-0.0057726788
26.2105,0.40402928,0.023875856,0.042510096,0.017185814,-0.74505341,0.027956032,0.66619706,-0.033552192,-0.1813026,0.0050767899
26.2205,0.40368315,0.022033158,0.042495642,0.016777056,-0.74478595,0.02715941,0.66653941,-0.025912211,-0.18924703,-0.0083261041
26.2305,0.40341961,0.02019641,0.042468564,0.016594703,-0.74442268,0.026173814,0.66698907,-0.023342204,-0.17979825,-0.0053250189
26.2405,0.40309991,0.018502186,0.04242172,0.016531479,-0.74351219,0.025201548,0.66804282,-0.030045529,-0.16428881,-0.013984657
26.2505,0.40272972,0.017002376,0.042369207,0.01649995,-0.74218639,0.024353064,0.66954764,-0.033271147,-0.14217674,-0.0087849676
26.2605,0.4023626,0.015625612,0.042289705,0.016506635,-0.74012012,0.023528288,0.67186022,-0.028112657,-0.13688343,-0.012513044
26.2705,0.40201996,0.014403889,0.042173103,0.016651612,-0.7372681,0.022665529,0.67501462,-0.025388972,-0.11051233,-0.015716579
26.2805,0.4017146,0.013417305,0.042046408,0.016757488,-0.73394501,0.021961385,0.67864689,-0.019917429,-0.094111503,-0.0095417803
26.2905,0.40145364,0.01247359,0.041909745,0.016948268,-0.73024098,0.021277232,0.68264789,-0.016479332,-0.094455355,-0.012512547
26.3005,0.40121256,0.011554093,0.041758323,0.017302074,-0.72626133,0.020485927,0.68689551,-0.0140546,-0.08663357,-0.027723012
26.3105,0.40099369,0.010719658,0.041577379,0.017788555,-0.72223673,0.019573661,0.69114003,-0.012578531,-0.086910491,-0.028145851
26.3205,0.4007899,0.0099001988,0.041429126,0.018211616,-0.71819953,0.018801595,0.69534472,-0.011195841,-0.082566479,-0.024793909
26.3305,0.400593,0.0091209676,0.041332957,0.018553456,-0.71420715,0.018192279,0.6994519,-0.011943,-0.076024958,-0.0035750218
26.3405,0.40039928,0.0083901867,0.041235457,0.018809764,-0.71041518,0.017675092,0.70330936,-0.01136675,-0.067417322,-0.0076686442
26.3505,0.4002423,0.0079397863,0.041232816,0.019092065,-0.70716096,0.017445305,0.70657946,-0.010285958,-0.023421793,0.0075444846
26.3605,0.4001001,0.0078509864,0.041332389,0.019352612,-0.70458405,0.017725364,0.70913511,-0.011228639,0.00085150591,0.011498721
26.3705,0.39997753,0.0079302952,0.041415874,0.019591978,-0.70260949,0.018191999,0.71107321,-0.010143892,0.013424014,0.0067395041
26.3805,0.39988977,0.0081107641,0.041550225,0.020112428,-0.70078491,0.018926609,0.71283784,-0.0088082839,0.02295739,0.018721608
26.3905,0.39982929,0.0083703353,0.041766468,0.021025182,-0.6989022,0.019926583,0.71463038,-0.0073740105,0.028739983,0.023599088
26.4005,0.39979518,0.0086830232,0.041957146,0.02187861,-0.69707322,0.021310057,0.71634917,-0.0052636298,0.033436694,0.0215856
26.4105,0.3998305,0.0090460553,0.042373434,0.023433529,-0.69465167,0.022766042,0.71860395,0.0036615156,0.039139107,0.052424545
26.4205,0.39996372,0.0094511014,0.043048806,0.025729182,-0.69140295,0.024352633,0.72160025,0.011675925,0.040953585,0.073674986
26.4305,0.40017912,0.0098528715,0.043878411,0.028260926,-0.68774338,0.026099481,0.72493392,0.019219059,0.039130516,0.084854568
26.4405,0.40047925,0.010282171,0.044683431,0.030954046,-0.68454878,0.02806044,0.7277688,0.025050896,0.044208327,0.078775297
26.4505,0.4008518,0.010748968,0.045415695,0.033732121,-0.68220067,0.030238362,0.72976025,0.028157992,0.048723372,0.067442412
26.4605,0.40127114,0.011230184,0.046040991,0.036301256,-0.68041393,0.03267864,0.73119847,0.032985738,0.046384655,0.066237125
26.4705,0.40173842,0.011655376,0.046664305,0.038717923,-0.67928588,0.035272458,0.73200237,0.035529079,0.04117265,0.059978828
26.4805,0.40224393,0.012024216,0.047155901,0.041011523,-0.67906503,0.037875578,0.73195231,0.038236943,0.03557104,0.047855566
26.4905,0.40277855,0.012331663,0.047587763,0.043164117,-0.67939602,0.040445401,0.73138367,0.039812737,0.028950099,0.043023681
26.5005,0.40332792,0.012574918,0.047951071,0.045235228,-0.68059345,0.042884878,0.73000495,0.039762702,0.023638948,0.032302034
26.5105,0.4038713,0.012771856,0.048207225,0.047244693,-0.68262057,0.0451325,0.72784624,0.037217866,0.019459931,0.021091746
26.5205,0.40438016,0.012930055,0.048365453,0.049210614,-0.68509559,0.047113019,0.72526045,0.033295399,0.015499734,0.011026874
26.5305,0.40487416,0.013101819,0.048594479,0.051300401,-0.68733238,0.049034783,0.72286794,0.034767747,0.020942519,0.031438335
26.5405,0.40539127,0.013315975,0.049002087,0.05340137,-0.68889775,0.051127728,0.72107846,0.039080394,0.024318692,0.048368832
26.5505,0.40590241,0.013443073,0.049472213,0.054974079,-0.69022546,0.053271875,0.71953371,0.033501004,-0.010719772,0.045635631
26.5605,0.40625878,0.012888104,0.049781487,0.055034836,-0.69268658,0.054364517,0.71707808,0.023679298,-0.087610073,0.020950339
26.5705,0.40647508,0.011714307,0.049845975,0.053907452,-0.6959301,0.054258452,0.71402472,0.016194268,-0.13975475,-0.0028485476
26.5805,0.40657828,0.010112831,0.04969745,0.05192915,-0.69952092,0.053128134,0.71073993,0.01048068,-0.17666264,-0.022334121
26.5905,0.40659301,0.0080873588,0.049245808,0.049196457,-0.70350589,0.051018499,0.70714658,0.0066575813,-0.22482954,-0.06284946
26.6005,0.40654185,0.0056708022,0.04846676,0.045809443,-0.70787878,0.047992161,0.70321112,0.004716359,-0.25757235,-0.090311658
26.6105,0.40644885,0.0030026225,0.047471726,0.04196407,-0.71238379,0.04424538,0.69913568,0.0041731121,-0.27716457,-0.10848063
26.6205,0.40635341,0.00019131277,0.046224434,0.037868658,-0.71708968,0.040009917,0.69480037,0.0072212816,-0.28732989,-0.14046553
26.6305,0.40627808,-0.002663621,0.044707223,0.033709231,-0.72203451,0.035493092,0.69012325,0.0084049167,-0.28690802,-0.16640813
26.6405,0.40621053,-0.0054677882,0.042955587,0.029630108,-0.72712484,0.030871868,0.68517038,0.0090805154,-0.27784036,-0.18692897
26.6505,0.40619373,-0.008028636,0.041250704,0.026081717,-0.73183522,0.026766742,0.6804561,0.014279284,-0.21702731,-0.10489083
26.6605,0.40630374,-0.009806294,0.040878512,0.024477869,-0.73386173,0.025105608,0.67839333,0.018521948,-0.15186141,0.0055998934
26.6705,0.40648651,-0.011131637,0.041146921,0.023774764,-0.73455007,0.024546129,0.67769347,0.021946152,-0.1162666,0.038822678
26.6805,0.40672133,-0.012236103,0.041679468,0.02444264,-0.7346547,0.023415382,0.6775963,0.026752157,-0.10865962,0.052326087
26.6905,0.40701502,-0.013266679,0.042188373,0.024776449,-0.73503895,0.0228067,0.67718811,0.032269039,-0.099135376,0.043323471
26.7005,0.40736501,-0.014262254,0.042543734,0.024497856,-0.73586376,0.022324847,0.67631796,0.038625683,-0.10531112,0.024344371
26.7105,0.4077391,-0.015360937,0.042741283,0.023445934,-0.73711156,0.021151629,0.67503293,0.043790601,-0.11126632,0.0059591378
26.7205,0.40814783,-0.016180519,0.042567024,0.022427321,-0.73924627,0.019512797,0.67277872,0.044229212,-0.046879783,-0.042087559
26.7305,0.40856855,-0.016250694,0.04235318,0.022074325,-0.74138928,0.018269494,0.67046319,0.041910755,0.022520713,-0.00028225378
26.7405,0.40899791,-0.015769061,0.042536307,0.022192181,-0.7427486,0.017523667,0.66897306,0.042740587,0.067651889,0.026360941
26.7505,0.40944028,-0.014869787,0.042858279,0.022454956,-0.74368972,0.017137438,0.66792791,0.042751639,0.11252594,0.01788665
26.7605,0.40990233,-0.013484069,0.042810813,0.022944564,-0.74490315,0.01746466,0.6665492,0.041054832,0.1506839,0.0013803022
26.7705,0.41037006,-0.011862354,0.042851718,0.023189872,-0.74575217,0.018103579,0.66557358,0.0437271,0.18437362,-0.020358201
26.7805,0.41083258,-0.010021941,0.042832417,0.023420004,-0.74643889,0.01902236,0.66476961,0.034552689,0.19741664,-0.017644522
26.7905,0.41111623,-0.008093848,0.0428168,0.02388654,-0.74662878,0.019826055,0.66451623,0.018399506,0.19702022,-0.0040959514
26.8005,0.41128632,-0.0061442917,0.042796502,0.02438872,-0.74648167,0.02062131,0.66463905,0.010901566,0.19648151,-0.0059410325
26.8105,0.41140836,-0.0042237122,0.042772466,0.024860663,-0.74613518,0.021416108,0.66498541,0.0081440559,0.18592585,0.0086884808
26.8205,0.41150432,-0.0023772538,0.042738138,0.02530097,-0.74567611,0.022196456,0.66545797,0.0024732195,0.18200378,-0.019224085
26.8305,0.41151129,-0.00072660384,0.042656702,0.025516026,-0.74482127,0.023047868,0.66637752,-0.00088567577,0.16467834,-0.019391676
26.8405,0.41145491,0.00068658112,0.042588558,0.025611911,-0.74348937,0.023764665,0.66783443,-0.0081875192,0.12573807,0.0044646372
26.8505,0.41139943,0.0019348633,0.042472648,0.025782743,-0.74204662,0.024329185,0.66941031,-0.0042616875,0.11864429,0.0031427307
26.8605,0.41131599,0.0030754225,0.042419945,0.026180585,-0.73981989,0.02445785,0.67185037,-0.0084883626,0.10264662,-0.010524762
26.8705,0.41116448,0.0039885103,0.042299895,0.02610522,-0.73678142,0.024893549,0.6751681,-0.011789198,0.086085171,-0.023458563
26.8805,0.41099247,0.0047798953,0.042115305,0.025746551,-0.73345387,0.025537724,0.67877121,-0.011752822,0.076008949,-0.023971953
26.8905,0.41080824,0.0054407378,0.041879195,0.025216155,-0.7298004,0.026247147,0.68269071,-0.011771658,0.06348052,-0.021166444
26.9005,0.41063204,0.0060895907,0.041700014,0.025124527,-0.72574896,0.026352146,0.68699547,-0.0096806602,0.060189077,-0.013818991
26.9105,0.41047051,0.0066450952,0.041556914,0.025200495,-0.72159379,0.026213067,0.69136113,-0.0067076268,0.055468911,-0.009912487
26.9205,0.41034624,0.0072344325,0.041417486,0.025206655,-0.71753761,0.026061325,0.69557545,-0.0030467018,0.059451763,-0.0078946906
26.9305,0.4102576,0.007824671,0.041289,0.024958102,-0.71365846,0.026122361,0.69956151,0.00068729574,0.059712348,-0.0045290032
26.9405,0.41019196,0.0083947094,0.041171351,0.024519985,-0.71001513,0.026365063,0.70326536,0.00014311719,0.054938497,-0.006730212
26.9505,0.4101252,0.0088442929,0.041112123,0.024110668,-0.70686226,0.026425999,0.70644609,-0.0022582308,0.027316699,0.0043324366
26.9605,0.41000303,0.0089702748,0.041183251,0.023209091,-0.70468336,0.026092346,0.70866205,-0.0060973282,0.0011853764,0.0085278879
26.9705,0.4098611,0.0088973117,0.041251697,0.022083191,-0.70333581,0.025409882,0.71006014,-0.0067684104,-0.01261436,0.0082093511
26.9805,0.40970848,0.0087140278,0.041340065,0.020960028,-0.70233437,0.024462836,0.71111791,-0.0082262722,-0.022600029,0.013419603
26.9905,0.40954793,0.0084713511,0.041529183,0.01956332,-0.70128694,0.023711004,0.71221604,-0.007617305,-0.025070932,0.023998221
27.0005,0.40939473,0.0081877531,0.041706938,0.018400335,-0.70036709,0.022730536,0.71318349,-0.0072224767,-0.029994895,0.01842064
27.0105,0.40925085,0.0078245292,0.042009846,0.016944328,-0.69886623,0.021652841,0.71472375,-0.0015031603,-0.039850926,0.047598564
27.0205,0.40914643,0.0073945027,0.04258078,0.015503322,-0.69651641,0.02012306,0.71709107,0.0056158234,-0.045459175,0.066075645
27.0305,0.40910145,0.0069382515,0.043307491,0.013884895,-0.69363916,0.018600094,0.71994858,0.012934159,-0.04547301,0.079042357
27.0405,0.40912318,0.0064460208,0.044020994,0.012373321,-0.69113682,0.016421888,0.7224314,0.020567235,-0.052074331,0.065281704
27.0505,0.40921234,0.0059408421,0.044702776,0.010488498,-0.68924212,0.014022279,0.72431945,0.02902797,-0.050696139,0.06298395
27.0605,0.4093989,0.0054770283,0.045428931,0.0085004353,-0.68742942,0.011563051,0.72610938,0.037656166,-0.04504753,0.072964873
27.0705,0.40963801,0.0050012152,0.046092443,0.0065380226,-0.68622591,0.0086506041,0.72730765,0.041631893,-0.050553496,0.055636366
27.0805,0.40992135,0.0045017019,0.046649379,0.0047544085,-0.68581452,0.0051378222,0.7277427,0.045407977,-0.052215994,0.04572602
27.0905,0.41023336,0.0040480384,0.047203025,0.0028900699,-0.68579876,0.0017425896,0.7277834,0.046030289,-0.039806011,0.057117566
27.1005,0.41055249,0.0036708265,0.04778892,0.00037378297,-0.68638367,-0.0011532602,0.7272386,0.046133228,-0.035979201,0.056241319
27.1105,0.4108743,0.0033228259,0.048334486,-0.0024400499,-0.68751934,-0.0039170901,0.7261514,0.045655635,-0.032965743,0.052772718
27.1205,0.41119665,0.0030010109,0.048840698,-0.0052169404,-0.6888624,-0.006538966,0.72484385,0.044576711,-0.030314616,0.049283785
27.1305,0.4115259,0.0026388007,0.049486929,-0.0079237205,-0.68975074,-0.009127401,0.72394601,0.048031723,-0.039350226,0.07740953
27.1405,0.41186995,0.0022359636,0.050375902,-0.010531205,-0.68991291,-0.0116929,0.72372132,0.044467433,-0.035024829,0.098129308
27.1505,0.41215964,0.0021696668,0.051396186,-0.012152297,-0.69062407,-0.013895037,0.72297831,0.034090673,0.017342746,0.099136485
27.1605,0.41247083,0.0026678702,0.052293363,-0.01247135,-0.69199508,-0.015143777,0.7216356,0.032381186,0.074921704,0.076198605
27.1705,0.41283113,0.0036601781,0.052945495,-0.01178439,-0.69385076,-0.015359606,0.71985855,0.030640988,0.11771017,0.051276863
27.1805,0.413228,0.0050299937,0.053353348,-0.01034345,-0.69598648,-0.014626324,0.71783139,0.029041716,0.15145021,0.028344123
27.1905,0.41367918,0.0067729548,0.053390437,-0.0081938431,-0.69859435,-0.012859518,0.71535546,0.029876957,0.1918907,-0.018461182
27.2005,0.41419426,0.0088722512,0.05299376,-0.0053939537,-0.70177222,-0.010050483,0.71231007,0.030360684,0.22409257,-0.056455263
27.2105,0.41476262,0.011252628,0.052252862,-0.00207799,-0.70533119,-0.0063681918,0.70884627,0.031263231,0.24946081,-0.086304962
27.2205,0.41539342,0.01387106,0.051104825,0.0016506727,-0.70939395,-0.0018893557,0.70480773,0.033915298,0.27277844,-0.13443337
27.2305,0.41609154,0.01667344,0.049533418,0.00567928,-0.7139905,0.0032712059,0.70012472,0.037018306,0.28817388,-0.17060869
27.2405,0.41684846,0.019579805,0.047651001,0.0098814766,-0.71890824,0.0089070112,0.69497767,0.040479585,0.29555636,-0.19683079
27.2505,0.41766159,0.022510447,0.045463392,0.014107945,-0.72414245,0.01483885,0.68934642,0.044820653,0.29509105,-0.23051322
27.2605,0.41852076,0.025387233,0.042997987,0.01821573,-0.7296498,0.020879822,0.68325939,0.048340932,0.28688312,-0.25352578
27.2705,0.41929889,0.02784942,0.040810246,0.021626726,-0.73449771,0.025939252,0.67777028,0.03262156,0.17490135,-0.13008972
27.2805,0.41965875,0.028970395,0.040222762,0.02288093,-0.73647641,0.027897549,0.67550032,0.01878267,0.080503513,-0.0077897774
27.2905,0.41988851,0.029607577,0.040416032,0.023163151,-0.73743381,0.028666144,0.67441315,0.020834758,0.062496039,0.039572649
27.3005,0.42015321,0.030246756,0.040891499,0.023268194,-0.73785851,0.028991277,0.67393095,0.029286406,0.069587742,0.053382927
27.3105,0.42049972,0.03100014,0.041432012,0.023168149,-0.73822331,0.029328254,0.67352018,0.035789485,0.07991363,0.055078392
27.3205,0.42089701,0.031753774,0.041945222,0.023159746,-0.73871995,0.0295248,0.67296713,0.04270669,0.061441751,0.048326188
27.3305,0.42134443,0.031986581,0.042326927,0.022616483,-0.73973531,0.030180445,0.67184023,0.041254155,-0.0040646878,0.026160608
27.3405,0.42177555,0.031611215,0.042297659,0.021924082,-0.74144931,0.030987847,0.66993433,0.03815316,-0.058830871,0.0059296073
27.3505,0.42215277,0.030809909,0.042463431,0.021235689,-0.74275434,0.031738825,0.66847415,0.026074316,-0.09810669,0.014170728
27.3605,0.42228552,0.029646337,0.04247033,0.020529317,-0.74379456,0.032029043,0.66732476,0.0021801885,-0.12386092,0.017079883
27.3705,0.42221793,0.028236653,0.042478283,0.019987859,-0.74445566,0.031862351,0.66661161,-0.012405279,-0.14924903,0.0055165864
27.3805,0.42202779,0.026631612,0.042495222,0.019522919,-0.74484313,0.031421492,0.66621337,-0.020344366,-0.17134569,-0.0043103806
27.3905,0.42177752,0.024871012,0.042515488,0.019079827,-0.74505123,0.030794964,0.66602274,-0.023666841,-0.18513593,-0.0041292777
27.4005,0.42149906,0.023006753,0.042531005,0.018664957,-0.74511439,0.030042763,0.6659982,-0.025295955,-0.18990306,0.00073681022
27.4105,0.42115706,0.021140798,0.042506007,0.018273888,-0.74497751,0.029212743,0.66619907,-0.033937055,-0.18071843,-0.0020724609
27.4205,0.42083256,0.019305032,0.042490385,0.018066067,-0.74478833,0.028270158,0.66645687,-0.024416628,-0.18662251,-0.0039100661
27.4305,0.42054311,0.01747208,0.042465219,0.017794765,-0.74433217,0.027375511,0.66701091,-0.024789267,-0.1827867,-0.0074678505
27.4405,0.42022408,0.015734181,0.042422724,0.017499521,-0.74335893,0.02656522,0.66813588,-0.029793305,-0.16962642,-0.015396559
27.4505,0.41986242,0.014188954,0.042367789,0.017524648,-0.74204229,0.025640246,0.66963326,-0.029788297,-0.1511219,-0.010790685
27.4605,0.41952011,0.012733426,0.042289349,0.017565951,-0.74004559,0.024761148,0.67187116,-0.026706155,-0.14400436,-0.013932738
27.4705,0.41918339,0.011496146,0.042178982,0.017757432,-0.73720228,0.023853659,0.67501739,-0.024571228,-0.1103788,-0.010843552
27.4805,0.41888324,0.010468916,0.042043102,0.017863666,-0.73390055,0.023138968,0.67862763,-0.019724758,-0.10014208,-0.012081974
27.4905,0.41861583,0.0094914151,0.041924593,0.018090416,-0.73017881,0.022436476,0.68264796,-0.017392994,-0.098663423,-0.017288159
27.5005,0.4183773,0.0086153305,0.041746924,0.018522466,-0.72621423,0.021539326,0.68688126,-0.013802038,-0.087026863,-0.021532685
27.5105,0.41816559,0.0077665383,0.041590988,0.018955376,-0.72216017,0.020723942,0.69115548,-0.010158134,-0.083003737,-0.016474942
27.5205,0.41800269,0.0070892958,0.041422162,0.019331591,-0.71815002,0.020002053,0.69533212,-0.007317565,-0.063365097,-0.011965812
27.5305,0.41784429,0.0064404219,0.041303469,0.019543045,-0.71417186,0.019544384,0.69942451,-0.0086507937,-0.066537168,-0.0071758671
27.5405,0.41768072,0.0057853706,0.041208876,0.019806852,-0.71038909,0.019053745,0.70327233,-0.0084566236,-0.066905833,-0.013415832
27.5505,0.41754859,0.0053237557,0.041183321,0.020085979,-0.70721557,0.01876241,0.70646349,-0.0084882825,-0.025589457,0.0071237883
27.5605,0.41741618,0.0052200683,0.04128759,0.020392503,-0.70468933,0.018908932,0.70897076,-0.010858569,3.5908086e-05,0.010487899
27.5705,0.4172966,0.005288114,0.0413797,0.020647589,-0.70272396,0.019298619,0.71090103,-0.0097632472,0.012383516,0.0072712856
27.5805,0.41721031,0.0054595186,0.041517093,0.021167442,-0.70090731,0.019990942,0.71265787,-0.0082573779,0.021787386,0.019002313
27.5905,0.4171565,0.0057083777,0.041732524,0.022075369,-0.69903263,0.020965243,0.7144414,-0.0061475214,0.026892036,0.024414354
27.6005,0.4171335,0.006001404,0.041937795,0.023018881,-0.69721078,0.022235719,0.7161514,-0.0047561385,0.032116746,0.018330711
27.6105,0.41717886,0.0063499764,0.04234415,0.024427975,-0.69479322,0.023826613,0.71839957,0.004883622,0.03697056,0.059461163
27.6205,0.4173312,0.0067505191,0.043010508,0.027002565,-0.69155642,0.02512115,0.72138028,0.013937557,0.039351179,0.074682868
27.6305,0.41756523,0.0071455665,0.04383326,0.029506941,-0.68789537,0.026894603,0.72471096,0.020618492,0.039250859,0.083024047
27.6405,0.41788051,0.0075649049,0.044656089,0.031981763,-0.68468221,0.029086881,0.72755852,0.026530567,0.045014084,0.076170392
27.6505,0.41827818,0.0080267419,0.045409432,0.034909949,-0.68230431,0.031089078,0.7295722,0.030833345,0.047255359,0.072075849
27.6605,0.41871726,0.0084988091,0.046046753,0.037467083,-0.6804674,0.033520288,0.7310518,0.03500444,0.048802156,0.05628962
27.6705,0.41920194,0.008935784,0.046593542,0.03963471,-0.67933218,0.036350042,0.73185761,0.037122573,0.041824422,0.057176403
27.6805,0.41971992,0.0093034884,0.04711982,0.041867866,-0.67905209,0.039026624,0.73185536,0.039125627,0.035287267,0.051201715
27.6905,0.42025902,0.0096062827,0.047575585,0.044017494,-0.6793448,0.041590278,0.73131618,0.040154613,0.028473423,0.044778319
27.7005,0.42081071,0.0098441616,0.047953061,0.046094864,-0.68051807,0.044005335,0.72995476,0.040027531,0.02306453,0.03330321
27.7105,0.42135522,0.01003509,0.048218023,0.048116374,-0.6825288,0.046219922,0.72780696,0.037349134,0.01881913,0.021615537
27.7205,0.42186414,0.010186773,0.048381338,0.050099734,-0.68499355,0.048161803,0.72522706,0.033320087,0.014798977,0.011199996
27.7305,0.42235764,0.010351461,0.04861258,0.052210478,-0.68722498,0.050042379,0.72283584,0.034660476,0.020037264,0.03128845
27.7405,0.42287076,0.010554875,0.049020539,0.054382479,-0.68878931,0.052044209,0.72104315,0.038883394,0.023345685,0.047965369
27.7505,0.42338028,0.010662033,0.049510927,0.055909927,-0.69010823,0.054196207,0.71950502,0.033420086,-0.013659902,0.048414393
27.7605,0.42373293,0.010083852,0.049839832,0.05590026,-0.69255268,0.055285806,0.71707003,0.023542578,-0.089409165,0.022724525
27.7705,0.42394522,0.0088957119,0.049916763,0.054734956,-0.69578011,0.055161352,0.71403876,0.015995563,-0.14094321,-0.0016944965
27.7805,0.42404425,0.0072846568,0.049776822,0.052734815,-0.69935772,0.054010517,0.7107747,0.010016416,-0.17748681,-0.022148423
27.7905,0.42405324,0.0052521075,0.04932985,0.049987655,-0.7033353,0.051881968,0.70719796,0.0061882095,-0.22552328,-0.062370165
27.8005,0.42399568,0.002829527,0.048553273,0.046587909,-0.70770548,0.048839017,0.7032761,0.0039820364,-0.25818169,-0.090722488
27.8105,0.4238961,0.00015537647,0.047560756,0.042729113,-0.71220974,0.045076941,0.69921354,0.0035275913,-0.27782215,-0.10848783
27.8205,0.42379287,-0.0026623846,0.046311855,0.038618866,-0.71692136,0.040825978,0.6948853,0.0065273287,-0.28806508,-0.14062194
27.8305,0.4237061,-0.0055222067,0.044781584,0.034405686,-0.72189306,0.036321619,0.69019374,0.007434228,-0.2874983,-0.16734247
27.8405,0.42362665,-0.0083332221,0.043011552,0.030298021,-0.72701374,0.031692945,0.68522158,0.0080401861,-0.27866256,-0.18870431
27.8505,0.42359677,-0.010924425,0.041241057,0.026670968,-0.73184333,0.027485555,0.68039587,0.013242423,-0.22181325,-0.11519156
27.8605,0.42368675,-0.012495524,0.040753784,0.025083672,-0.73412669,0.025721706,0.67806136,0.015424091,-0.12095012,-0.005506314
27.8705,0.42383602,-0.013554667,0.040957156,0.024490364,-0.73493276,0.025080494,0.67723337,0.018248821,-0.094311172,0.034870509
27.8805,0.42404184,-0.014493088,0.041457527,0.024963307,-0.73514694,0.024144592,0.67701762,0.02538309,-0.096086182,0.050096341
27.8905,0.4243223,-0.015434174,0.041971147,0.025019283,-0.73556376,0.023799381,0.67657489,0.031285153,-0.093164747,0.04706254
27.9005,0.42467356,-0.016340551,0.042380196,0.024882169,-0.73628371,0.023625379,0.6758025,0.037501506,-0.09346327,0.032140657
27.9105,0.42505564,-0.017361969,0.04265007,0.024213858,-0.73738313,0.022700703,0.6746588,0.04325978,-0.10702019,0.012105825
27.9205,0.42546994,-0.018006301,0.042529005,0.023622278,-0.73939973,0.021189994,0.67251841,0.043580445,-0.030314599,-0.038087363
27.9305,0.42589722,-0.017953149,0.04234842,0.023473007,-0.74147202,0.020064028,0.67027285,0.042066473,0.031650884,0.0019346819
27.9405,0.42633171,-0.017400163,0.042547347,0.023644582,-0.74279492,0.019370441,0.66882092,0.043126982,0.073500106,0.027427619
27.9505,0.4267795,-0.016445129,0.042846154,0.023909416,-0.74374785,0.019061201,0.66776054,0.04298483,0.11891524,0.010317472
27.9605,0.4272461,-0.015027625,0.042781394,0.024383278,-0.74495576,0.019429089,0.66638494,0.041587682,0.15110001,0.0054032476
27.9705,0.42771996,-0.013394548,0.042821998,0.024615229,-0.74578184,0.020085334,0.66543228,0.044556137,0.18301766,-0.016282892
27.9805,0.42819332,-0.011558133,0.042807516,0.024878316,-0.74644707,0.020964112,0.66464904,0.036049129,0.19521112,-0.014410365
27.9905,0.42848959,-0.0096470113,0.042805894,0.025455497,-0.74661094,0.021650362,0.66442109,0.02007233,0.19768294,-0.010822322
28.0005,0.42867124,-0.0077226626,0.042781772,0.025988274,-0.74646583,0.022411332,0.66453827,0.011858542,0.19200258,-0.0032779456
28.0105,0.42879794,-0.0058527181,0.042784255,0.026435607,-0.74608162,0.023156307,0.66492643,0.0087913717,0.18149717,0.0083651133
28.0205,0.4288897,-0.0040616679,0.04272258,0.026851333,-0.74564023,0.023963736,0.66537612,-0.00012468353,0.1657483,-0.0032108623
28.0305,0.42890931,-0.0024432016,0.042661325,0.027239433,-0.74477506,0.024622305,0.66630463,-0.001693069,0.1509748,-0.0014629341
28.0405,0.42884657,-0.0011133438,0.042589886,0.027280924,-0.74344232,0.02532684,0.6677633,-0.0061191531,0.12662691,-0.0045456901
28.0505,0.42877311,6.5425773e-05,0.042520335,0.027537816,-0.74191964,0.025775069,0.66942704,-0.006053692,0.11196757,-4.2542922e-05
28.0605,0.42866651,0.0011072031,0.042444924,0.027743361,-0.7396963,0.02606702,0.67186323,-0.010462307,0.093683286,-0.0082024196
28.0705,0.42850735,0.0019719847,0.04225183,0.027459034,-0.73675178,0.026711324,0.67507728,-0.012119588,0.082228475,-0.015970453
28.0805,0.42834422,0.0027680391,0.042090746,0.027278597,-0.73339676,0.027134775,0.67871112,-0.010488889,0.076656222,-0.02041269
28.0905,0.42817526,0.0034697089,0.041930894,0.027067116,-0.7296494,0.027524213,0.68273095,-0.010144402,0.065070659,-0.029379094
28.1005,0.42802523,0.0040977724,0.041764324,0.027009166,-0.72560775,0.02762885,0.68702296,-0.0074208918,0.055276643,-0.0078435918
28.1105,0.42787139,0.0045841959,0.041543492,0.026706501,-0.72158226,0.027884495,0.69125123,-0.0063936796,0.050360852,-0.010999516
28.1205,0.42774541,0.005059693,0.041414822,0.026399977,-0.71751994,0.028095654,0.69547021,-0.0032107464,0.049362374,-0.010712988
28.1305,0.42766538,0.0055604072,0.041302792,0.026136998,-0.71367445,0.0282116,0.699421,0.0007308881,0.050902116,-0.014489338
28.1405,0.42760323,0.00605402,0.041169272,0.02594776,-0.71010916,0.028231531,0.70304671,0.00079132508,0.043479258,-0.017225061
28.1505,0.42754566,0.0063514808,0.041112768,0.025818815,-0.70696428,0.028188494,0.70621548,-0.00097595641,0.014609606,0.0062000726
28.1605,0.42745575,0.0063740465,0.04120849,0.02506688,-0.70473979,0.027903186,0.70847364,-0.0023656177,-0.0063077275,0.013290604
28.1705,0.42735501,0.0062314952,0.041290884,0.024091293,-0.70336187,0.027199071,0.70990274,-0.0032251732,-0.019468107,0.0096824799
28.1805,0.42724061,0.006003129,0.041418111,0.022906852,-0.70226898,0.026427195,0.71105215,-0.0044217402,-0.025830011,0.016699873
28.1905,0.42711593,0.0057225271,0.041604991,0.021692406,-0.7011965,0.025601387,0.71217798,-0.0045438149,-0.02966468,0.021674748
28.2005,0.42699612,0.0054026407,0.041749441,0.020486012,-0.70024459,0.024748236,0.71317975,-0.0041427175,-0.036506835,0.0010200162
28.2105,0.42688247,0.0050241799,0.042023948,0.019247248,-0.69876003,0.023561131,0.71470891,0.00091955665,-0.039589599,0.048444843
28.2205,0.42680272,0.0046149742,0.042624518,0.017697507,-0.69632482,0.022241834,0.71716375,0.0077270209,-0.043633205,0.065519305
28.2305,0.42677863,0.0041755599,0.043350461,0.016319495,-0.69344427,0.020573746,0.72003155,0.014592616,-0.045375141,0.074797056
28.2405,0.42682571,0.0037141496,0.044091631,0.014767508,-0.69087517,0.018542661,0.72258536,0.023206528,-0.046937277,0.072464127
28.2505,0.42694016,0.0032459483,0.04477743,0.012917852,-0.6889552,0.016232679,0.72450698,0.031057143,-0.045979682,0.068103247
28.2605,0.42714635,0.0028098647,0.045483866,0.010951464,-0.68715928,0.013854881,0.72629212,0.039121287,-0.042863086,0.070659665
28.2705,0.42740353,0.002361377,0.046163547,0.0090171067,-0.68595623,0.011012684,0.72750358,0.043037715,-0.047606504,0.059548366
28.2805,0.42769624,0.0018817907,0.046713156,0.0071818431,-0.68555159,0.0076245839,0.7279487,0.045678046,-0.05094648,0.043106271
28.2905,0.42801001,0.0014358278,0.047245251,0.0053013763,-0.68557788,0.0043005388,0.72796729,0.045723632,-0.039511319,0.055636092
28.3005,0.428328,0.0010598641,0.047820541,0.0028171508,-0.68620512,0.0014231957,0.72740125,0.045865333,-0.036200249,0.055570229
28.3105,0.42864885,0.00070943511,0.048363931,4.6826392e-05,-0.6873674,-0.001339641,0.72630865,0.04541361,-0.033457039,0.052620262
28.3205,0.42897012,0.00038369834,0.048871212,-0.0026884613,-0.6887294,-0.0039647328,0.72500266,0.044349356,-0.0308691,0.049302026
28.3305,0.4292984,1.7113905e-05,0.049519029,-0.0053584955,-0.68963383,-0.0065574661,0.72410874,0.047849822,-0.039950297,0.077435535
28.3405,0.42963664,-0.00038232331,0.050414748,-0.0078676592,-0.68989098,-0.0091779824,0.72381234,0.04310152,-0.031235492,0.098066111
28.3505,0.42992863,-0.00037522799,0.051424141,-0.0092879981,-0.69073817,-0.011287891,0.72295718,0.033727137,0.025229902,0.097257309
28.3605,0.43024998,0.00020927384,0.052292792,-0.0094553554,-0.69219427,-0.012345766,0.72154367,0.032447202,0.084094977,0.072581098
28.3705,0.43062574,0.0012968405,0.052905347,-0.0086293705,-0.69411865,-0.012324835,0.71970336,0.031312071,0.12757413,0.047726252
28.3805,0.4310426,0.0027648677,0.053268309,-0.007050164,-0.69631846,-0.011339385,0.71760875,0.030110238,0.16137177,0.024362643
28.3905,0.4315181,0.0046018458,0.053257729,-0.0047673158,-0.69898928,-0.0093270338,0.71505542,0.031324739,0.20107766,-0.023121362
28.4005,0.43206153,0.0067829543,0.052812907,-0.0018502261,-0.7022277,-0.006297491,0.71192217,0.032339206,0.23173194,-0.061009438
28.4105,0.43266052,0.0092247452,0.052025628,0.0015527214,-0.70584201,-0.0024373106,0.7083634,0.033583195,0.25472323,-0.090748881
28.4205,0.43332153,0.011875565,0.050833326,0.0053209352,-0.70995313,0.002158235,0.70422552,0.036425432,0.27476826,-0.13869184
28.4305,0.43404624,0.014673745,0.049221275,0.0093270994,-0.71458879,0.0073574995,0.69944387,0.039453925,0.28624097,-0.17449321
28.4405,0.4348228,0.017534695,0.047303814,0.013435565,-0.7195349,0.0129425,0.69420567,0.042570341,0.28937044,-0.20011095
28.4505,0.43564574,0.02037782,0.045088923,0.017493579,-0.72478532,0.018728772,0.68849797,0.046306895,0.28472106,-0.23303106
28.4605,0.43650306,0.02312862,0.042606728,0.02136352,-0.73029531,0.024533922,0.68235654,0.049081603,0.27287953,-0.25492796
28.4705,0.43721121,0.025294053,0.040639092,0.024300612,-0.73474168,0.028901097,0.67729527,0.028278771,0.14102201,-0.10639511
28.4805,0.43753414,0.02624365,0.040216173,0.025264113,-0.73643758,0.030515293,0.67534453,0.018697626,0.069908375,0.0017921136
28.4905,0.43776673,0.026819723,0.040465618,0.025458379,-0.73729474,0.031165409,0.6743716,0.022358701,0.058623563,0.042713095
28.5005,0.43804257,0.027423434,0.040954681,0.025387517,-0.73763958,0.031581493,0.6739777,0.030870726,0.065819197,0.053611412
28.5105,0.43839495,0.028122769,0.041492969,0.025433429,-0.73802931,0.031757973,0.67354087,0.036948717,0.073551762,0.054122533
28.5205,0.43881271,0.028802977,0.041972639,0.025113367,-0.73855266,0.032216838,0.67295718,0.042641727,0.046649938,0.046326234
28.5305,0.43925746,0.028907315,0.04233861,0.024551769,-0.73961182,0.032873959,0.67178187,0.040809528,-0.015656187,0.024989458
28.5405,0.43967763,0.028415471,0.042305822,0.02384022,-0.74135086,0.033560864,0.66985387,0.037421832,-0.069314103,0.0058698866
28.5505,0.44003966,0.027508573,0.042468993,0.023146597,-0.74267546,0.03413754,0.66838015,0.024548759,-0.11042621,0.0081345934
28.5605,0.44015,0.026252614,0.042483798,0.022459254,-0.74370273,0.034238042,0.66725526,0.00053281076,-0.13166684,0.018590371
28.5705,0.44006174,0.024775634,0.04251574,0.021942434,-0.74431224,0.03397159,0.66660614,-0.014181206,-0.1527382,0.01369884
28.5805,0.43985485,0.023109324,0.042523266,0.021462121,-0.74469973,0.033447504,0.66621539,-0.021709998,-0.17933179,-0.010782781
28.5905,0.43959195,0.021299327,0.042525561,0.020989506,-0.74492477,0.032748582,0.66601355,-0.024413981,-0.1871231,-0.00069465548
28.6005,0.43930503,0.019399366,0.042519593,0.020545691,-0.74501546,0.031935523,0.66596544,-0.025445724,-0.18969871,0.0060599134
28.6105,0.43896114,0.017518223,0.042508102,0.02012709,-0.74486196,0.031109743,0.66618897,-0.035817392,-0.18325968,-0.0039615206
28.6205,0.43861683,0.015673187,0.042485009,0.019738126,-0.74463339,0.030261942,0.66649512,-0.025370499,-0.18790131,-0.0061710658
28.6305,0.43835536,0.013846501,0.042457364,0.019616657,-0.74428828,0.029223006,0.66693041,-0.023430267,-0.17727765,-0.0035498123
28.6405,0.43803459,0.012174058,0.042412735,0.019585644,-0.74338158,0.028232957,0.66798438,-0.030060277,-0.1574626,-0.0027573916
28.6505,0.43766263,0.010695789,0.042349002,0.019548846,-0.74207432,0.027379516,0.66947286,-0.033434205,-0.13841415,-0.0062574869
28.6605,0.43729211,0.0093647426,0.042267409,0.01957789,-0.74000655,0.026580604,0.67178902,-0.028433632,-0.13224472,-0.011968239
28.6705,0.43694961,0.0081872231,0.042171726,0.019729911,-0.73711998,0.025755821,0.6749826,-0.024723189,-0.1053238,-0.0078061278
28.6805,0.43664945,0.0072207045,0.042056241,0.019795796,-0.73378642,0.025107943,0.67862744,-0.019437598,-0.093562511,-0.010429494
28.6905,0.43639468,0.0062888381,0.041922556,0.020066405,-0.73012297,0.02436655,0.6825863,-0.015024485,-0.093943902,-0.017594401
28.7005,0.43618298,0.0054805048,0.041747638,0.020554081,-0.72621393,0.023446947,0.68676131,-0.0095301522,-0.065889735,-0.020430719
28.7105,0.43601282,0.0048018662,0.041593971,0.020904029,-0.7221452,0.022739879,0.69105154,-0.0087848868,-0.073312925,-0.015718704
28.7205,0.43585694,0.0041056976,0.041431665,0.021337832,-0.71819355,0.022029021,0.69516721,-0.0052353231,-0.059465997,-0.015772723
28.7305,0.43572067,0.0035124532,0.041322391,0.02169752,-0.71427639,0.021464568,0.69919792,-0.0069843501,-0.063956199,-0.01268187
28.7405,0.4355701,0.0028927447,0.041226634,0.021972875,-0.71053802,0.020987874,0.70300243,-0.0081420689,-0.061162451,-0.010587341
28.7505,0.43544034,0.0024533923,0.041255841,0.022232509,-0.70723796,0.020820691,0.70631911,-0.0081119192,-0.024615742,0.010619348
28.7605,0.43531437,0.002355007,0.041382989,0.022589066,-0.70463791,0.020985998,0.70889685,-0.0097844481,-3.6921208e-05,0.012862986
28.7705,0.43520155,0.0024280831,0.041477195,0.022872478,-0.70265172,0.021348169,0.71084574,-0.0091387144,0.01270226,0.0067407218
28.7805,0.43512238,0.0025999472,0.04160279,0.023362783,-0.70082462,0.022032764,0.7126104,-0.0077213777,0.022276693,0.015373976
28.7905,0.43507339,0.0028481551,0.04176574,0.024087778,-0.69897361,0.023134448,0.71436718,-0.005501096,0.027127885,0.021045716
28.8005,0.43505891,0.0031356611,0.041960049,0.024987019,-0.69716104,0.024372737,0.71606431,-0.0026691171,0.02920423,0.023082367
28.8105,0.43511519,0.0034688494,0.042373856,0.026496488,-0.6947522,0.025765342,0.71829901,0.0050750886,0.035439832,0.054741005
28.8205,0.43526357,0.0038434345,0.043046475,0.028924853,-0.69151676,0.027115249,0.72127157,0.01377447,0.037243269,0.07443181
28.8305,0.43549624,0.0042166757,0.043855813,0.031252046,-0.68787181,0.028964615,0.72458039,0.020887827,0.03668587,0.083892591
28.8405,0.43581952,0.0046149406,0.044663432,0.033955934,-0.68467965,0.030787165,0.72740148,0.027790223,0.041994245,0.07462954
28.8505,0.43621423,0.0050517165,0.045390631,0.036603486,-0.68233049,0.032973992,0.72938193,0.030640481,0.045826402,0.068760158
28.8605,0.43665105,0.0055053525,0.046017723,0.039071993,-0.6805392,0.035383034,0.73081312,0.034625008,0.043948461,0.065439305
28.8705,0.43713018,0.005904738,0.046634031,0.041432845,-0.67941312,0.037891669,0.73160464,0.037051415,0.038586555,0.059216384
28.8805,0.43764536,0.006247868,0.04712495,0.043662034,-0.67918951,0.040423331,0.73154712,0.039307295,0.033220898,0.046206977
28.8905,0.43818461,0.0065330893,0.04754386,0.045740545,-0.67953161,0.042924458,0.7309597,0.040445929,0.027062978,0.041975475
28.9005,0.43873499,0.0067583371,0.047899457,0.047754114,-0.68073774,0.045281364,0.72956512,0.040020666,0.021936781,0.031589002
28.9105,0.43927527,0.0069384229,0.048152017,0.049729101,-0.68276646,0.04742848,0.72739777,0.037138086,0.017770658,0.020533663
28.9205,0.43977886,0.007080051,0.048307896,0.051676138,-0.68524034,0.049301052,0.72480663,0.033067839,0.014058962,0.010623048
28.9305,0.44027482,0.0072455433,0.04853269,0.053618766,-0.68747641,0.051257368,0.7224084,0.035880961,0.021251207,0.031798671
28.9405,0.44079621,0.0074551842,0.048935653,0.055564328,-0.68904097,0.053402442,0.72061316,0.039628799,0.023588785,0.048326325
28.9505,0.44131399,0.0075840108,0.049450971,0.05715073,-0.69028511,0.055502568,0.71913818,0.034599775,-0.0098379427,0.051905961
28.9605,0.44167719,0.0070393894,0.049817971,0.057226132,-0.69262965,0.056578404,0.71679023,0.024489978,-0.086466867,0.026607599
28.9705,0.44189572,0.0058780423,0.049925016,0.056093052,-0.69578312,0.05647445,0.71382775,0.016235544,-0.13849858,0.0003251749
28.9805,0.44199765,0.0042882237,0.049808985,0.054100266,-0.6993061,0.055352583,0.71061961,0.010173707,-0.17563934,-0.019895174
28.9905,0.44200648,0.0022706544,0.049384089,0.051345163,-0.70324001,0.053247717,0.70709395,0.0060018967,-0.22436322,-0.060572747
29.0005,0.44194476,-0.00014462948,0.048623234,0.047925207,-0.70758107,0.050214079,0.70321458,0.003727866,-0.25796578,-0.088560917
29.0105,0.4418374,-0.0028209371,0.047641706,0.044033451,-0.71206742,0.046442181,0.69918823,0.0029170096,-0.27861599,-0.107161
29.0205,0.44172454,-0.0056513916,0.046404831,0.039874954,-0.71676399,0.042160521,0.69489702,0.0057691239,-0.28993804,-0.139499
29.0305,0.44162405,-0.0085366993,0.044879876,0.035638215,-0.72173567,0.037573544,0.69022878,0.0061409411,-0.29060059,-0.16784419
29.0405,0.44153013,-0.011381026,0.043112442,0.031466382,-0.72686094,0.032862934,0.68527591,0.0070723926,-0.28240879,-0.18848901
29.0505,0.44148325,-0.014030505,0.041293818,0.027698174,-0.73178568,0.028498044,0.68037519,0.012381518,-0.22966503,-0.12531671
29.0605,0.44156778,-0.015890809,0.040805071,0.025905653,-0.73401766,0.026611094,0.67811416,0.016935002,-0.15764694,-0.00028760205
29.0705,0.44173043,-0.017256785,0.041048917,0.025129292,-0.73473779,0.025980684,0.67738756,0.020377168,-0.11927818,0.03835169
29.0805,0.4419466,-0.018386925,0.041595381,0.025736838,-0.7348063,0.024856202,0.67733262,0.024942136,-0.11030764,0.055493376
29.0905,0.44222724,-0.019434517,0.042130979,0.02609897,-0.73512153,0.024203907,0.67700026,0.030887628,-0.10075091,0.045059949
29.1005,0.44256845,-0.020430096,0.0425097,0.025839795,-0.73588836,0.023860691,0.6761888,0.037676246,-0.10443636,0.027095154
29.1105,0.44293868,-0.021526511,0.042736623,0.024930009,-0.73709194,0.022689854,0.67495121,0.043340157,-0.11173646,0.0085982246
29.1205,0.44334483,-0.022353727,0.042592943,0.023999726,-0.73919106,0.021003337,0.67274026,0.04410243,-0.048109641,-0.039426699
29.1305,0.44376471,-0.022439092,0.042362427,0.023628317,-0.74136469,0.019728237,0.67039608,0.041949627,0.021334586,-0.0020127641
29.1405,0.44419452,-0.021966587,0.042533966,0.023718915,-0.74273888,0.018986038,0.66889155,0.042864791,0.066859523,0.0256848
29.1505,0.44463537,-0.021081765,0.042863888,0.02391314,-0.74365735,0.018607385,0.66787399,0.042856884,0.10933468,0.02475999
29.1605,0.44509817,-0.0197026,0.042815891,0.024369975,-0.74486113,0.018945873,0.6665051,0.041041648,0.15411955,-0.0089733909
29.1705,0.44556325,-0.018103955,0.042898648,0.024551476,-0.74563707,0.019538172,0.66561313,0.044249528,0.1751759,0.0008854807
29.1805,0.4460328,-0.016246083,0.042844113,0.024797854,-0.74636691,0.020522108,0.66475586,0.033372492,0.18407874,0.01620586
29.1905,0.44632202,-0.01431352,0.042840354,0.025246517,-0.74654186,0.021333136,0.66451694,0.018658856,0.19484163,0.0031889401
29.2005,0.44650169,-0.012353428,0.042814936,0.025730295,-0.7463995,0.022152249,0.66463149,0.011252016,0.19423343,0.0021105212
29.2105,0.44663376,-0.010414183,0.042772291,0.026217649,-0.74607973,0.022972977,0.66494354,0.0091464756,0.19051602,0.00044336102
29.2205,0.44674103,-0.0085536822,0.042741627,0.026653477,-0.7456223,0.023756193,0.66541162,0.0035894014,0.17616712,-0.0013438329
29.2305,0.44674105,-0.0069405142,0.042666929,0.026792334,-0.74474889,0.0246099,0.66635247,-0.0015940403,0.15747087,-0.0060835351
29.2405,0.44668978,-0.0055292921,0.042571629,0.026961035,-0.74346051,0.025285425,0.6677576,-0.0081339912,0.12732229,-0.0089364892
29.2505,0.44661996,-0.0043396248,0.042492524,0.027001607,-0.74196171,0.025883764,0.66939806,-0.0085979282,0.10301985,-0.0054370029
29.2605,0.44649367,-0.0033735811,0.042371188,0.026832502,-0.73976371,0.026445355,0.67181122,-0.010738462,0.091822106,-0.012210762
29.2705,0.44633446,-0.0025125023,0.04220716,0.02665215,-0.73678222,0.026934427,0.67506753,-0.011434334,0.083191755,-0.018900447
29.2805,0.44617145,-0.0017258622,0.042041628,0.026569623,-0.73343672,0.027275096,0.67869043,-0.0098166169,0.075700057,-0.014297525
29.2905,0.44600433,-0.0010494201,0.041874274,0.026408551,-0.72971323,0.027575222,0.68268646,-0.0092605784,0.064507143,-0.013378134
29.3005,0.44584227,-0.00043959045,0.041717136,0.026389679,-0.72563949,0.027603305,0.68701454,-0.0080804474,0.059088041,-0.0077488733
29.3105,0.44570403,0.00018539847,0.041605886,0.026725263,-0.72143494,0.027217274,0.69143084,-0.0044001816,0.062350963,-0.0079666869
29.3205,0.44559608,0.00082189436,0.04142335,0.026606957,-0.71739972,0.02717688,0.69562284,-0.001810355,0.063988677,-0.024982913
29.3305,0.44550442,0.0014428703,0.041271625,0.026289617,-0.71349045,0.027315389,0.69963855,-0.0013703341,0.060226489,-0.0049070997
29.3405,0.44542844,0.0020359977,0.041157532,0.0258536,-0.70980942,0.027565061,0.70337924,-0.00065105262,0.0572962,-0.0046440695
29.3505,0.44534509,0.0024664769,0.041068921,0.025505309,-0.70670197,0.02771645,0.70650803,-0.0048391615,0.026317423,0.0022471595
29.3605,0.44521917,0.0025919006,0.041135668,0.024757323,-0.70453599,0.027583706,0.70869969,-0.0072855572,0.0018614351,0.0092789107
29.3705,0.44506991,0.0025173974,0.041183657,0.023894212,-0.70325664,0.026787356,0.7100293,-0.008338069,-0.015374739,0.0042644428
29.3805,0.44490143,0.0023337773,0.041320962,0.022501489,-0.70221415,0.02614416,0.71112971,-0.0097199241,-0.019967084,0.024007978
29.3905,0.44472145,0.0020660662,0.041503581,0.021274516,-0.70122075,0.025181289,0.71218169,-0.0097350871,-0.027721737,0.025440579
29.4005,0.44455097,0.0017770856,0.041716356,0.019885219,-0.70026438,0.024339921,0.71319138,-0.0087481457,-0.029638556,0.019970114
29.4105,0.44438705,0.0014056056,0.041997795,0.018798575,-0.69886934,0.022792034,0.71463892,-0.0034085584,-0.042543614,0.041115185
29.4205,0.44426441,0.00095786385,0.042548052,0.017293698,-0.69657127,0.021188914,0.71696613,0.0043638161,-0.046238528,0.063760345
29.4305,0.44420634,0.00050769196,0.043294122,0.015327887,-0.69364005,0.019847908,0.71988513,0.013023732,-0.042027955,0.085924878
29.4405,0.44422538,3.9250698e-05,0.044043187,0.013270645,-0.69104302,0.018075658,0.72246571,0.021024798,-0.049860141,0.06882424
29.4505,0.44431474,-0.00045574903,0.044743585,0.011263939,-0.68914143,0.015677912,0.72436967,0.029330807,-0.05022704,0.067030963
29.4605,0.44449931,-0.00092781889,0.045460168,0.0093306152,-0.68736575,0.013043058,0.72613438,0.037590866,-0.047022168,0.068528641
29.4705,0.44473702,-0.0014130087,0.046130756,0.0073881822,-0.68618474,0.0099992045,0.72732106,0.041714587,-0.051134402,0.058408279
29.4805,0.44501349,-0.001927717,0.046658311,0.0055582429,-0.68580619,0.0064089714,0.72773478,0.045027158,-0.053761425,0.043231409
29.4905,0.44532075,-0.0024061419,0.047186282,0.0038042809,-0.68583337,0.0027923121,0.72774331,0.045779112,-0.042274296,0.054572869
29.5005,0.44563445,-0.002800491,0.047763088,0.0013280919,-0.68644438,-0.00023871945,0.72718106,0.04579944,-0.037403522,0.055506916
29.5105,0.44595119,-0.0031581252,0.048306508,-0.0014992034,-0.68759757,-0.003071682,0.72608394,0.045381059,-0.033739745,0.052613087
29.5205,0.44626918,-0.0034855282,0.048812563,-0.0043091456,-0.68895375,-0.0057323207,0.72476983,0.044343175,-0.030781332,0.049308375
29.5305,0.44659402,-0.0038521863,0.049459586,-0.0070525509,-0.6898513,-0.0083457711,0.72386863,0.047721637,-0.039816629,0.07756136
29.5405,0.44693678,-0.0042615602,0.050355504,-0.0096510491,-0.69002227,-0.010974325,0.72364058,0.04493522,-0.035913812,0.099082386
29.5505,0.44722954,-0.0043308632,0.051386787,-0.011257913,-0.69073092,-0.013230763,0.72290318,0.034491776,0.017370389,0.099979456
29.5605,0.44754374,-0.0038292424,0.052290241,-0.011595501,-0.69209175,-0.014482176,0.72157108,0.032803008,0.075512675,0.076937555
29.5705,0.44790796,-0.0028297261,0.052947779,-0.01093245,-0.6939331,-0.014679633,0.71980681,0.031083366,0.11860155,0.051842136
29.5805,0.44830895,-0.0014507312,0.053357785,-0.0095113862,-0.69605676,-0.013919841,0.7177888,0.029518357,0.15247104,0.028787749
29.5905,0.44876424,0.00030201285,0.053392799,-0.0073759886,-0.69865743,-0.012124499,0.71531558,0.030261692,0.19293089,-0.018668962
29.6005,0.44928418,0.0024104333,0.052993557,-0.0045852478,-0.70182952,-0.0092891284,0.71226962,0.030855303,0.22500512,-0.056593847
29.6105,0.44985908,0.0047981016,0.052254546,-0.0012747204,-0.70537797,-0.0055861514,0.70880822,0.031861637,0.25014791,-0.08619489
29.6205,0.45049576,0.0074209829,0.051105713,0.0024471565,-0.70943312,-0.00109189,0.70476767,0.034461192,0.27314285,-0.13459748
29.6305,0.451199,0.010224082,0.049531473,0.00646483,-0.71402453,0.0040767802,0.70007896,0.037519368,0.28812952,-0.170941
29.6405,0.4519602,0.013126725,0.047645195,0.010650289,-0.7189387,0.0097117105,0.69492403,0.040935251,0.29504616,-0.19723004
29.6505,0.4527766,0.016048954,0.045453535,0.014853113,-0.72417003,0.015632677,0.68928424,0.045200337,0.29411129,-0.23093281
29.6605,0.45363748,0.018912945,0.042983733,0.018930132,-0.72967551,0.021653035,0.68318844,0.04859957,0.28548318,-0.2539905
29.6705,0.45440196,0.021329825,0.040863736,0.022252864,-0.73440583,0.026530739,0.67782668,0.032383918,0.17056882,-0.12165476
29.6805,0.45475315,0.022413434,0.040315549,0.02344341,-0.7362961,0.02837619,0.67565765,0.018739203,0.077933552,-0.0066562888
29.6905,0.4549859,0.023050304,0.040510113,0.023699011,-0.73723579,0.029119285,0.67459159,0.021881503,0.064794083,0.039294262
29.7005,0.45525964,0.023718484,0.04098016,0.023650893,-0.73765043,0.029573269,0.67412009,0.028616205,0.068834809,0.051847666
29.7105,0.45560637,0.024468903,0.041496521,0.023546357,-0.73803746,0.029909276,0.67368518,0.037037637,0.079675819,0.051496009
29.7205,0.45601204,0.025208808,0.04199489,0.02359479,-0.73864576,0.030055981,0.67300993,0.041282138,0.051363606,0.046593558
29.7305,0.45644743,0.025351976,0.042348613,0.023119241,-0.73973852,0.030655756,0.67179807,0.039969,-0.012131672,0.019068692
29.7405,0.45686636,0.024902643,0.042287286,0.022432116,-0.74150687,0.031431354,0.66983314,0.037097433,-0.065042253,0.0064394571
29.7505,0.45723553,0.024040141,0.04246245,0.021751868,-0.74280629,0.032130903,0.66838108,0.025952262,-0.10477922,0.014767618
29.7605,0.45736127,0.022816736,0.042477173,0.02103906,-0.7438441,0.032354178,0.66723798,0.0014738021,-0.12908355,0.017884986
29.7705,0.45728289,0.021370424,0.042518644,0.020500544,-0.74444576,0.032180028,0.66659184,-0.01346309,-0.15728723,-0.0039647064
29.7805,0.45708327,0.01972328,0.042515849,0.019992791,-0.74485213,0.031713609,0.66617554,-0.02099589,-0.17046199,0.0046980786
29.7905,0.45682566,0.017938153,0.042529161,0.019518532,-0.74506054,0.031077506,0.66598649,-0.024269694,-0.18994927,-0.01117855
29.8005,0.45654202,0.01605243,0.042520407,0.019058283,-0.74515359,0.030295979,0.66593173,-0.025351372,-0.19303064,-0.00508271
29.8105,0.45621452,0.014171716,0.04251224,0.018652054,-0.74502699,0.029479455,0.6661215,-0.03418699,-0.18447215,-0.0050758696
29.8205,0.45586253,0.012343617,0.04248918,0.018231153,-0.7447644,0.028690309,0.66646116,-0.026579112,-0.18742261,-0.0098151417
29.8305,0.45559334,0.010537333,0.04246826,0.018089387,-0.74438324,0.027707029,0.66693229,-0.023820401,-0.17365668,0.0022501452
29.8405,0.4552695,0.0088737161,0.042421668,0.018047039,-0.74346281,0.026744186,0.66799858,-0.030340293,-0.15836166,-0.0067575247
29.8505,0.45489617,0.007401777,0.04236249,0.018021857,-0.74213597,0.025905382,0.66950603,-0.033497479,-0.13623317,-0.0011489126
29.8605,0.45452828,0.0060467033,0.042281394,0.018006833,-0.74006778,0.02513422,0.67182119,-0.028154598,-0.13143119,-0.0053762871
29.8705,0.45418447,0.0048721578,0.042181115,0.018125764,-0.73717345,0.024324515,0.67502228,-0.024822234,-0.10582229,-0.010858767
29.8805,0.45388207,0.0038873849,0.042063229,0.018299421,-0.7338505,0.023566944,0.67865542,-0.019815798,-0.096989539,-0.013708441
29.8905,0.45361504,0.0029283325,0.041909688,0.018579404,-0.73021087,0.022782384,0.68258908,-0.016277426,-0.093944654,-0.019322753
29.9005,0.45337686,0.0020417686,0.041758998,0.019134552,-0.72627527,0.021830128,0.68679076,-0.012291443,-0.077640035,-0.013623769
29.9105,0.45320173,0.001410683,0.041597958,0.019385091,-0.72213523,0.021203686,0.69115508,-0.00779761,-0.062615019,-0.018943771
29.9205,0.45303769,0.00073296968,0.041423913,0.019656697,-0.71811563,0.020639773,0.69533989,-0.0084571483,-0.073055542,-0.023152246
29.9305,0.45287644,2.2594869e-05,0.041319466,0.020064538,-0.71420519,0.020038393,0.69936173,-0.0085928394,-0.072274883,-0.012025151
29.9405,0.45271692,-0.00067733998,0.041216941,0.020411615,-0.71049875,0.019475232,0.70313271,-0.0086883771,-0.068905022,-0.01652649
29.9505,0.45257435,-0.0011202845,0.041226169,0.020774498,-0.70722532,0.019097946,0.70642483,-0.0092158342,-0.023750019,0.0090656954
29.9605,0.45243812,-0.001212431,0.041348792,0.021136567,-0.70463058,0.019208804,0.70899931,-0.010573938,0.00022110833,0.012999954
29.9705,0.45231891,-0.0011379158,0.041448601,0.021423993,-0.70263674,0.019582351,0.71095651,-0.0097916531,0.012893868,0.0073363639
29.9805,0.45223312,-0.00096293511,0.041580859,0.021927238,-0.70080732,0.020304708,0.71272436,-0.0080053549,0.02149339,0.018855246
29.9905,0.45217668,-0.00070933407,0.041750059,0.02264717,-0.69893561,0.021483111,0.71450304,-0.0072008335,0.029854317,0.015922435
