t,x,y,z,qw,qx,qy,qz,vx,vy,vz
0.0005,0.014531094,0.033146847,0.08,2.2414272e-15,-0.70710678,2.2414272e-15,0.70710678,0,0,0
0.0105,0.014522619,0.033172461,0.079484059,5.0227903e-05,-0.70667725,4.4439593e-05,0.70753605,-0.00060312324,0.0045265193,-0.098004174
0.0205,0.014503215,0.033233379,0.077997224,0.00017269429,-0.70565733,0.00015298341,0.70855323,-0.00087523561,0.0072268309,-0.19458285
0.0305,0.014478454,0.033314041,0.075548236,0.00033661926,-0.70429179,0.0002980662,0.70991047,-0.00090948314,0.0085951198,-0.29065934
0.0405,0.014456571,0.033412574,0.072113268,0.00058728226,-0.70279959,0.00052697928,0.71138746,-0.00082721856,0.010664342,-0.39140087
0.0505,0.014441359,0.03352429,0.067677411,0.00092856283,-0.70132132,0.0008433101,0.71284418,-0.00064954116,0.011358241,-0.49100414
0.0605,0.014430844,0.033637635,0.06224984,0.0012999147,-0.69990337,0.0011867449,0.71423538,-0.00043804864,0.011083579,-0.58985498
0.0705,0.014427868,0.033754657,0.055815687,0.0017303004,-0.69861686,0.001585465,0.71549212,-0.00025577767,0.011927776,-0.69198659
0.0805,0.014432907,0.033874006,0.048368018,0.0022169727,-0.69750138,0.0020358902,0.71657712,-6.3793316e-05,0.011662197,-0.79268711
0.0905,0.014427025,0.033978026,0.040631592,0.0026689258,-0.69881579,0.0024375266,0.71529254,-0.007191792,0.0050385603,-0.56127725
0.1005,0.014426518,0.033997281,0.037660046,0.0029345406,-0.69990698,0.0026713521,0.71422299,-0.0014836674,0.00090614436,-0.11993396
0.1105,0.01442135,0.034010859,0.037488732,0.0031493641,-0.69974837,0.0028627633,0.71437673,-0.0016131436,0.0016258381,0.047752119
0.1205,0.014400508,0.034029311,0.038284272,0.0033434858,-0.69906578,0.0030385923,0.71504309,-0.0021415148,0.0019421319,0.096645246
0.1305,0.014368571,0.034079647,0.039479046,0.0035565237,-0.69767434,0.0032174191,0.71639899,-0.0017309278,0.00710998,0.13304426
0.1405,0.014322852,0.034169645,0.040865039,0.0037893648,-0.69549027,0.0033993016,0.71851748,-0.001955608,0.01040664,0.13980851
0.1505,0.014265679,0.034285948,0.04223994,0.0040171165,-0.69286402,0.0035740123,0.72104822,-0.0023826362,0.012383284,0.13318868
0.1605,0.014221095,0.034430558,0.043455719,0.004118799,-0.6907206,0.0036440971,0.72310083,-0.00020258253,0.016041916,0.1106067
0.1705,0.014199833,0.034605847,0.044455557,0.0040634202,-0.68945887,0.003585178,0.72430457,0.00085679529,0.018722321,0.090451259
0.1805,0.014191228,0.034803187,0.04526949,0.0039308203,-0.68876642,0.0034626479,0.7249644,0.0012970928,0.02047014,0.073576444
0.1905,0.014225189,0.035014576,0.045864246,0.0036588344,-0.68902128,0.0032187196,0.72472472,0.0068128647,0.021604014,0.048446061
0.2005,0.014298434,0.035222022,0.046062295,0.0032141242,-0.69037819,0.0028521295,0.72343589,0.0085635839,0.01994668,0.012443299
0.2105,0.01441267,0.03540144,0.046227199,0.0027427053,-0.69224346,0.0024479061,0.72165468,0.01259432,0.015374326,0.020217352
0.2205,0.014584376,0.035501051,0.046401862,0.0022085203,-0.69464283,0.0019587654,0.71934875,0.018347791,0.0056207028,0.014611436
0.2305,0.014804012,0.035516198,0.046499389,0.0015922924,-0.69749757,0.0013771947,0.71658405,0.02167721,-0.0015003141,0.0061167833
0.2405,0.015044423,0.035481356,0.046526036,0.00095555899,-0.70053024,0.00076836422,0.71362166,0.022369982,-0.0046452745,0.00058265196
0.2505,0.015287296,0.03541944,0.046519375,0.00025339923,-0.7035221,8.592818e-05,0.71067333,0.023122483,-0.00709421,-0.0010696124
0.2605,0.015523184,0.035343235,0.046504568,-0.00051989704,-0.70634693,-0.00067581637,0.7078653,0.022598791,-0.0078409436,-0.0014467256
0.2705,0.015745425,0.035264249,0.046489013,-0.0013044686,-0.70895767,-0.0014564238,0.70524833,0.021417719,-0.0078076581,-0.0014336334
0.2805,0.015961986,0.035187817,0.046490362,-0.0020548496,-0.71129688,-0.0022177631,0.7028852,0.02191755,-0.0073866965,0.0013764004
0.2905,0.016181856,0.035120301,0.046506971,-0.0027866353,-0.71335261,-0.0029015537,0.70079374,0.022596798,-0.0072736987,0.00092763873
0.3005,0.016402331,0.03505815,0.046528626,-0.0034015691,-0.71516482,-0.0035909586,0.69893835,0.022366543,-0.005509911,0.0033422487
0.3105,0.016644108,0.035017439,0.046649316,-0.0038425521,-0.71648176,-0.0039763893,0.69758391,0.026109384,-0.002653445,0.020949344
0.3205,0.016915792,0.034998837,0.046920778,-0.0039723784,-0.71716535,-0.0040826933,0.69687977,0.026816248,-0.0013926091,0.031447253
0.3305,0.017127953,0.034995504,0.047043458,-0.0038403278,-0.7181445,-0.0040678098,0.69587152,0.012421194,0.0009625127,-0.0071904407
0.3405,0.017286691,0.035028389,0.046923829,-0.0035178611,-0.71971665,-0.003764931,0.6942488,0.010600082,0.004995446,-0.016863346
0.3505,0.01744929,0.035092553,0.046702077,-0.0029985732,-0.72147455,-0.0032054924,0.69242704,0.009632197,0.0075667892,-0.026879466
0.3605,0.017610049,0.035177602,0.046387558,-0.0023726678,-0.72328183,-0.0025097714,0.69054433,0.0086134909,0.0093561541,-0.035267026
0.3705,0.017799856,0.035270918,0.045935444,-0.0016210672,-0.72524691,-0.0016621672,0.68848495,0.012583993,0.00949937,-0.053213359
0.3805,0.018029575,0.035366296,0.045346839,-0.00075729143,-0.72739053,-0.00068464801,0.68622298,0.014742187,0.0098611024,-0.063473537
0.3905,0.018272935,0.035466584,0.044677893,0.00014795116,-0.72957405,0.00033557083,0.68390173,0.015441064,0.01082536,-0.063756382
0.4005,0.018535358,0.035603092,0.044158402,0.0011504788,-0.73149136,0.0014511,0.6818482,0.018165665,0.015781696,-0.044335045
0.4105,0.018827709,0.035748193,0.043615495,0.0022484278,-0.73339483,0.0026555347,0.67979403,0.019755525,0.013457347,-0.066149916
0.4205,0.019129954,0.035894458,0.043045321,0.0033613283,-0.73526259,0.0038669788,0.67776299,0.021027414,0.016161682,-0.045648488
0.4305,0.019437413,0.036035353,0.042445351,0.0044067567,-0.73716083,0.0050286767,0.67568425,0.019129055,0.015940249,-0.059366212
0.4405,0.019730344,0.036172407,0.041875719,0.0054148138,-0.73901132,0.0059364903,0.67364509,0.020636909,0.0078602669,-0.039039278
0.4505,0.019970494,0.036197091,0.041706976,0.0057117399,-0.73983326,0.0064445017,0.67273515,0.020054873,-0.00085465304,-0.0020141241
0.4605,0.020176863,0.036165548,0.041763608,0.0058802623,-0.74000591,0.0065527032,0.67254275,0.01965319,-0.0048203916,0.0099033426
0.4705,0.020378577,0.036102091,0.041888755,0.0060590717,-0.73992435,0.0064570493,0.67263181,0.020872708,-0.0075366463,0.012218428
0.4805,0.020590364,0.036019738,0.042007114,0.0061012509,-0.73980054,0.0064165672,0.67276798,0.021817325,-0.0089340311,0.010848063
0.4905,0.020797938,0.035957739,0.042065972,0.0060957311,-0.73911173,0.006409416,0.67352476,0.022219835,-0.0044839912,0.0025574373
0.5005,0.02099355,0.035919155,0.042065577,0.0060841645,-0.73772683,0.0064120285,0.67504148,0.021887679,-0.0033736168,-0.0012124138
0.5105,0.021172493,0.03589254,0.042037414,0.0060588866,-0.73601568,0.0064222281,0.67690691,0.020208323,-0.002572016,-0.0066284453
0.5205,0.021331959,0.035899135,0.041973185,0.0060810695,-0.73381547,0.0063071761,0.67929235,0.020090511,0.0030388615,-0.0081748095
0.5305,0.021479117,0.035958841,0.041880253,0.0059605616,-0.73112816,0.0062377466,0.68218559,0.019857232,0.0073198415,-0.012263227
0.5405,0.021615847,0.036050016,0.041774466,0.0057594706,-0.72827553,0.0061918125,0.68523225,0.01923843,0.010463063,-0.0079550982
0.5505,0.021755634,0.036176899,0.041679718,0.0056154636,-0.72544126,0.0060732617,0.68823438,0.020467543,0.01483362,-0.0086361187
0.5605,0.02194502,0.036336534,0.041576696,0.0056111869,-0.72281345,0.0058887886,0.69099534,0.02829032,0.016438043,-0.009063728
0.5705,0.022196697,0.036506498,0.041498881,0.005611404,-0.72035175,0.0057818528,0.69356213,0.030638456,0.017109274,-0.010371395
0.5805,0.022476492,0.036664563,0.041420348,0.0055977678,-0.718002,0.005716203,0.69599505,0.033681051,0.014619741,-0.0064009513
0.5905,0.022776021,0.036803733,0.041332568,0.0055817522,-0.7157647,0.005675098,0.69829616,0.034391755,0.013150907,-0.0091331941
0.6005,0.023079383,0.036928536,0.041252493,0.0055686895,-0.71363176,0.0056442906,0.70047616,0.034157476,0.011988638,-0.008796793
0.6105,0.023379531,0.037036535,0.041176114,0.0054452178,-0.71158496,0.0057331125,0.70255557,0.033198728,0.010808184,-0.0080720747
0.6205,0.023652524,0.037138574,0.041103828,0.005168805,-0.70957797,0.0059853326,0.70458254,0.02582247,0.011054503,-0.0052218635
0.6305,0.023809739,0.037267568,0.041036575,0.0051409388,-0.70749081,0.0060199067,0.70667821,0.014366157,0.014961326,-0.0079930706
0.6405,0.023884504,0.037427454,0.040954868,0.0052414238,-0.70541318,0.0059550364,0.70875194,0.0091005171,0.016348069,-0.0059783827
0.6505,0.023930504,0.037594143,0.040905306,0.0053739988,-0.70340536,0.0058629271,0.71074443,0.0076075929,0.016137848,-0.0069076004
0.6605,0.023951517,0.037687306,0.040913041,0.005401229,-0.70170287,0.0056761579,0.71242663,0.003735821,0.0024444931,0.0056761547
0.6705,0.023936391,0.03767905,0.041001833,0.0053277242,-0.70047803,0.0053119902,0.71363431,0.0024591257,-0.003854194,0.010442314
0.6805,0.023935998,0.037635075,0.041121832,0.0053814626,-0.69965423,0.0048126675,0.71444513,0.0003620074,-0.0044278004,0.0070813012
0.6905,0.023893474,0.037598404,0.041165976,0.0052493317,-0.69914095,0.0045236422,0.71495029,-0.0043476691,-0.0037596194,0.0021046215
0.7005,0.023828302,0.037588708,0.041221838,0.0051748723,-0.69865079,0.004461233,0.71543022,-0.0055713853,0.0015977275,0.0071846081
0.7105,0.023771538,0.037628072,0.04128904,0.005124889,-0.69810091,0.0047362644,0.71596538,-0.0050697461,0.0060882991,0.0093557206
0.7205,0.02372571,0.037694809,0.041395862,0.0053581946,-0.69752475,0.004923774,0.71652374,-0.0043499074,0.0064681555,0.010311854
0.7305,0.023682449,0.037808736,0.04168167,0.0054988336,-0.69640166,0.0052162668,0.71761221,-0.0030183784,0.015269591,0.042271538
0.7405,0.0236295,0.037981956,0.042277566,0.0058427305,-0.69446725,0.0052237167,0.71948163,-0.0023448489,0.018400764,0.069673213
0.7505,0.023576009,0.038192707,0.042993979,0.0060397173,-0.69211395,0.0053205135,0.72174337,-0.0010282081,0.023143585,0.072436965
0.7605,0.023549174,0.038428433,0.04367824,0.0059830639,-0.69024334,0.005456578,0.72353201,0.0016715211,0.022952177,0.07063601
0.7705,0.023554901,0.038673241,0.04432969,0.0059920346,-0.68921304,0.0052795192,0.72451474,0.0043149887,0.025333073,0.058390759
0.7805,0.023588197,0.038929718,0.044880654,0.0057703061,-0.68871602,0.0052463099,0.72498926,0.005298416,0.023381547,0.055413835
0.7905,0.023651881,0.039164083,0.045329665,0.0056223328,-0.68911709,0.0049279171,0.72461144,0.0083221603,0.023215539,0.032939497
0.8005,0.023760525,0.039390922,0.045624424,0.0051539728,-0.69051799,0.0047353454,0.72328135,0.011458236,0.022357844,0.024553022
0.8105,0.023900081,0.039590921,0.045824991,0.0048343146,-0.6924328,0.0043723527,0.72145293,0.013649321,0.018590323,0.018930275
0.8205,0.024080846,0.039741622,0.045927377,0.0043046712,-0.694839,0.0040551002,0.71914101,0.018785505,0.010480372,0.0086398445
0.8305,0.024314669,0.039788639,0.046000968,0.0037199137,-0.69772083,0.0036034171,0.71635105,0.02296284,0.00055726817,0.0063043075
0.8405,0.02457701,0.03976647,0.046047773,0.0031486091,-0.70078018,0.0030847358,0.71336366,0.024150772,-0.0038892799,0.0034708894
0.8505,0.024841289,0.039708588,0.046071871,0.002519742,-0.70380461,0.0024800008,0.7103848,0.024652918,-0.006929712,0.0020306881
0.8605,0.025096214,0.039632328,0.046088481,0.0018186383,-0.70666253,0.0017898323,0.70754615,0.023954802,-0.0079934779,0.0016055877
0.8705,0.025335552,0.039550904,0.046103158,0.0011023244,-0.7093008,0.0010744357,0.70490425,0.022632082,-0.0081601971,0.0014415802
0.8805,0.025570473,0.039464064,0.046136894,0.00041175743,-0.71164966,0.00037565673,0.7025343,0.023650904,-0.0090578467,0.0048234514
0.8905,0.025807359,0.039371692,0.046197253,-0.0002290632,-0.71369098,-0.0002876649,0.7004606,0.023598051,-0.009264061,0.0069157425
0.9005,0.026038071,0.039280708,0.046271735,-0.00083320209,-0.71545545,-0.00089254362,0.69865729,0.023299466,-0.0082276833,0.0064367968
0.9105,0.026294678,0.039217648,0.046429962,-0.0012488321,-0.71671569,-0.0012238803,0.69736329,0.026991805,-0.0049610697,0.023871311
0.9205,0.026576909,0.039182659,0.046731937,-0.0012899082,-0.71736606,-0.0013503464,0.69669395,0.027750238,-0.0022804025,0.034471967
0.9305,0.026838595,0.0391755,0.047031137,-0.0011517027,-0.71788477,-0.0012896766,0.6961598,0.018568141,0.0021995869,0.015026372
0.9405,0.027046931,0.039251528,0.04713575,-0.00071580245,-0.71903537,-0.00087514053,0.69497256,0.014885723,0.011657392,0.0052322513
0.9505,0.027251118,0.039399477,0.047125071,-8.6668013e-06,-0.72046515,-0.00013062415,0.69349113,0.012855732,0.017296081,-0.0069305896
0.9605,0.027448442,0.039590773,0.046995049,0.00084305987,-0.72201006,0.00079695985,0.69188158,0.011120518,0.020730059,-0.018272536
0.9705,0.027671345,0.039800959,0.04669903,0.0018360246,-0.72376284,0.0019043464,0.69004373,0.01464745,0.021525296,-0.038856309
0.9805,0.027930652,0.040016052,0.046237664,0.0029424699,-0.72573752,0.003154531,0.68795817,0.016435009,0.021933238,-0.051770293
0.9905,0.028200778,0.040233691,0.045664294,0.0040819739,-0.72779849,0.0044479663,0.68576447,0.016276318,0.022154598,-0.061687265
1.0005,0.028482178,0.040443624,0.044903802,0.0052768403,-0.7300881,0.00581011,0.68330795,0.017030606,0.02067417,-0.087705229
1.0105,0.028776123,0.040639828,0.043942261,0.0065199728,-0.73264884,0.0072251465,0.68053726,0.017034028,0.019533506,-0.10397105
1.0205,0.029061639,0.040828939,0.042915968,0.007739877,-0.73524768,0.0086071082,0.67769969,0.0156294,0.0200673,-0.084797354
1.0305,0.029306127,0.041041482,0.042217648,0.0088719044,-0.73740486,0.0098651572,0.67532069,0.01069239,0.023162838,-0.057882037
1.0405,0.029481072,0.041251187,0.041853263,0.0096895758,-0.73886763,0.01076008,0.673695,0.011674856,0.018564708,-0.016868455
1.0505,0.029634023,0.041371832,0.041804884,0.0099936074,-0.73954918,0.011081637,0.6729371,0.013340795,0.0076479181,0.0030015611
1.0605,0.029777436,0.041430346,0.041866398,0.010109243,-0.73975009,0.011178545,0.67271291,0.013548655,0.0046746175,0.0077004141
1.0705,0.029925255,0.04145339,0.041955545,0.010150843,-0.7397489,0.011191051,0.67271337,0.015489578,0.00036143444,0.0092664128
1.0805,0.030081917,0.041444286,0.042044228,0.010169014,-0.73971759,0.011172271,0.67274784,0.015840951,-0.0019404671,0.0081155271
1.0905,0.030244921,0.041424595,0.042084902,0.01019158,-0.73909838,0.011142142,0.67342822,0.018932314,-0.0023095613,0.0011920275
1.1005,0.030417984,0.04139978,0.042077377,0.010220898,-0.73774605,0.011107531,0.67490957,0.020132752,-0.0026185091,-0.0017365392
1.1105,0.030582107,0.041371757,0.042004641,0.010240062,-0.73607203,0.011033941,0.67673582,0.01921238,-0.0027589749,-0.0081626048
1.1205,0.030737478,0.041388648,0.041946021,0.010254091,-0.7338343,0.010965882,0.67916259,0.020226404,0.0049444321,-0.0040293784
1.1305,0.030885836,0.041455676,0.041873356,0.01021864,-0.73112453,0.010862904,0.68208101,0.019654821,0.0065563212,-0.012860522
1.1405,0.031025174,0.041551121,0.041782001,0.010150596,-0.72827151,0.010735139,0.68512942,0.019693916,0.011337588,-0.0063117316
1.1505,0.031166432,0.041678732,0.041676104,0.010049353,-0.72546417,0.010586606,0.68810513,0.020324354,0.015009525,-0.0090209523
1.1605,0.031359222,0.041837624,0.041588505,0.010065145,-0.72280352,0.010415481,0.69090179,0.02858794,0.016129222,-0.0085913508
1.1705,0.031614077,0.042002073,0.041505061,0.010065996,-0.72033982,0.010319995,0.69347149,0.030915355,0.016345717,-0.010050416
1.1805,0.031896779,0.042150055,0.041424859,0.010054976,-0.71798292,0.010266787,0.69591236,0.033928021,0.013348146,-0.0066738515
1.1905,0.032198876,0.042274894,0.041335159,0.010045799,-0.71574063,0.010232962,0.69821896,0.034609134,0.011562042,-0.0098761264
1.2005,0.032504716,0.042381256,0.041255612,0.010044341,-0.71360016,0.010203363,0.70040689,0.034413109,0.0098017276,-0.0066835328
1.2105,0.032806591,0.04247507,0.041173466,0.0099485326,-0.71155281,0.010281374,0.70248695,0.033091468,0.0093465205,-0.0053657852
1.2205,0.033077453,0.042565268,0.041116287,0.0096909669,-0.70950919,0.010525532,0.70455092,0.025738336,0.010036138,-0.0044897353
1.2305,0.033234695,0.042687057,0.041037363,0.0096766277,-0.70742815,0.010553871,0.70664021,0.014398111,0.014321859,-0.011184673
1.2405,0.033309941,0.042839366,0.040967894,0.0097861776,-0.70532207,0.010477392,0.708742,0.0092725553,0.015540536,-0.0048471939
1.2505,0.033358651,0.04299976,0.040907792,0.0099313134,-0.70332182,0.010378129,0.71072644,0.0078159587,0.015426659,-0.0048881801
1.2605,0.033384086,0.043093431,0.040893673,0.010018834,-0.70164757,0.010232927,0.71238024,0.0036331537,0.0026477074,0.004496474
1.2705,0.03337331,0.04308975,0.040976629,0.010026283,-0.70043414,0.0099338869,0.71357747,0.0026280033,-0.0034732917,0.010232618
1.2805,0.03337261,0.043050703,0.041093039,0.010180701,-0.69962133,0.0094713938,0.7143785,-0.00022786155,-0.0038228801,0.0067128155
1.2905,0.033327951,0.043020213,0.041139771,0.010130411,-0.69910428,0.0092273991,0.7148884,-0.0049108403,-0.0033177316,0.0026647566
1.3005,0.033261106,0.043014895,0.041205016,0.010128473,-0.69859923,0.0092075078,0.71538224,-0.0060417823,0.0018681919,0.0091638074
1.3105,0.03320288,0.043058077,0.041287146,0.010163198,-0.69802826,0.0094989848,0.71593507,-0.0052617646,0.0069314475,0.0078618295
1.3205,0.033158804,0.043134611,0.041381078,0.010280381,-0.69745444,0.0098962774,0.71648704,-0.0043840755,0.008422129,0.011565281
1.3305,0.033111485,0.043250114,0.041697116,0.010639511,-0.69630092,0.010043277,0.71760083,-0.0033987162,0.015226545,0.044820334
1.3405,0.033058532,0.043436685,0.042263425,0.010888845,-0.69439244,0.010209033,0.71944169,-0.0026513767,0.020128988,0.067440099
1.3505,0.033010373,0.043666481,0.042969369,0.011098922,-0.69203948,0.01036102,0.72169995,-0.00081137675,0.025147406,0.070795672
1.3605,0.032986657,0.04391828,0.043684709,0.011248026,-0.69016088,0.010346214,0.72349457,0.0019275884,0.025636638,0.067936743
1.3705,0.032998391,0.044185783,0.044295922,0.011104246,-0.68915793,0.010382937,0.72445168,0.0042446789,0.027684984,0.057917158
1.3805,0.033030888,0.044443112,0.044901932,0.01119436,-0.68863423,0.010067401,0.72495258,0.0054883723,0.024329284,0.05959635
1.3905,0.033095523,0.044683807,0.045345439,0.010967246,-0.68904627,0.0098618637,0.72456725,0.0086487704,0.024041543,0.035424722
1.4005,0.033204129,0.04490976,0.045595887,0.010356706,-0.69047224,0.0098248358,0.72321802,0.011693158,0.020223805,0.02393643
1.4105,0.033349772,0.045084919,0.045832338,0.010089305,-0.69235688,0.0093727922,0.7214238,0.014795266,0.015711471,0.022088328
1.4205,0.033537466,0.045219292,0.04594024,0.0095632043,-0.69474075,0.0090406231,0.71913983,0.019423041,0.009767331,0.0089452269
1.4305,0.033775878,0.045260801,0.046012722,0.0089322088,-0.69762135,0.0086497862,0.71635874,0.023241639,0.00021089343,0.0062709215
1.4405,0.034038403,0.045234971,0.04605301,0.0083296474,-0.70069945,0.0081800968,0.71336105,0.024012835,-0.0041442407,0.0029657251
1.4505,0.034301839,0.045173509,0.046074128,0.007679975,-0.7037367,0.0076113113,0.71037859,0.024534927,-0.0073790326,0.0020029951
1.4605,0.034556157,0.045091657,0.046092174,0.0069685833,-0.70659822,0.0069442623,0.70754658,0.023883055,-0.0085977241,0.0017985948
1.4705,0.034795177,0.045003829,0.046109153,0.0062441872,-0.70923815,0.006247984,0.70491363,0.02258229,-0.0088090007,0.0016364889
1.4805,0.035029921,0.044911587,0.046144549,0.0055463536,-0.71159088,0.005565614,0.70255013,0.0236458,-0.0094925254,0.0052962986
1.4905,0.035268414,0.044813332,0.046207554,0.0048968188,-0.71363368,0.004919422,0.70048468,0.023839482,-0.00996157,0.0070310281
1.5005,0.035502997,0.044716272,0.046277443,0.0042616126,-0.71541117,0.004352827,0.69867715,0.023676813,-0.0086296615,0.0057091621
1.5105,0.035763317,0.04464624,0.046438342,0.003843528,-0.71666671,0.004030305,0.69739358,0.027202761,-0.0056428324,0.024059655
1.5205,0.036047466,0.044604134,0.046742655,0.0038150823,-0.71731176,0.0038967144,0.69673101,0.027911099,-0.0029163323,0.034687728
1.5305,0.036310787,0.044589392,0.047045873,0.0039535737,-0.7178223,0.0039535116,0.69620391,0.018838402,0.00114529,0.015595862
1.5405,0.036521845,0.044660656,0.047157345,0.0043829531,-0.71896154,0.0043751101,0.69502227,0.015189194,0.011751189,0.005976675
1.5505,0.03673003,0.044812849,0.047154346,0.0050946551,-0.72037682,0.005146184,0.69354509,0.013206305,0.018159797,-0.0061533616
1.5605,0.036932388,0.045014385,0.047031842,0.0059597715,-0.72190555,0.0061131809,0.69193893,0.011508792,0.02209245,-0.017538812
1.5705,0.037161386,0.045238027,0.046743848,0.0069711433,-0.72363972,0.0072694387,0.69010442,0.0151518,0.023106838,-0.037920706
1.5805,0.037428286,0.04546795,0.04629373,0.0080982176,-0.72559046,0.0085747315,0.68802571,0.016950935,0.023623203,-0.050856528
1.5905,0.03770575,0.045701038,0.045729532,0.0092591216,-0.72762889,0.0099261462,0.68583667,0.016823058,0.023881931,-0.060758509
1.6005,0.037994217,0.04592624,0.044977376,0.010472991,-0.72989629,0.011348604,0.68338345,0.017644084,0.022353235,-0.086483508
1.6105,0.038294626,0.046136867,0.044022922,0.011731574,-0.73243588,0.012825086,0.68061411,0.017447801,0.021134788,-0.10338546
1.6205,0.038588158,0.046336979,0.042962697,0.012965859,-0.73507228,0.014271346,0.67771451,0.01612712,0.020607567,-0.094276526
1.6305,0.038836703,0.046546578,0.042199874,0.014099228,-0.73732416,0.015576477,0.67521231,0.010925255,0.022885327,-0.062868904
1.6405,0.039007725,0.046744445,0.041819702,0.014882446,-0.7387889,0.016462722,0.67357141,0.011495109,0.018022177,-0.01714293
1.6505,0.039159731,0.046860887,0.041773454,0.015169858,-0.73946117,0.01677793,0.67281911,0.013125922,0.0073348818,0.003269113
1.6605,0.039301621,0.046916208,0.041839469,0.015279307,-0.73964862,0.016872492,0.67260819,0.01369953,0.0041902181,0.0084231731
1.6705,0.03945017,0.046934786,0.041935281,0.015319292,-0.73966473,0.016883571,0.67258929,0.015374623,1.5523555e-05,0.0098071625
1.6805,0.03960521,0.046922362,0.042028565,0.015338433,-0.73963343,0.016863415,0.67262378,0.015650162,-0.002272258,0.0084993878
1.6905,0.039767212,0.046899509,0.042072936,0.015366756,-0.73901,0.016828005,0.67330892,0.018886795,-0.0026598436,0.0015415
1.7005,0.039938753,0.046874104,0.042072263,0.015431411,-0.7376153,0.016760031,0.67483675,0.02010027,-0.0027914665,-0.0012071587
1.7105,0.040103808,0.046847476,0.042021547,0.015448362,-0.73593626,0.016696915,0.67666859,0.019197066,-0.0027534544,-0.0078233678
1.7205,0.040260374,0.046863678,0.04196215,0.015453476,-0.73373243,0.016627035,0.67905924,0.02031201,0.0045554972,-0.0039721301
1.7305,0.040407347,0.046923318,0.041872907,0.015432163,-0.73105649,0.016468202,0.68194359,0.020002812,0.0080966354,-0.0074563335
1.7405,0.040549096,0.047019649,0.041783593,0.015411436,-0.72819852,0.016312902,0.68499875,0.019395948,0.0098351683,-0.0098350675
1.7505,0.040692635,0.04715208,0.041680866,0.01531432,-0.72536485,0.016202842,0.68800347,0.020726577,0.015557227,-0.0086827102
1.7605,0.040886425,0.047313729,0.041589008,0.015334119,-0.72270421,0.016051076,0.69080088,0.028651778,0.01607732,-0.010503524
1.7705,0.041142634,0.047474625,0.04150172,0.015361747,-0.72024753,0.015937715,0.69336391,0.03104547,0.015679047,-0.0081135504
1.7805,0.041426797,0.047617509,0.041415085,0.015386189,-0.71790393,0.015857314,0.69579146,0.0339753,0.012550676,-0.0076274588
1.7905,0.041729245,0.047733023,0.041332327,0.015412891,-0.71565472,0.015793998,0.69810552,0.034614127,0.010340795,-0.0077874976
1.8005,0.042035395,0.047830118,0.041249346,0.015440917,-0.7135229,0.015736384,0.70028495,0.034451446,0.0088557123,-0.0077640663
1.8105,0.042336115,0.0479141,0.041178314,0.015357439,-0.71145623,0.015798671,0.70238492,0.033088114,0.0086944924,-0.0078951459
1.8205,0.042607047,0.047997511,0.041105764,0.015120668,-0.70943315,0.016020361,0.70442836,0.025790083,0.0091224755,-0.0054697894
1.8305,0.042766013,0.048112406,0.041021636,0.015131845,-0.70736029,0.016021709,0.70650955,0.014668119,0.01376975,-0.011826591
1.8405,0.042843665,0.048262324,0.040949587,0.015261011,-0.70525514,0.015925145,0.70861038,0.0095242661,0.015416076,-0.00486434
1.8505,0.042894661,0.048421589,0.040892361,0.015422211,-0.7032471,0.015808798,0.71060239,0.0081516889,0.015516816,-0.010607433
1.8605,0.042920312,0.0485104,0.040883683,0.015539335,-0.70158178,0.01566555,0.71224724,0.0034883413,0.0025796855,0.0048689975
1.8705,0.042911507,0.048507149,0.040970797,0.01559885,-0.70037497,0.015378837,0.7134389,0.0027723062,-0.003605419,0.010553199
1.8805,0.042906083,0.048469664,0.041084192,0.015768071,-0.69956624,0.014944548,0.71423743,-0.00085593915,-0.0035155732,0.0063984085
1.8905,0.0428563,0.048440239,0.041130721,0.01572646,-0.69904467,0.014719947,0.71475349,-0.005418831,-0.0033763025,0.0028866694
1.9005,0.042785839,0.04843564,0.041199295,0.015735445,-0.69852932,0.014705602,0.71525725,-0.00632998,0.002022661,0.0095647818
1.9105,0.04272544,0.048481235,0.041288305,0.015791997,-0.69794303,0.014982621,0.71582237,-0.0054083716,0.0072100775,0.0084851713
1.9205,0.04268267,0.048560437,0.04138958,0.015915364,-0.69733668,0.015376264,0.716402,-0.0041753557,0.0077440746,0.01173937
1.9305,0.042636754,0.048678645,0.04170608,0.016273724,-0.69617376,0.015521864,0.71752096,-0.0034005665,0.015789113,0.044083214
1.9405,0.042584917,0.048871352,0.042268754,0.01652971,-0.69427185,0.01567639,0.71935222,-0.0025295663,0.020695072,0.068149328
1.9505,0.042538943,0.049107523,0.042973249,0.016779169,-0.69191387,0.015784192,0.72161244,-0.00089014115,0.025680541,0.065599137
1.9605,0.042517095,0.049378923,0.043692079,0.016907499,-0.69005004,0.015782493,0.72339201,0.0020570532,0.028063354,0.073210812
1.9705,0.042528628,0.049667279,0.044312277,0.016833302,-0.68904804,0.015743239,0.72434908,0.0042255441,0.026250528,0.061458022
1.9805,0.042561201,0.049941317,0.044879473,0.016745288,-0.68855415,0.01560701,0.72482357,0.0049517702,0.028310608,0.049569847
1.9905,0.042627372,0.050198512,0.0453292,0.016559424,-0.68896921,0.01536965,0.72443839,0.0090152465,0.024132096,0.040073081
2.0005,0.042739783,0.050433682,0.04559896,0.016098355,-0.69038137,0.01520149,0.72310672,0.012149498,0.02229217,0.02323724
2.0105,0.04288783,0.050618715,0.045831613,0.015812861,-0.6922652,0.014785665,0.7213184,0.014373456,0.014409274,0.020550264
2.0205,0.043075779,0.05074163,0.045975062,0.015406002,-0.69462491,0.01432998,0.71906435,0.019583714,0.0093345914,0.010291757
2.0305,0.043314644,0.050780488,0.046053607,0.014740838,-0.69749768,0.013970796,0.71629918,0.023263293,0.00015588372,0.0064911751
2.0405,0.043576718,0.050753982,0.046091883,0.014084544,-0.70057398,0.013554527,0.71331199,0.023959371,-0.0040827542,0.0027708414
2.0505,0.043839087,0.05069236,0.046108273,0.013379215,-0.70361377,0.013041288,0.71033695,0.024405417,-0.0072460919,0.0015941968
2.0605,0.044091794,0.050610469,0.046119776,0.012613735,-0.70648392,0.012428121,0.70750753,0.023701488,-0.0086717051,0.0013198674
2.0705,0.044329034,0.05052004,0.046131188,0.011843248,-0.70913283,0.011777962,0.70487705,0.022412789,-0.0090827903,0.0012913973
2.0805,0.044562236,0.050424548,0.046163418,0.011109184,-0.71149115,0.011131413,0.70251906,0.023564044,-0.0099572023,0.004732978
2.0905,0.04479986,0.050322785,0.046221421,0.010419817,-0.71354701,0.010524307,0.70045081,0.023692083,-0.010237129,0.0066988541
2.1005,0.045033339,0.050225253,0.046278521,0.0097246055,-0.71534228,0.010015159,0.69863477,0.023178914,-0.0093104759,0.0056888874
2.1105,0.045288682,0.050142644,0.04643532,0.0093944163,-0.71661613,0.0096089636,0.69733832,0.026923527,-0.0059646534,0.024273158
2.1205,0.045570746,0.050100252,0.046742814,0.0093253245,-0.71726169,0.0095129273,0.69667655,0.027787758,-0.0030036045,0.035017937
2.1305,0.045833563,0.050083438,0.047047174,0.0094417872,-0.71777098,0.0095906146,0.69614919,0.018901382,0.0010622987,0.015742129
2.1405,0.046046347,0.050154886,0.047159481,0.0098596235,-0.71890442,0.010033724,0.69496658,0.015404691,0.011993188,0.0060872961
2.1505,0.046257746,0.050309473,0.047157347,0.010567271,-0.7203103,0.010829095,0.69348694,0.013521139,0.018597214,-0.006057788
2.1605,0.046464277,0.05051477,0.04703571,0.011432269,-0.72182798,0.011822553,0.69187709,0.011888407,0.022650339,-0.017451847
2.1705,0.046698114,0.050742405,0.046748968,0.012444006,-0.7235494,0.013007988,0.69003783,0.015611273,0.023648052,-0.03770354
2.1805,0.046969983,0.050975919,0.046299296,0.013570296,-0.72548729,0.01434487,0.68795222,0.017330849,0.024141069,-0.050971031
2.1905,0.047252552,0.051212276,0.045735532,0.014729682,-0.7275131,0.015728503,0.6857553,0.017417934,0.024360108,-0.060184096
2.2005,0.047547661,0.051439986,0.044990521,0.01594119,-0.7297599,0.017183281,0.68330161,0.018140011,0.022774378,-0.086011627
2.2105,0.047851952,0.051652781,0.044034734,0.017191781,-0.73228757,0.018694906,0.68052175,0.017928895,0.021521529,-0.10300486
2.2205,0.048150662,0.051854315,0.042978339,0.018415515,-0.73490697,0.020175907,0.67761755,0.01655631,0.020839864,-0.094046734
2.2305,0.048403618,0.052062385,0.042216496,0.019533284,-0.73714571,0.021507925,0.67510893,0.011329236,0.022797116,-0.062830963
2.2405,0.048577542,0.052260719,0.041826342,0.020365552,-0.73863818,0.022413445,0.67342151,0.011461409,0.017978349,-0.01817757
2.2505,0.048729244,0.052376381,0.041773694,0.020639538,-0.73929513,0.02277011,0.67267989,0.013112098,0.007153537,0.0029482979
2.2605,0.048874319,0.052427137,0.041839839,0.020728324,-0.73951759,0.02289218,0.67242845,0.013696157,0.0037709654,0.0085585067
2.2705,0.049020408,0.052442603,0.041934304,0.020766945,-0.73952308,0.022908217,0.67242067,0.015135401,-0.00034517194,0.0097413907
2.2805,0.049173258,0.052425936,0.042027302,0.020790684,-0.73948919,0.022885412,0.67245799,0.015448994,-0.0027470404,0.0084672934
2.2905,0.049333868,0.052399072,0.042071802,0.020828996,-0.73886556,0.022841554,0.67314345,0.018823468,-0.0030317474,0.0015357861
2.3005,0.049505145,0.052368323,0.042075995,0.020942698,-0.73747753,0.022729299,0.67466412,0.020012792,-0.0031061875,-0.00076775526
2.3105,0.049669905,0.052343345,0.04204103,0.021007674,-0.73575883,0.0226388,0.67653907,0.01925648,-0.0019091538,-0.0055999667
2.3205,0.049826268,0.052360301,0.041966804,0.020989461,-0.73358059,0.022565514,0.67890335,0.019974954,0.0037932786,-0.0095642362
2.3305,0.049975688,0.052426024,0.041874248,0.02096435,-0.73091362,0.02242337,0.68177926,0.020175986,0.0079695175,-0.0088526614
2.3405,0.050118299,0.052520943,0.041783835,0.020964752,-0.72805935,0.022229752,0.68483275,0.019855436,0.0091514773,-0.0090372699
2.3505,0.050263166,0.052645519,0.041689168,0.020967499,-0.7252284,0.021994697,0.68783746,0.020698471,0.013667542,-0.010225769
2.3605,0.050456596,0.05279445,0.041603813,0.021004149,-0.72255352,0.02177224,0.69065274,0.028733889,0.015032727,-0.0072940324
2.3705,0.050711923,0.052949835,0.041514227,0.021027481,-0.7200856,0.021642362,0.69322881,0.031009689,0.015263677,-0.0086546168
2.3805,0.050995205,0.053089591,0.041423466,0.021045151,-0.71773166,0.021561177,0.69566765,0.033942444,0.012362249,-0.0082334282
2.3905,0.05129734,0.053203691,0.041336704,0.021067493,-0.71547308,0.021500026,0.69799153,0.034621124,0.010240905,-0.0083716249
2.4005,0.051603128,0.053300357,0.041251272,0.021094477,-0.71333272,0.021443326,0.70017972,0.034374532,0.0088509737,-0.0083788976
2.4105,0.051905929,0.053382592,0.041168964,0.021049632,-0.71128166,0.021466158,0.70226385,0.03329289,0.0082358609,-0.0076609104
2.4205,0.052185586,0.053460794,0.041099345,0.020814484,-0.70926405,0.021685185,0.7043018,0.027596451,0.0073992139,-0.0055705069
2.4305,0.052348049,0.053568629,0.041034342,0.020842857,-0.70715678,0.021666291,0.70641733,0.014731568,0.013367123,-0.008140226
2.4405,0.052427884,0.053718644,0.04094992,0.020988436,-0.70506153,0.021563782,0.7085074,0.0096909323,0.01540541,-0.0059535164
2.4505,0.052479704,0.053875883,0.040901851,0.021159596,-0.70303158,0.021436311,0.71052048,0.0082204054,0.015020056,-0.0071531829
2.4605,0.052501659,0.053956983,0.040913127,0.021231215,-0.70133297,0.021233643,0.71220111,0.0034042644,0.0016426141,0.0059710004
2.4705,0.052488153,0.053947493,0.041005843,0.021238541,-0.70011788,0.020884914,0.71340571,0.0025644158,-0.0041911557,0.010782814
2.4805,0.052481485,0.053907808,0.04112292,0.02137049,-0.69928898,0.020433465,0.71422734,-0.0008016995,-0.0035469319,0.0066497539
2.4905,0.052438163,0.053884901,0.041160808,0.021312226,-0.69878217,0.020206164,0.71473141,-0.0037998484,-0.0017385732,0.00075968836
2.5005,0.05238612,0.05389043,0.041205962,0.021321363,-0.69832114,0.020197136,0.71518184,-0.0046629895,0.003173287,0.0072710087
2.5105,0.052341492,0.053946339,0.041288382,0.021455654,-0.69777812,0.020416475,0.71570142,-0.0041184168,0.0080215751,0.0080888731
2.5205,0.052308365,0.054033744,0.041372044,0.021601965,-0.69722758,0.020816543,0.71622185,-0.003676276,0.0091398582,0.010695252
2.5305,0.052270277,0.054169104,0.041673875,0.021955148,-0.69611511,0.021000889,0.71728704,-0.0025477643,0.017403882,0.045237028
2.5405,0.052232057,0.05438123,0.042209209,0.02223482,-0.69424281,0.021167375,0.71908586,-0.00097523555,0.024128771,0.066111483
2.5505,0.05219613,0.054653578,0.042928901,0.022551061,-0.69192049,0.021236438,0.72130888,8.9902112e-05,0.029198806,0.07207229
2.5605,0.052184436,0.054941537,0.043637005,0.022738743,-0.69005235,0.021210909,0.72309114,0.0028702089,0.027930364,0.067645123
2.5705,0.052202008,0.055233262,0.044262522,0.022680826,-0.68905476,0.021179778,0.72404456,0.0035566366,0.030138661,0.048990143
2.5805,0.052234526,0.055539398,0.044813504,0.022459364,-0.68858925,0.02120286,0.72449352,0.0052596206,0.030079897,0.059080845
2.5905,0.052298133,0.055806106,0.045290491,0.022479629,-0.68898237,0.020762421,0.72413182,0.0089037352,0.025614512,0.040232669
2.6005,0.052409213,0.05605777,0.04555682,0.021921718,-0.69039334,0.0206967,0.72280573,0.011754465,0.025139138,0.019948778
2.6105,0.052553309,0.056264264,0.045763193,0.021474138,-0.69229723,0.02047578,0.72100218,0.0138655,0.016421754,0.020464185
2.6205,0.052734143,0.056398641,0.045902953,0.021058543,-0.69465248,0.020067859,0.71875709,0.018439825,0.010125091,0.0078434874
2.6305,0.052964617,0.056443293,0.045975858,0.020436058,-0.69750981,0.019697826,0.71601286,0.022604843,0.00058123247,0.0067319695
2.6405,0.05322196,0.056416945,0.046018959,0.019785919,-0.70057713,0.01929484,0.71304132,0.023553797,-0.0043593808,0.0031708369
2.6505,0.053481256,0.056349376,0.046043109,0.019087254,-0.70361221,0.018789067,0.71007922,0.024127096,-0.0080462816,0.0023722459
2.6605,0.05373349,0.056258973,0.046068372,0.018322884,-0.70646195,0.018185917,0.70728004,0.023609273,-0.009466466,0.0022076531
2.6705,0.053969438,0.056162026,0.046086437,0.017544396,-0.70910812,0.017551986,0.7046629,0.022238259,-0.009647478,0.0017034267
2.6805,0.054200158,0.056061523,0.046119449,0.016796643,-0.71147699,0.016925265,0.7023047,0.023156541,-0.010347615,0.0045832362
2.6905,0.054432983,0.055959723,0.046178272,0.016079286,-0.71353934,0.016348822,0.70023981,0.023101087,-0.01016842,0.00681297
2.7005,0.054658585,0.055857737,0.046245268,0.015439675,-0.7153318,0.015790687,0.69843589,0.022417233,-0.01011012,0.0010680625
2.7105,0.054911705,0.055781811,0.046387596,0.015051927,-0.71660319,0.015450604,0.69714747,0.026699985,-0.005680615,0.023834582
2.7205,0.055192463,0.055738571,0.046693812,0.014963302,-0.71724514,0.015379518,0.69649047,0.027691835,-0.0032660908,0.035212567
2.7305,0.055454943,0.05571433,0.047004155,0.015088165,-0.71774445,0.015441846,0.69597184,0.01889447,-0.0014235457,0.016630578
2.7405,0.055666388,0.055760688,0.047127008,0.015473621,-0.71885668,0.015836686,0.69480561,0.015652025,0.010088562,0.0070490441
2.7505,0.055879581,0.055900863,0.04713469,0.016154629,-0.72023879,0.016615718,0.69333905,0.01392354,0.017697472,-0.0051214613
2.7605,0.056089918,0.056099939,0.047022247,0.017002095,-0.72173177,0.017613464,0.6917398,0.012378765,0.022475276,-0.01656156
2.7705,0.056328826,0.056326659,0.046744241,0.018003544,-0.72342773,0.018817981,0.68990875,0.016172514,0.023896193,-0.036781988
2.7805,0.056607524,0.056562494,0.046306288,0.019124739,-0.72533592,0.020184401,0.68783329,0.018052224,0.024675523,-0.049590878
2.7905,0.056897525,0.056803528,0.045754757,0.020282927,-0.72733084,0.021604098,0.68564693,0.017949546,0.025115558,-0.059488003
2.8005,0.05719819,0.057037499,0.045014301,0.021492085,-0.72955504,0.023101876,0.68319385,0.01866353,0.023636133,-0.08537869
2.8105,0.05750948,0.057256755,0.044068068,0.022741885,-0.73205532,0.024659026,0.6804188,0.018411216,0.022401733,-0.10237421
2.8205,0.057814333,0.057464594,0.043006673,0.023964066,-0.7346671,0.026188706,0.67749843,0.017089725,0.021450252,-0.097280389
2.8305,0.058072927,0.057673113,0.042221711,0.025075347,-0.73693192,0.027558288,0.67493934,0.012133074,0.022904958,-0.065160607
2.8405,0.058249944,0.057870258,0.041815968,0.025866116,-0.73843485,0.028510595,0.67322512,0.011477059,0.017898276,-0.018906255
2.8505,0.058401608,0.05798617,0.041760049,0.026156559,-0.73912818,0.028855899,0.67243789,0.012814398,0.0070688737,0.0027654693
2.8605,0.058540447,0.058036577,0.041824224,0.026266823,-0.73932317,0.028960931,0.67221468,0.01328505,0.0035938258,0.0084187471
2.8705,0.05868441,0.058048335,0.04192107,0.026310649,-0.7393383,0.028973078,0.67219579,0.01497468,-0.00078490384,0.0099902186
2.8805,0.05883549,0.058027442,0.042016418,0.026331851,-0.73930657,0.028953064,0.67223073,0.015261194,-0.0031625387,0.0087169853
2.8905,0.058994777,0.057997235,0.042063244,0.026373506,-0.73868108,0.028906543,0.67291836,0.018787825,-0.0033578606,0.0017839285
2.9005,0.059166178,0.057967075,0.042064317,0.026459853,-0.73729008,0.028819405,0.67444248,0.020136979,-0.0031935436,-0.00093325597
2.9105,0.059332509,0.057941413,0.042035464,0.026534141,-0.73556996,0.02872795,0.67631907,0.0191698,-0.00327544,-0.0087505859
2.9205,0.059489359,0.05795617,0.041966906,0.026561579,-0.73338301,0.028621483,0.67869335,0.020225258,0.0041857629,-0.0067473549
2.9305,0.0596392,0.058017073,0.041874893,0.026567441,-0.73071601,0.02843339,0.68157159,0.020414922,0.0073499589,-0.0086080723
2.9405,0.059783067,0.058108645,0.041783347,0.026579906,-0.727864,0.028212848,0.68462511,0.020017183,0.0098033359,-0.0093215336
2.9505,0.059930899,0.058235667,0.041683541,0.026568133,-0.7250406,0.028004923,0.68762343,0.020993785,0.01372222,-0.0099075673
2.9605,0.060127056,0.058385314,0.041596897,0.026641052,-0.72232555,0.027763067,0.69048191,0.029131001,0.01483862,-0.0099567619
2.9705,0.060386987,0.058536444,0.041501718,0.02669721,-0.71986073,0.027605496,0.69305535,0.031483764,0.01447892,-0.0069911964
2.9805,0.060675386,0.058668597,0.041423109,0.026749481,-0.71750207,0.027500014,0.6954991,0.034427687,0.011499717,-0.0077053597
2.9905,0.060982456,0.058775056,0.041332949,0.026799159,-0.71526773,0.02741499,0.69779818,0.03501343,0.0091995346,-0.0073896271
3.0005,0.061292454,0.058862552,0.041251147,0.026849358,-0.71314141,0.027338166,0.69997219,0.034581419,0.007842754,-0.0075274276
3.0105,0.061590926,0.058937895,0.041175533,0.026734499,-0.7110694,0.027434079,0.70207759,0.032878833,0.0075736142,-0.0072259143
3.0205,0.061862948,0.059009845,0.041105709,0.026506126,-0.70903556,0.027649165,0.70413175,0.026335604,0.0076950374,-0.0052406448
3.0305,0.062026236,0.059111958,0.041038707,0.026547102,-0.70693893,0.027619482,0.70623633,0.015112887,0.012425605,-0.0084738428
3.0405,0.062109475,0.059253583,0.04096203,0.026724723,-0.70484374,0.027480491,0.70832613,0.010055126,0.014503577,-0.0076810915
3.0505,0.062164864,0.05940203,0.040905252,0.026934095,-0.70283311,0.027315531,0.71031968,0.0085101377,0.014062202,-0.0082184235
3.0605,0.062190044,0.05947816,0.040910321,0.027056613,-0.70114741,0.027093844,0.71198748,0.0035342827,0.0012813241,0.0054559112
3.0705,0.062173214,0.059464765,0.04100839,0.027143719,-0.6999309,0.026694452,0.71319517,0.001538157,-0.0047448831,0.011080211
3.0805,0.062173966,0.059418415,0.041118337,0.027258655,-0.69912952,0.026281541,0.71399171,0.00013889831,-0.004047709,0.0062675133
3.0905,0.062130987,0.059387599,0.041158691,0.02719477,-0.69862039,0.026073804,0.71449993,-0.004960583,-0.0032302741,0.0021640817
3.1005,0.062066473,0.059388884,0.041218825,0.027218192,-0.69812091,0.02605515,0.71498776,-0.0057649673,0.0029292069,0.0086624482
3.1105,0.062013562,0.059446449,0.041295506,0.027285276,-0.69754782,0.0263415,0.71553384,-0.0047558347,0.0083217683,0.0082217309
3.1205,0.061973472,0.059530598,0.041396164,0.027522093,-0.6969545,0.026645434,0.71609146,-0.0041375639,0.0084572211,0.011534272
3.1305,0.061934895,0.059658586,0.041699607,0.027885018,-0.69579887,0.026817756,0.71719396,-0.0021769764,0.016805791,0.044105997
3.1405,0.061895821,0.059853268,0.04227908,0.02834388,-0.6938626,0.026803069,0.71905001,-0.00082040926,0.021117202,0.065886104
3.1505,0.061869768,0.060100286,0.043010664,0.028614541,-0.6914974,0.026922559,0.72130974,0.0011879612,0.026758975,0.068850331
3.1605,0.061871639,0.060374934,0.043698513,0.02865395,-0.68962509,0.027041593,0.723094,0.0042421323,0.026581687,0.069472034
3.1705,0.061903338,0.060656294,0.044335341,0.028654006,-0.68859543,0.026944319,0.72407823,0.005900246,0.029025396,0.062531926
3.1805,0.061950745,0.060957005,0.044886783,0.028536502,-0.68812858,0.026864198,0.72452953,0.0063607881,0.030372572,0.054852851
3.1905,0.062029972,0.061241305,0.045334242,0.028345238,-0.68856199,0.026649137,0.7241331,0.010232368,0.027593734,0.037438008
3.2005,0.062156257,0.0614901,0.045636241,0.027925268,-0.68994593,0.026458921,0.72283797,0.013122366,0.021568118,0.029360067
3.2105,0.062306391,0.061688772,0.04582888,0.027567085,-0.69184899,0.026183065,0.72104055,0.014432495,0.017923761,0.019891847
3.2205,0.062493943,0.061819311,0.045992653,0.027069098,-0.69420152,0.025887248,0.71880551,0.019244821,0.0084078344,0.014631366
3.2305,0.062729957,0.061848644,0.046102197,0.026445809,-0.69705267,0.025525378,0.71607726,0.022926624,-0.00088747446,0.008006262
3.2405,0.062989155,0.061811566,0.046149573,0.025787267,-0.70012477,0.025133062,0.71311195,0.023646622,-0.0051004699,0.0029321199
3.2505,0.063248333,0.061739673,0.046165584,0.02505952,-0.70317109,0.02465621,0.71015104,0.02403307,-0.0082648226,0.001242318
3.2605,0.063497476,0.061646648,0.046173161,0.024263497,-0.70605424,0.02408395,0.70733207,0.023313515,-0.0097333413,0.00081056462
3.2705,0.063731312,0.061546779,0.046180083,0.023460754,-0.70871854,0.023473493,0.70471031,0.022057651,-0.0099302044,0.00081649904
3.2805,0.063960832,0.06144287,0.046207059,0.022694465,-0.71109577,0.022864827,0.70235673,0.023128142,-0.01080286,0.0040286906
3.2905,0.06419506,0.061332862,0.046255732,0.021967244,-0.71318044,0.022300086,0.70028123,0.02361103,-0.010456567,0.0047143241
3.3005,0.064424594,0.061227398,0.046301247,0.021248447,-0.7150072,0.021818296,0.69845341,0.022514734,-0.010759007,0.0056497094
3.3105,0.064674547,0.061132282,0.046458329,0.020951821,-0.71630105,0.021383593,0.69714889,0.02650252,-0.0071224136,0.024007197
3.3205,0.064953583,0.061082212,0.046759537,0.020859712,-0.71695663,0.021311778,0.69647962,0.027553133,-0.003602707,0.034442773
3.3305,0.065214022,0.061057216,0.047055531,0.020931828,-0.71747766,0.021428044,0.69593714,0.018676439,-0.00028371827,0.015084789
3.3405,0.065426667,0.061116059,0.047160764,0.021301044,-0.71861795,0.021894243,0.69473387,0.015639208,0.01111649,0.0055168583
3.3505,0.065641826,0.06126149,0.04715328,0.021976546,-0.72002235,0.022712264,0.69323084,0.014031132,0.018066346,-0.0065260676
3.3605,0.065854526,0.061460328,0.047027571,0.022817881,-0.7215328,0.023730996,0.69159714,0.012570278,0.022389573,-0.0178243
3.3705,0.066095913,0.061682455,0.046738049,0.023807405,-0.72324129,0.024947534,0.68973391,0.016430283,0.02341684,-0.037826059
3.3805,0.066377528,0.061910359,0.046291537,0.024910106,-0.72515592,0.026321517,0.6876304,0.018380885,0.023944971,-0.050348046
3.3905,0.066670615,0.062141576,0.045733821,0.026044975,-0.72715258,0.027745939,0.68542027,0.018308223,0.024253058,-0.060039462
3.4005,0.066974233,0.062364522,0.044989182,0.027225936,-0.72937414,0.029248255,0.68294703,0.01915869,0.022666602,-0.085249382
3.4105,0.067288213,0.062572138,0.044040667,0.028442556,-0.73186755,0.030811522,0.68015555,0.01867077,0.021444653,-0.10284966
3.4205,0.067594416,0.062768485,0.0429851,0.02962884,-0.73446002,0.032346079,0.67723286,0.017431674,0.020485481,-0.093981632
3.4305,0.067854275,0.062969934,0.042222268,0.03071177,-0.73668036,0.03371821,0.67470135,0.012475201,0.022552207,-0.06372434
3.4405,0.06803341,0.063162979,0.041825478,0.031486513,-0.73816032,0.034676307,0.6729974,0.011671287,0.017503562,-0.018441735
3.4505,0.068185215,0.063268367,0.041770689,0.031771895,-0.73883755,0.035022917,0.67222244,0.012465947,0.006105369,0.0024036874
3.4605,0.068324675,0.063307991,0.041834506,0.031878356,-0.7390593,0.035128641,0.67196808,0.012929033,0.0029297849,0.0079387853
3.4705,0.068466823,0.063310466,0.041927757,0.031922727,-0.7390413,0.035139712,0.67198519,0.014871218,-0.0018108907,0.0097246276
3.4805,0.068618341,0.063277892,0.042021653,0.031946196,-0.7390031,0.035117139,0.67202727,0.015744251,-0.0045781689,0.0087556672
3.4905,0.068779609,0.063238339,0.042067945,0.031991772,-0.73838294,0.035066306,0.67270908,0.018842345,-0.0040399765,0.0016904235
3.5005,0.068952573,0.063201695,0.042064734,0.03206927,-0.73703447,0.034988148,0.67418661,0.020121194,-0.0036119695,-0.0013686435
3.5105,0.069119647,0.063171843,0.042034284,0.03215875,-0.73534156,0.034887015,0.67603365,0.019237446,-0.0034648019,-0.0060113792
3.5205,0.069274376,0.063170229,0.041971671,0.032281719,-0.73313537,0.034664039,0.67843115,0.020113118,0.0027538492,-0.008403062
3.5305,0.069424014,0.063226461,0.041871331,0.03224615,-0.73045447,0.034521643,0.6813257,0.020289582,0.0074307946,-0.0088071969
3.5405,0.069569432,0.063318929,0.041770387,0.032260751,-0.72761193,0.034328892,0.68436953,0.019760594,0.009844182,-0.0094915054
3.5505,0.069721969,0.063450199,0.041688245,0.032304498,-0.72475681,0.034136912,0.68739992,0.021305453,0.013525986,-0.0091775978
3.5605,0.069924013,0.063589887,0.041579559,0.032379021,-0.7221551,0.033849592,0.69014333,0.029714362,0.013513189,-0.0084608878
3.5705,0.070191092,0.063729961,0.041508576,0.03246776,-0.71970163,0.03366155,0.69270651,0.032189748,0.013699303,-0.010914933
3.5805,0.070486393,0.063853999,0.041423311,0.032539093,-0.71737941,0.033521863,0.69511458,0.035063838,0.010634631,-0.00701362
3.5905,0.070799598,0.06395426,0.041340148,0.032610983,-0.71515027,0.033410569,0.69740974,0.03561628,0.0087194469,-0.0073215042
3.6005,0.071115722,0.064038056,0.041255695,0.032684006,-0.71303659,0.033308129,0.69957211,0.035328331,0.0072763192,-0.0071977217
3.6105,0.071420728,0.064111315,0.041178709,0.032599318,-0.71097428,0.033373363,0.70166878,0.033401218,0.0073410449,-0.0063093658
3.6205,0.071683974,0.064185234,0.041114091,0.032433095,-0.70890838,0.033527792,0.70375627,0.02435335,0.0085329071,-0.0051085036
3.6305,0.07183697,0.064293953,0.041021977,0.032517265,-0.70681419,0.033461099,0.70585882,0.014665157,0.012738185,-0.010082206
3.6405,0.07191741,0.064438208,0.040959356,0.032707598,-0.70467829,0.033303457,0.70798983,0.01001958,0.014481247,-0.0045211741
3.6505,0.071974859,0.064587873,0.040886014,0.032923584,-0.70267931,0.033137391,0.70997165,0.0087077345,0.014003552,-0.008716582
3.6605,0.072003474,0.064667572,0.040889708,0.033079057,-0.70098261,0.032944633,0.71164865,0.0036935544,0.0019046002,0.0056610402
3.6705,0.071998552,0.064659121,0.040983707,0.033173923,-0.699766,0.032614476,0.71285576,0.003290947,-0.0046223576,0.010894343
3.6805,0.071997205,0.064616433,0.041090348,0.033332126,-0.69897083,0.032194283,0.71364716,-0.00076328937,-0.0036066273,0.0058450744
3.6905,0.071944994,0.0645865,0.04113312,0.03329419,-0.69845572,0.031972652,0.71416305,-0.0058295305,-0.0034666687,0.0025922186
3.7005,0.071873658,0.064586557,0.041199124,0.033320444,-0.69794441,0.031948089,0.71466263,-0.0062286152,0.0028830265,0.0093230391
3.7105,0.071816423,0.064644885,0.041287683,0.033405968,-0.69735325,0.032201701,0.71522411,-0.0049298325,0.008763328,0.0085154968
3.7205,0.071774735,0.064733765,0.041387234,0.033601186,-0.69674869,0.03252887,0.71578914,-0.0042261485,0.0078163935,0.010957003
3.7305,0.071737411,0.064865273,0.041696454,0.033928664,-0.69557009,0.032716516,0.71691054,-0.0022855965,0.01742851,0.045715701
3.7405,0.071700291,0.065077227,0.042276948,0.034309892,-0.69364239,0.032756917,0.7187559,-0.00032356177,0.024065228,0.066528853
3.7505,0.071676873,0.065350642,0.042966839,0.034535749,-0.69130089,0.032896104,0.72099113,0.0024577374,0.029443488,0.075850556
3.7605,0.071679382,0.065647865,0.043704136,0.034793864,-0.68939959,0.032767672,0.72280279,0.0043100455,0.02983371,0.070257097
3.7705,0.071703786,0.065959131,0.044316367,0.03467976,-0.68840755,0.032769958,0.72375306,0.0051051456,0.032308286,0.06290421
3.7805,0.071736746,0.06627526,0.044881318,0.034699561,-0.68793895,0.03256978,0.72420656,0.005099726,0.031271771,0.05742951
3.7905,0.071805536,0.066576097,0.045306247,0.03439692,-0.68837964,0.032486194,0.7238059,0.0091940507,0.028276615,0.036437645
3.8005,0.07192162,0.066810461,0.045630065,0.034049754,-0.68974151,0.032224131,0.72253641,0.012617044,0.021292866,0.027034308
3.8105,0.072070429,0.067003236,0.045837167,0.033535929,-0.69162207,0.03208551,0.7207668,0.014331276,0.017461895,0.021428012
3.8205,0.072252586,0.067125066,0.045977423,0.033074983,-0.69397367,0.031755044,0.71853894,0.018725702,0.0072841309,0.012130756
3.8305,0.072485153,0.067145413,0.046076706,0.032476152,-0.69682749,0.031367297,0.71581621,0.022698374,-0.0016749156,0.0075284827
3.8405,0.072742501,0.067101834,0.046125174,0.031804317,-0.69990017,0.030983309,0.71285922,0.023534608,-0.0056286182,0.0032875282
3.8505,0.073000227,0.067024704,0.046146326,0.031049007,-0.70294597,0.03052832,0.70990911,0.023917189,-0.0087967302,0.0018282216
3.8605,0.073248022,0.066926735,0.046159745,0.03022042,-0.70582894,0.029983175,0.707102,0.02326284,-0.0099257853,0.0016389786
3.8705,0.073480667,0.066824348,0.046172462,0.029375677,-0.70849137,0.029409033,0.70449425,0.021966073,-0.010205213,0.0013948636
3.8805,0.073708387,0.066717153,0.046202922,0.02858016,-0.71087143,0.028824867,0.70214964,0.022926492,-0.011142673,0.0043033178
3.8905,0.073940856,0.066604035,0.046255609,0.027825994,-0.71295993,0.028282819,0.70008138,0.023185878,-0.011370058,0.0061472216
3.9005,0.074168084,0.066491035,0.046286594,0.027152967,-0.71480511,0.02776454,0.69824459,0.022464828,-0.011312539,0.0036299363
3.9105,0.074420704,0.066403674,0.046442113,0.026736004,-0.71609471,0.027446744,0.69695066,0.026661163,-0.0067408371,0.024461262
3.9205,0.074700944,0.066349885,0.04675033,0.026632329,-0.71674689,0.027386121,0.6962863,0.027633568,-0.0042719045,0.035145792
3.9305,0.074959361,0.066318678,0.047041773,0.026731282,-0.71730268,0.027479135,0.69570627,0.018452939,-0.00052833054,0.013587828
3.9405,0.075171542,0.066374881,0.047132645,0.027114703,-0.718477,0.027943784,0.69446004,0.015565087,0.010917196,0.0039692146
3.9505,0.075387219,0.066517358,0.047110872,0.027787633,-0.7198989,0.02876928,0.6929255,0.014096153,0.017880553,-0.007921757
3.9605,0.075601426,0.066713058,0.046972592,0.028618728,-0.72141768,0.029799193,0.6912666,0.01274706,0.022211056,-0.01899004
3.9705,0.07584501,0.066931352,0.046672833,0.029593153,-0.72312803,0.031029499,0.6893818,0.016679133,0.023152972,-0.038722881
3.9805,0.076129813,0.067154493,0.046220211,0.030677569,-0.72503765,0.03241897,0.68726146,0.018722275,0.023624867,-0.050897887
3.9905,0.07642652,0.067380553,0.045658713,0.031792785,-0.72702565,0.033859377,0.68503756,0.018712503,0.023912776,-0.060287575
4.0005,0.076734206,0.067597929,0.044913718,0.032952065,-0.72923362,0.035378988,0.68255463,0.019569376,0.022291177,-0.085250336
4.0105,0.077051589,0.067799749,0.043964633,0.03414405,-0.73171258,0.036961575,0.67975343,0.019044119,0.02107253,-0.10284606
4.0205,0.077359941,0.067990517,0.042934355,0.035303525,-0.73425477,0.038509346,0.67686086,0.017636484,0.020341492,-0.0870634
4.0305,0.077621724,0.068190534,0.042219759,0.036363519,-0.73638424,0.039887079,0.67440712,0.01246387,0.022574697,-0.059641179
4.0405,0.077803453,0.068381717,0.041849748,0.037157025,-0.73781768,0.040825179,0.67273897,0.012277384,0.017050979,-0.017044406
4.0505,0.077958897,0.068484812,0.041803089,0.037393264,-0.73848247,0.041215954,0.67197219,0.012875252,0.0062047281,0.0032985105
4.0605,0.078095719,0.068518149,0.041871257,0.037506991,-0.73867986,0.041316041,0.67174271,0.011722386,-0.0007511501,0.010002596
4.0705,0.078231913,0.068493761,0.041983226,0.037734622,-0.73865684,0.041161854,0.67176474,0.01474958,-0.0042947887,0.0098663093
4.0805,0.078386281,0.068440095,0.042076392,0.037791886,-0.73862301,0.041107973,0.67180202,0.015967375,-0.0063729717,0.008101621
4.0905,0.078550474,0.068390655,0.04211293,0.037812631,-0.73800948,0.041079734,0.67247652,0.019285275,-0.0042551526,0.00069026242
4.1005,0.07872609,0.068359764,0.042090719,0.037799154,-0.73668453,0.041085167,0.67392814,0.020156628,-0.0029089488,-0.0024554133
4.1105,0.078889582,0.068330123,0.042021067,0.037822675,-0.73505109,0.041002699,0.67571304,0.019028811,-0.0029108944,-0.0067129637
4.1205,0.079047953,0.068342619,0.041970532,0.037937469,-0.73282333,0.040842695,0.6781317,0.020566551,0.004421295,-0.0051293315
4.1305,0.079198074,0.068400354,0.04185954,0.037913524,-0.73015737,0.040688696,0.6810119,0.020694832,0.0076402507,-0.0084452349
4.1405,0.079348486,0.068498682,0.041781894,0.037984963,-0.72727287,0.04049235,0.68409918,0.019906663,0.008772129,-0.012082705
4.1505,0.079500237,0.068618035,0.041683853,0.038120475,-0.72444674,0.04018589,0.68710178,0.021288233,0.01281851,-0.010305054
4.1605,0.079707666,0.068751927,0.041598577,0.038267904,-0.72179717,0.039870889,0.68989472,0.030015828,0.012893137,-0.0073072663
4.1705,0.079975786,0.068887443,0.041506075,0.038369664,-0.71935262,0.039669428,0.69244922,0.032175686,0.012943177,-0.0081760976
4.1805,0.080270544,0.069005677,0.041421186,0.038455571,-0.71700708,0.039527391,0.694881,0.034980834,0.010377056,-0.012007106
4.1905,0.080582152,0.069098223,0.041327404,0.03853859,-0.71477515,0.039408356,0.69717878,0.035389233,0.007599139,-0.0075207515
4.2005,0.080895796,0.069169525,0.041260813,0.038628603,-0.71262387,0.039296925,0.69937887,0.035163261,0.0061965899,-0.0060649208
4.2105,0.081211707,0.069235205,0.041180015,0.038718349,-0.71059854,0.039193621,0.70143743,0.035302877,0.0061186054,-0.0068178958
4.2205,0.081498013,0.069313499,0.04109534,0.038700431,-0.70860921,0.039204302,0.70344743,0.026207669,0.0090186659,-0.0063061572
4.2305,0.0816625,0.06942514,0.041023212,0.038781801,-0.7064985,0.039140721,0.70556633,0.015380661,0.012934364,-0.0081504815
4.2405,0.081748814,0.069572323,0.040949501,0.038939716,-0.70438224,0.039022834,0.70767688,0.010413226,0.014881113,-0.0073162321
4.2505,0.081807563,0.069722726,0.040893751,0.039116864,-0.702356,0.038891601,0.7096854,0.0088528506,0.014126396,-0.0076762682
4.2605,0.081836975,0.069807328,0.040896548,0.039215037,-0.70064102,0.038711294,0.711383,0.003781533,0.0021797776,0.0057995835
4.2705,0.081822863,0.069808953,0.040972363,0.039168184,-0.6994201,0.038455524,0.71259986,0.0020865813,-0.0023254999,0.0075570029
4.2805,0.081824349,0.069771706,0.04105701,0.039168052,-0.69863149,0.03816309,0.71338874,-0.00052732011,-0.0041850771,0.0068732366
4.2905,0.081771035,0.069735137,0.041112698,0.03912733,-0.69809326,0.037935439,0.7139298,-0.0058066326,-0.0040314742,0.0038177866
4.3005,0.081699741,0.069725869,0.041191335,0.039178469,-0.69756373,0.03788815,0.7144469,-0.0062707747,0.0020582704,0.010451793
4.3105,0.081640488,0.069776259,0.041314147,0.039394856,-0.69694456,0.038015895,0.71503225,-0.0052902072,0.0072274113,0.012867601
4.3205,0.08159832,0.069866346,0.041420302,0.03958237,-0.69630224,0.038359704,0.71562907,-0.0040906023,0.0088268036,0.010576679
4.3305,0.081558674,0.070011678,0.041739092,0.039941531,-0.69512092,0.038519591,0.71674809,-0.0026505412,0.018947383,0.046753977
4.3405,0.081514014,0.070240118,0.042303483,0.04034152,-0.69321167,0.038534916,0.71857164,-0.0012309192,0.025418011,0.065375236
4.3505,0.081484864,0.070531371,0.042997611,0.040640832,-0.69087272,0.038605427,0.72080013,0.0012721604,0.031045896,0.070841537
4.3605,0.081480972,0.070853068,0.043713447,0.040850033,-0.68899978,0.038545297,0.72258206,0.0034016148,0.031955144,0.064540522
4.3705,0.081508325,0.07118581,0.044363651,0.040872642,-0.68799459,0.038425795,0.72354428,0.0047079047,0.034041741,0.052387602
4.3805,0.08155016,0.071516533,0.044910786,0.040712698,-0.68752057,0.038385182,0.72400589,0.0056867218,0.030747668,0.058322682
4.3905,0.081622125,0.071813846,0.045344847,0.040431318,-0.6879307,0.03826876,0.72363814,0.0094313706,0.02783861,0.038276821
4.4005,0.081736671,0.072056142,0.045648635,0.040104008,-0.68929453,0.038037286,0.72236963,0.011904091,0.021941012,0.025500195
4.4105,0.08188476,0.072248375,0.045884985,0.039696095,-0.6911581,0.037838419,0.72061984,0.014148731,0.017996843,0.016939081
4.4205,0.082070028,0.072370589,0.046033202,0.039125479,-0.69350945,0.037625111,0.71839975,0.019081543,0.0072558588,0.014395312
4.4305,0.082303489,0.072386351,0.046142973,0.038460287,-0.69636223,0.037304723,0.71568765,0.022644916,-0.0021933898,0.0081416973
4.4405,0.082559426,0.072336063,0.0461924,0.037763976,-0.6994406,0.036946759,0.71273534,0.023355325,-0.0063598286,0.0030135927
4.4505,0.082815542,0.072250544,0.046212489,0.037002716,-0.70249179,0.03650168,0.70979131,0.023755233,-0.0096116054,0.0016895102
4.4605,0.083062638,0.072145588,0.046227987,0.036173386,-0.70536956,0.035961547,0.70700215,0.02329617,-0.010793373,0.0018691908
4.4705,0.083294827,0.072035957,0.046241821,0.035332584,-0.70802891,0.035388181,0.70441064,0.021849204,-0.010826243,0.0011919433
4.4805,0.083520583,0.071923331,0.04626688,0.034525504,-0.71042406,0.034819443,0.70206356,0.022585177,-0.011584265,0.003545463
4.4905,0.08374976,0.071806081,0.046311487,0.033757806,-0.71253546,0.034293876,0.69998397,0.022982345,-0.011488273,0.0049930887
4.5005,0.083975013,0.071693352,0.046321153,0.033037576,-0.71441221,0.033826128,0.69812571,0.022078381,-0.011389129,0.0035375343
4.5105,0.084220652,0.071603457,0.046463073,0.032600201,-0.7157527,0.033529117,0.69678627,0.026090376,-0.0070960297,0.02332838
4.5205,0.084496746,0.071545324,0.046761386,0.03249283,-0.71644014,0.033473515,0.69608711,0.027231217,-0.004733425,0.034255295
4.5305,0.084752208,0.071509158,0.047043362,0.032590624,-0.7170233,0.033568341,0.69547725,0.018236322,-0.0010244251,0.012458663
4.5405,0.084963256,0.071558958,0.047122444,0.03296392,-0.71821778,0.034036066,0.69420324,0.015505485,0.010286184,0.0027173886
4.5505,0.085178903,0.071693558,0.047088371,0.033620309,-0.71965427,0.03486342,0.69264129,0.014162004,0.017163129,-0.0091634409
4.5605,0.085394009,0.071880593,0.04693833,0.034431139,-0.72118413,0.035894383,0.69095553,0.012911276,0.021459251,-0.020139931
4.5705,0.085639073,0.07208937,0.046627951,0.035381552,-0.72290198,0.037126837,0.68904461,0.016893371,0.022316204,-0.039734665
4.5805,0.085925305,0.072302274,0.046163918,0.036438805,-0.72481823,0.038520491,0.68689659,0.019067674,0.02274723,-0.051502545
4.5905,0.086224922,0.072517926,0.045597135,0.037526303,-0.72680503,0.039965639,0.68465245,0.019070433,0.023062051,-0.060768916
4.6005,0.086534889,0.072725146,0.044846133,0.038655603,-0.72901076,0.041492729,0.68214911,0.019710436,0.021496666,-0.086306431
4.6105,0.086854788,0.072916965,0.043892946,0.039816049,-0.73148436,0.043085561,0.67932978,0.019403326,0.020286663,-0.1030368
4.6205,0.087162799,0.073100093,0.04290844,0.040941008,-0.73394943,0.044633845,0.67649825,0.017908176,0.0199753,-0.078352441
4.6305,0.087427955,0.073298388,0.042253228,0.041976943,-0.73597122,0.046009219,0.67414201,0.012734089,0.022626483,-0.054985019
4.6405,0.087621069,0.073495827,0.041874626,0.042770898,-0.73742771,0.04704103,0.67242707,0.012312581,0.016682741,-0.019086368
4.6505,0.087775868,0.073587917,0.041811879,0.043066513,-0.73815165,0.047431501,0.67158594,0.012525797,0.0046616048,0.0018138304
4.6605,0.087911008,0.073612547,0.041865939,0.043184646,-0.73838059,0.04754684,0.67131847,0.012592515,0.00097271962,0.0073029825
4.6705,0.088047976,0.07359945,0.041950924,0.043235149,-0.73838289,0.047559911,0.67131177,0.01447725,-0.0034104347,0.0090132119
4.6805,0.088195369,0.073552085,0.042038248,0.043259105,-0.73835727,0.047539838,0.67133983,0.014974617,-0.0058165409,0.008055493
4.6905,0.088352722,0.073502202,0.042079596,0.043318675,-0.73774014,0.047477924,0.67201847,0.018646287,-0.0049682678,0.0013104066
4.7005,0.088524152,0.073459521,0.042073359,0.043421083,-0.7363924,0.047377641,0.67349551,0.020066759,-0.0041167798,-0.0016339408
4.7105,0.088689967,0.073426672,0.042038167,0.043540934,-0.73470312,0.047241592,0.67533972,0.019358088,-0.0043487617,-0.0044436866
4.7205,0.088846792,0.073431038,0.041974162,0.043670398,-0.73249655,0.047034244,0.67773851,0.020338653,0.0031715345,-0.0089537531
4.7305,0.08899976,0.073492838,0.041875327,0.043692941,-0.72980879,0.04686727,0.68064199,0.02078868,0.0077264162,-0.0080844603
4.7405,0.089149259,0.073585853,0.041783088,0.043766827,-0.72694922,0.046624648,0.68370713,0.020493464,0.0097419598,-0.0083328151
4.7505,0.089303396,0.073706515,0.041685069,0.043905181,-0.72412352,0.046302545,0.68671212,0.021677522,0.012966818,-0.0096730956
4.7605,0.089512278,0.073839254,0.0416018,0.044094,-0.72146961,0.045955413,0.689511,0.030116264,0.012584301,-0.008415424
4.7705,0.089781673,0.073971661,0.041518802,0.044226111,-0.71900767,0.045731902,0.69208426,0.032312266,0.012639392,-0.010348031
4.7805,0.090077426,0.074085997,0.041429331,0.044328926,-0.71666502,0.045567291,0.69451408,0.035085659,0.009706967,-0.010225989
4.7905,0.090390375,0.074174733,0.041344683,0.044428408,-0.71441652,0.045432004,0.69682931,0.035611728,0.0074012551,-0.0071499577
4.8005,0.090706341,0.074247307,0.041257983,0.044525867,-0.71229247,0.045306724,0.69900227,0.035310942,0.0061707531,-0.0071978426
4.8105,0.091022845,0.074311534,0.04117499,0.044617536,-0.71026528,0.04519861,0.70106319,0.034944685,0.0061900815,-0.0069765178
4.8205,0.091306427,0.074382613,0.041106852,0.044527808,-0.70823482,0.045277866,0.70311494,0.026415811,0.0081805346,-0.0092638481
4.8305,0.091471585,0.074486687,0.041032324,0.044605681,-0.706121,0.045215411,0.70523686,0.015394706,0.012158347,-0.0057499638
4.8405,0.091558943,0.074626373,0.040958303,0.04479549,-0.70399959,0.0450682,0.70735196,0.010488362,0.013892185,-0.0050256707
4.8505,0.091619116,0.074768796,0.040900364,0.045011266,-0.7019733,0.044898203,0.70936001,0.0089226207,0.013086526,-0.0054794421
4.8605,0.091645622,0.074842439,0.040915741,0.045102823,-0.70024155,0.044637683,0.71108015,0.0037216777,0.0011318413,0.0063327286
4.8705,0.091630392,0.074836144,0.040994941,0.045047345,-0.69901941,0.044316143,0.71230519,0.0023445293,-0.003362382,0.0077686353
4.8805,0.091624159,0.074789677,0.04109243,0.045112346,-0.69822712,0.043911038,0.71310279,-0.0015015285,-0.0051575017,0.0073291134
4.8905,0.091567055,0.074750687,0.041144425,0.045085109,-0.69770716,0.043640075,0.71362987,-0.0051767954,-0.0034134951,0.0021548009
4.9005,0.091504082,0.074756474,0.041205967,0.045125721,-0.69721693,0.043583075,0.71410975,-0.0053268796,0.0035975548,0.0088278613
4.9105,0.091453218,0.074817799,0.041309436,0.04530569,-0.69662546,0.043739808,0.71466579,-0.0044957584,0.0085084274,0.010308385
4.9205,0.091417445,0.074915288,0.041399427,0.045454468,-0.69602355,0.044122741,0.71521906,-0.0037269787,0.008695207,0.0098132962
4.9305,0.091389014,0.075062073,0.041721341,0.04590037,-0.69484589,0.044202092,0.7163299,-0.0011324635,0.019189967,0.045164474
4.9405,0.091366018,0.075299957,0.042261174,0.046243891,-0.69294684,0.044294738,0.71813937,0.00055985764,0.026697811,0.064080963
4.9505,0.09135124,0.075600434,0.043000271,0.046652884,-0.6905864,0.044262958,0.72038512,0.0022194012,0.031852874,0.071393326
4.9605,0.0913646,0.07593961,0.043687841,0.04679527,-0.68873937,0.044281782,0.72214085,0.0053681207,0.035075814,0.059356493
4.9705,0.091401902,0.076282171,0.044324033,0.046805799,-0.68772413,0.044187371,0.72311287,0.0056713295,0.033888952,0.056061066
4.9805,0.091446716,0.076620335,0.044890653,0.046736698,-0.68723999,0.044076575,0.72358422,0.0055464807,0.034218671,0.046618342
4.9905,0.091519938,0.076915449,0.045340791,0.046512523,-0.68764494,0.043916403,0.7232236,0.0093396732,0.024146605,0.041948412
5.0005,0.091637873,0.077147246,0.045659107,0.046124054,-0.68900211,0.043697194,0.72196899,0.012339253,0.022954736,0.019479513
5.0105,0.091789801,0.077336128,0.045855676,0.045573301,-0.69087504,0.043582205,0.72021895,0.01468135,0.013879574,0.019995218
5.0205,0.091977632,0.07743615,0.046033974,0.045180292,-0.69320265,0.043155488,0.71802955,0.01931866,0.005688005,0.015300329
5.0305,0.092212553,0.077444264,0.046150827,0.044530626,-0.69604949,0.04281486,0.7153314,0.022765148,-0.0025021668,0.0083677112
5.0405,0.092468984,0.077393077,0.046200713,0.043789926,-0.69912526,0.042505471,0.71239006,0.023358202,-0.006153372,0.0031681511
5.0505,0.092724146,0.077309938,0.046217063,0.042964162,-0.70218136,0.042128948,0.7094509,0.023588379,-0.009293179,0.0013575798
5.0605,0.092968417,0.077206252,0.046223843,0.042071835,-0.7050795,0.041655564,0.70665244,0.022819775,-0.01062762,0.00084506594
5.0705,0.093197076,0.077096873,0.046229196,0.041179739,-0.7077618,0.041136569,0.70404918,0.021537253,-0.010789991,0.00076618859
5.0805,0.093421231,0.076987092,0.046253028,0.040304733,-0.71016117,0.040636636,0.70170885,0.022722834,-0.010707199,0.0047312266
5.0905,0.093649284,0.076872685,0.046290651,0.039486023,-0.71227108,0.040165421,0.69964098,0.022566688,-0.011523488,-0.00089360469
5.1005,0.093869827,0.076755296,0.046312051,0.038776878,-0.71414387,0.039688076,0.69779635,0.021759281,-0.011853348,0.0043166092
5.1105,0.094114843,0.07666105,0.046464441,0.038337068,-0.71546677,0.03939456,0.69648089,0.026021592,-0.0075446124,0.024002112
5.1205,0.09439034,0.076598293,0.046767217,0.038225338,-0.71614233,0.039344339,0.69579523,0.027194947,-0.0051842631,0.034509512
5.1305,0.094646971,0.076561444,0.0470508,0.038324628,-0.71671769,0.039453851,0.69519089,0.018607206,7.8345368e-05,0.012523561
5.1405,0.094863365,0.076620449,0.047131114,0.038711402,-0.71790342,0.039960975,0.69391587,0.015926073,0.011206322,0.0029033076
5.1505,0.095084429,0.076761779,0.047099012,0.039373492,-0.71932813,0.040823905,0.6923512,0.014620485,0.01786413,-0.0089395065
5.1605,0.095304955,0.076953312,0.046951085,0.040184806,-0.72084475,0.041886217,0.69066169,0.013390965,0.021968047,-0.019922618
5.1705,0.09555517,0.077164189,0.046642633,0.041130464,-0.72254822,0.043147279,0.68874572,0.017353186,0.022584221,-0.039548648
5.1805,0.095846273,0.077376938,0.046180376,0.042178293,-0.72444915,0.044567513,0.68659169,0.019440979,0.022841674,-0.051671602
5.1905,0.096150541,0.07759083,0.045614597,0.04325379,-0.72642162,0.046036696,0.6843401,0.01965981,0.02299194,-0.060171647
5.2005,0.09646644,0.077794681,0.044871685,0.044369161,-0.72860448,0.04758567,0.68183758,0.020189235,0.021326712,-0.085804559
5.2105,0.096789801,0.077982595,0.04392001,0.045509036,-0.73106135,0.049202461,0.67901204,0.019844233,0.020059476,-0.10260571
5.2205,0.097102747,0.078160296,0.042921828,0.046614594,-0.73353324,0.050776492,0.67614925,0.018243448,0.019537519,-0.080958389
5.2305,0.09736927,0.078351058,0.042248484,0.047631022,-0.73557082,0.052175921,0.67375405,0.01271227,0.022000325,-0.056233554
5.2405,0.09756715,0.078542582,0.041855239,0.048406866,-0.73705686,0.053224102,0.67199045,0.012576149,0.016165464,-0.019941071
5.2505,0.097722233,0.078627203,0.04178815,0.048696087,-0.73777043,0.053619163,0.67115458,0.012528661,0.0038757714,0.0019726323
5.2605,0.097857698,0.078643824,0.041844118,0.048810597,-0.73798564,0.053737841,0.67090011,0.012577388,0.00028575658,0.0075476099
5.2705,0.097995271,0.078621287,0.041933846,0.04885983,-0.73799879,0.053752105,0.67088092,0.014383693,-0.0042724158,0.0094188543
5.2805,0.098141311,0.078565572,0.042024797,0.048884865,-0.73797028,0.053731532,0.67091211,0.01481917,-0.0066308278,0.0083735352
5.2905,0.098297664,0.078509384,0.042069291,0.048951086,-0.73734681,0.053663885,0.67159784,0.018599097,-0.0055150196,0.0016118173
5.3005,0.098468783,0.078462571,0.042065785,0.049066533,-0.73599315,0.053551804,0.67308154,0.020062209,-0.0045020992,-0.0013901399
5.3105,0.098636031,0.078429155,0.042041309,0.049225701,-0.73426675,0.053391925,0.67496553,0.019560697,-0.0044118063,-0.0052959777
5.3205,0.098795476,0.078434885,0.041983673,0.049458801,-0.73203506,0.053100572,0.6773912,0.0209248,0.0032080786,-0.006287237
5.3305,0.098951739,0.078497582,0.041895888,0.049598332,-0.72935167,0.052833225,0.68029023,0.020910397,0.0075906538,-0.0089378451
5.3405,0.099104655,0.078594298,0.041797094,0.049699127,-0.72651439,0.05257784,0.68333185,0.020463266,0.0087440081,-0.012348078
5.3505,0.099261188,0.078719878,0.041695078,0.049769921,-0.72369513,0.052319561,0.68633153,0.021533994,0.013021339,-0.011685216
5.3605,0.099474533,0.078856309,0.041604587,0.049915451,-0.72105865,0.052009528,0.68911383,0.030589251,0.012781315,-0.0078687026
5.3705,0.099748993,0.078989932,0.041517247,0.050041928,-0.71861245,0.051788752,0.6916718,0.03279442,0.012591363,-0.0094154482
5.3805,0.1000496,0.079104444,0.041424618,0.050156703,-0.71628395,0.051613636,0.69408763,0.035488048,0.0094293712,-0.0088403064
5.3905,0.10036667,0.079191722,0.04133976,0.050274197,-0.71404498,0.051460733,0.69639361,0.035989711,0.0073025038,-0.0091969189
5.4005,0.10068611,0.079261695,0.041257867,0.050392201,-0.71192195,0.051316316,0.69856596,0.035600688,0.0060767924,-0.009620856
5.4105,0.10099719,0.079323397,0.041181318,0.050395918,-0.70986368,0.05128943,0.70065912,0.033975131,0.005994626,-0.0048206241
5.4205,0.10127298,0.079387187,0.041111328,0.050251584,-0.70781316,0.051421177,0.70273122,0.025897243,0.0072437563,-0.0080018522
5.4305,0.10143602,0.07948053,0.041040225,0.050358929,-0.7056921,0.051327943,0.70486032,0.015472375,0.010933949,-0.010779271
5.4405,0.10152327,0.079608017,0.040970273,0.050592663,-0.70356619,0.051124428,0.7069804,0.010528256,0.012644961,-0.005131031
5.4505,0.10158417,0.079740341,0.040907041,0.050856464,-0.70154719,0.050902618,0.70898102,0.0089650531,0.011995414,-0.0052508255
5.4605,0.10161532,0.079814505,0.040891475,0.051043969,-0.69986236,0.050655021,0.71064848,0.0036114151,0.0014590848,0.0042396307
5.4705,0.10159711,0.079809735,0.04097046,0.051116504,-0.69865841,0.050294362,0.71185252,0.00075057556,-0.003932531,0.0093534471
5.4805,0.10158286,0.079765415,0.041085489,0.051302345,-0.69785474,0.049804078,0.71266148,-0.0011360006,-0.0040910786,0.007171264
5.4905,0.1015363,0.079742771,0.041128874,0.051281,-0.69736067,0.049529224,0.71316562,-0.0041041148,-0.0016577978,0.0011129343
5.5005,0.1014832,0.079751736,0.041178846,0.05130495,-0.69690275,0.049479488,0.71361484,-0.004501539,0.0035181215,0.0079116642
5.5105,0.10143884,0.079808391,0.041279681,0.051487223,-0.69633404,0.049616218,0.71414718,-0.0040586317,0.0074701744,0.011067782
5.5205,0.10140705,0.079900311,0.041369948,0.051618374,-0.69574763,0.049993223,0.71468276,-0.0032339178,0.010359414,0.010028142
5.5305,0.10137655,0.080046689,0.041675696,0.052068559,-0.69461206,0.050041075,0.71575054,-0.0013609896,0.01763745,0.044129789
5.5405,0.1013595,0.080273194,0.042249506,0.052316297,-0.69268614,0.050214587,0.71758443,0.0021022263,0.026458719,0.06684501
5.5505,0.10134722,0.080562367,0.042943595,0.052615238,-0.69034256,0.0502697,0.71981369,0.0022491985,0.030255231,0.079939801
5.5605,0.10135448,0.080864644,0.043666756,0.053030868,-0.68845761,0.049986053,0.72160601,0.0051737793,0.030273152,0.070703278
5.5705,0.10139162,0.081180935,0.044300816,0.052927174,-0.68743134,0.049979219,0.72259182,0.0057957915,0.032764425,0.051056925
5.5805,0.10143428,0.081492917,0.044866082,0.05277962,-0.68693786,0.049906961,0.72307675,0.0057075653,0.026652649,0.058176686
5.5905,0.10150748,0.081753539,0.045360084,0.052702026,-0.6873117,0.049544056,0.72275204,0.0098208717,0.025156815,0.039392736
5.6005,0.10162629,0.081981745,0.045622311,0.052026384,-0.68867101,0.04958638,0.72150307,0.012655509,0.019498937,0.02703769
5.6105,0.10177451,0.082138104,0.045871888,0.051659628,-0.69051772,0.049252751,0.7197852,0.014159103,0.014672939,0.016498345
5.6205,0.10195789,0.08224342,0.046002172,0.051001717,-0.6928733,0.049070668,0.71757751,0.018897469,0.0061020674,0.013455838
5.6305,0.10218764,0.082249694,0.046107325,0.050260626,-0.69572793,0.048804876,0.71488083,0.022304034,-0.0029523945,0.0080982169
5.6405,0.10243923,0.082190629,0.046156966,0.049501318,-0.69881125,0.048499078,0.71194121,0.022941065,-0.0071551519,0.0031442304
5.6505,0.10269045,0.082096282,0.046178296,0.048685424,-0.70187138,0.048101057,0.70900817,0.023271636,-0.010443231,0.0018110418
5.6605,0.10293169,0.081983007,0.046192254,0.047807277,-0.70476855,0.047604138,0.70622206,0.022586068,-0.011538258,0.0012974506
5.6705,0.10315892,0.081865708,0.046206957,0.046923882,-0.70744049,0.047068939,0.70364097,0.021524065,-0.011579448,0.0016560437
5.6805,0.10338108,0.081745276,0.046235122,0.046078934,-0.70984061,0.0465347,0.70131132,0.022238356,-0.012377827,0.0037059835
5.6905,0.10360696,0.081622301,0.046282852,0.045263208,-0.71195511,0.04605347,0.69924977,0.022490315,-0.012278539,0.0056855964
5.7005,0.10382659,0.08149908,0.046303785,0.044545406,-0.7138297,0.045580474,0.69741328,0.021689025,-0.012330623,0.0033311021
5.7105,0.10407087,0.08140018,0.046450895,0.044094938,-0.71515494,0.045295252,0.69610156,0.025961396,-0.0080114681,0.023769873
5.7205,0.10434583,0.081332614,0.046753096,0.043975385,-0.71582828,0.045250104,0.69541963,0.027162185,-0.0056509961,0.034559092
5.7305,0.10460068,0.081285576,0.047040385,0.044076022,-0.71639578,0.045336699,0.69482298,0.018372492,-0.0023755826,0.01308084
5.7405,0.10481423,0.081323699,0.047126691,0.044427392,-0.71756789,0.045808018,0.69355905,0.016004353,0.0094859232,0.0034397134
5.7505,0.10503537,0.081450004,0.047099637,0.045050539,-0.71897701,0.04665799,0.69200112,0.014882255,0.01671139,-0.0084440875
5.7605,0.10525786,0.081631107,0.046956092,0.04582689,-0.7204772,0.04772021,0.69031535,0.013763382,0.021242502,-0.019478629
5.7705,0.1055111,0.08183451,0.046651433,0.046742287,-0.72216341,0.04899018,0.68840041,0.017762925,0.022096537,-0.039165616
5.7805,0.10580607,0.082041607,0.046193287,0.04776411,-0.72404561,0.050425702,0.68624616,0.019909976,0.022529935,-0.051255424
5.7905,0.10611496,0.082251337,0.045632081,0.048817827,-0.72599851,0.051914049,0.68399409,0.020166888,0.022820584,-0.059707791
5.8005,0.10643564,0.082452039,0.044893878,0.049913101,-0.72816097,0.053486188,0.68149065,0.020653554,0.021254761,-0.085416012
5.8105,0.1067635,0.082637525,0.043946226,0.051032537,-0.73059771,0.05513014,0.6786629,0.020265701,0.020059126,-0.10229694
5.8205,0.10708142,0.082812709,0.042934766,0.052118535,-0.73307431,0.056736625,0.67577117,0.018626615,0.019403016,-0.083713626
5.8305,0.10735028,0.082998481,0.042243013,0.053116535,-0.73512796,0.058162478,0.67333694,0.012768926,0.021572411,-0.057458779
5.8405,0.10754584,0.083181091,0.041857318,0.053855697,-0.73658375,0.059196811,0.67159487,0.01251793,0.015292262,-0.018885701
5.8505,0.10769954,0.083257818,0.041796036,0.0541249,-0.73727911,0.059581579,0.6707757,0.012370578,0.0032133712,0.0021729755
5.8605,0.10783342,0.083267575,0.041852184,0.054232098,-0.73748998,0.059697052,0.67052492,0.012418677,-0.00010658465,0.0072271799
5.8705,0.10796982,0.083238476,0.041939394,0.05428165,-0.73747308,0.059707816,0.67053854,0.014354998,-0.0050766101,0.0092235975
5.8805,0.10811648,0.083173269,0.042029214,0.054307847,-0.73744089,0.059684746,0.67057388,0.014959622,-0.0076772729,0.0083014827
5.8905,0.10827411,0.083109198,0.042072896,0.05437881,-0.73682387,0.059612004,0.67125251,0.01861274,-0.0061119823,0.0014989628
5.9005,0.10844555,0.083057893,0.042068155,0.054505799,-0.73548186,0.059489376,0.67272325,0.020024542,-0.0048887763,-0.0015069773
5.9105,0.10861247,0.083021337,0.042038043,0.054650304,-0.73379492,0.059337478,0.67456462,0.019396317,-0.0039492639,-0.0052449329
5.9205,0.1087709,0.083024644,0.041969768,0.054786795,-0.73161934,0.059108985,0.67693255,0.020794446,0.0028245976,-0.0064098066
5.9305,0.1089272,0.083080513,0.041883294,0.054969604,-0.72894655,0.0587918,0.67982261,0.021396325,0.007416309,-0.0066100593
5.9405,0.10907775,0.083168831,0.041769054,0.055007838,-0.72610902,0.058552804,0.68286997,0.020877671,0.0092233677,-0.0095651924
5.9505,0.10923789,0.083291381,0.041689714,0.055180488,-0.72323378,0.058254224,0.68592598,0.022099351,0.012445916,-0.008449646
5.9605,0.10945386,0.083419671,0.041551643,0.05538419,-0.72067409,0.057869442,0.68863094,0.030717199,0.01140104,-0.010999731
5.9705,0.10972982,0.083537574,0.041475382,0.055567757,-0.71822066,0.057602565,0.69119697,0.032905475,0.010711614,-0.0056436102
5.9805,0.11003138,0.083632773,0.041422517,0.055735827,-0.71584843,0.057394063,0.69365731,0.035606,0.0073785667,-0.0051910581
5.9905,0.11035067,0.083705226,0.041332608,0.055882195,-0.71363395,0.057215732,0.6959383,0.036115034,0.0056649388,-0.0084248021
6.0005,0.11067116,0.083761039,0.041260862,0.056027944,-0.71150707,0.057049313,0.69811455,0.035701884,0.0047270985,-0.0063063087
6.0105,0.1109915,0.083815348,0.041180862,0.056158898,-0.70948458,0.056905115,0.70017113,0.035262148,0.0052214315,-0.0062262736
6.0205,0.11126775,0.083880773,0.04110042,0.056144138,-0.70745407,0.056910791,0.70222343,0.025089677,0.0074851312,-0.006249615
6.0305,0.11142821,0.083976787,0.04101253,0.056285366,-0.70534688,0.056786742,0.70433869,0.01550967,0.01095346,-0.012010845
6.0405,0.11151679,0.084105586,0.040937884,0.056504163,-0.70322114,0.056599485,0.70645864,0.010727695,0.012780404,-0.0048439112
6.0505,0.11157913,0.084238309,0.040891795,0.056740673,-0.70117247,0.056400891,0.70848896,0.0094236327,0.012528943,-0.011920753
6.0605,0.11161413,0.084317039,0.040869769,0.056921481,-0.699493,0.056203527,0.71014833,0.0038234362,0.0023072237,0.0044460517
6.0705,0.1116048,0.084320755,0.040939491,0.056956748,-0.69829053,0.055955167,0.71134751,0.0025789416,-0.0027675526,0.0073362976
6.0805,0.11160154,0.084278407,0.041031295,0.05703988,-0.69751516,0.055619775,0.71212744,-0.0016165926,-0.0047080839,0.0071801843
6.0905,0.11153751,0.084237202,0.041089768,0.057024105,-0.69699325,0.055377404,0.71265841,-0.0065764218,-0.00417676,0.0035337349
6.1005,0.11146219,0.084228538,0.041165434,0.057075735,-0.69648543,0.055317399,0.71315524,-0.0062727085,0.0024785043,0.010200135
6.1105,0.11140354,0.084281602,0.041288215,0.057290156,-0.69587078,0.055422641,0.71372966,-0.0051592773,0.0071406428,0.013513855
6.1205,0.11136282,0.084374197,0.041397218,0.057470321,-0.69523992,0.055743582,0.71430474,-0.0038087759,0.010931056,0.0041311682
6.1305,0.1113308,0.08453713,0.041704579,0.057822538,-0.69406803,0.055877386,0.71540467,-0.00168318,0.017834944,0.048687943
6.1405,0.1113044,0.084770822,0.042320702,0.058382062,-0.69211069,0.055715516,0.71726572,2.0311001e-05,0.026054895,0.06122121
6.1505,0.11128948,0.085071565,0.04298915,0.058531048,-0.68975623,0.055905325,0.71950334,0.0029375563,0.031657847,0.070660143
6.1605,0.11129603,0.085375664,0.043718966,0.058833032,-0.68784628,0.055717794,0.72131941,0.0046028657,0.029767239,0.069074714
6.1705,0.11132867,0.085688707,0.04434754,0.058821308,-0.68681814,0.055604549,0.72230812,0.0058826119,0.031657658,0.059259642
6.1805,0.1113742,0.08599668,0.044927975,0.058699329,-0.68629528,0.055504394,0.72282255,0.0066641701,0.030127234,0.057306204
6.1905,0.11145139,0.086261874,0.045398543,0.058518278,-0.68665002,0.055282098,0.7225173,0.01029381,0.024927161,0.041184666
6.2005,0.11157064,0.086484433,0.045684632,0.057995021,-0.68800301,0.055202646,0.72127741,0.012695467,0.019671643,0.029482129
6.2105,0.11171944,0.08665181,0.045921505,0.05749328,-0.68985031,0.055066925,0.71956147,0.013863605,0.015090709,0.015942211
6.2205,0.1119018,0.08674529,0.046070533,0.056909011,-0.69220232,0.054857898,0.71736178,0.018885605,0.0045002548,0.01458671
6.2305,0.11213252,0.086737243,0.04618265,0.056192533,-0.6950691,0.054582252,0.71466225,0.022314835,-0.0041882789,0.0082485221
6.2405,0.112384,0.086668379,0.04623389,0.05542788,-0.69816087,0.054284587,0.7117249,0.022908198,-0.0079532792,0.0031300603
6.2505,0.11263453,0.086567384,0.046255217,0.054593809,-0.70122713,0.053904106,0.70879784,0.023189111,-0.010996441,0.0017513478
6.2605,0.11287475,0.08644905,0.046268525,0.05369299,-0.70413015,0.053428413,0.70601927,0.022482022,-0.011983592,0.0012240355
6.2705,0.11309979,0.086327827,0.04627899,0.052786206,-0.70681779,0.052915042,0.70343602,0.021217686,-0.011910235,0.0010364326
6.2805,0.1133197,0.08620399,0.046305008,0.051921006,-0.70922799,0.052399619,0.70110923,0.022055367,-0.01276417,0.0034525197
6.2905,0.11354356,0.086072818,0.046345741,0.051113261,-0.71136854,0.051911598,0.69903321,0.022373474,-0.01322527,0.0047382663
6.3005,0.11376741,0.085946816,0.046375952,0.05029194,-0.71325828,0.051529155,0.69719301,0.021908935,-0.012737934,0.0040141551
6.3105,0.11400631,0.085830443,0.046507361,0.049920432,-0.7146417,0.051165753,0.69582847,0.02548234,-0.0094867927,0.021838609
6.3205,0.11427786,0.085754576,0.046793853,0.04981306,-0.7153491,0.051106476,0.69511326,0.026837208,-0.0058125711,0.032823736
6.3305,0.1145306,0.085706413,0.04706226,0.049860916,-0.71594244,0.051242137,0.6944887,0.018189454,-0.0023565609,0.011391797
6.3405,0.11474277,0.085740994,0.047130718,0.050167925,-0.71714019,0.051746552,0.69319219,0.015889144,0.0090533191,0.0018553428
6.3505,0.11496296,0.08586003,0.047087975,0.050757084,-0.71857031,0.052609791,0.6916015,0.014849633,0.015981121,-0.0098953062
6.3605,0.11518505,0.086031544,0.046930649,0.051502968,-0.72008739,0.053675077,0.68988447,0.013808106,0.020340588,-0.020770557
6.3705,0.11543824,0.086223551,0.046614028,0.052386981,-0.72178593,0.05494429,0.68794026,0.017844174,0.021031498,-0.04028777
6.3805,0.11573361,0.086417906,0.04614666,0.053375512,-0.72367501,0.056378179,0.68576019,0.020173949,0.021366819,-0.051676455
6.3905,0.11604388,0.08661448,0.045580712,0.05439497,-0.72562761,0.057864746,0.68348916,0.020319529,0.021693,-0.060482342
6.4005,0.11636464,0.086802346,0.044834071,0.055452641,-0.72779177,0.0594384,0.68096345,0.021039893,0.020099025,-0.085274012
6.4105,0.11669402,0.0869749,0.04388513,0.056534861,-0.73022069,0.061085011,0.67812254,0.020402499,0.019007565,-0.10281529
6.4205,0.11701061,0.087139203,0.042902939,0.057584504,-0.73264433,0.062687334,0.6752678,0.018694577,0.018687847,-0.07819862
6.4305,0.1172809,0.087319578,0.042248031,0.058559163,-0.73463007,0.064110923,0.67288876,0.013237166,0.021327271,-0.055017909
6.4405,0.11747649,0.087499541,0.041869349,0.059309749,-0.73606209,0.065178741,0.67115325,0.012527718,0.014975426,-0.019002594
6.4505,0.11762794,0.087572731,0.041805443,0.059585201,-0.7367643,0.065585345,0.67031824,0.011808505,0.0029043358,0.0014635353
6.4605,0.11775919,0.087576334,0.041859724,0.059689829,-0.73701007,0.065710694,0.6700264,0.011947962,-0.00038743903,0.0068183984
6.4705,0.11789251,0.087541301,0.041944349,0.059741069,-0.73698932,0.065722747,0.67004349,0.013984751,-0.0057179779,0.0089858317
6.4805,0.11803597,0.087469071,0.04203236,0.059770562,-0.73695704,0.065698037,0.67007878,0.01466782,-0.0084173576,0.0081402582
6.4905,0.11819198,0.087398848,0.042075277,0.05984972,-0.73634154,0.065618359,0.67075583,0.018458927,-0.0066306927,0.0014322198
6.5005,0.11836247,0.087343576,0.042070145,0.059990397,-0.73500074,0.06548348,0.67222539,0.019925328,-0.0052413079,-0.0015385199
6.5105,0.11852928,0.087304499,0.042038104,0.060150252,-0.73331801,0.065317654,0.67406249,0.019326841,-0.0042007249,-0.005973414
6.5205,0.11868933,0.087308495,0.041969345,0.060315667,-0.73114355,0.065081668,0.67642849,0.02090566,0.0028978046,-0.0064154467
6.5305,0.11884751,0.087366818,0.041880787,0.060493531,-0.72847278,0.064779772,0.67931696,0.02108707,0.0065415596,-0.0085787676
6.5405,0.11900145,0.087455423,0.041785135,0.060669796,-0.72562468,0.064450775,0.68237387,0.020423684,0.0089574714,-0.011173838
6.5505,0.11915911,0.087571575,0.041685087,0.060813106,-0.72277979,0.064118483,0.68540497,0.021980417,0.011948655,-0.0090568932
6.5605,0.11937392,0.087699938,0.04159974,0.061046237,-0.72012506,0.063748534,0.68820736,0.030620031,0.011559258,-0.0094584238
6.5705,0.11964909,0.087821089,0.041513525,0.061235941,-0.71767222,0.063475805,0.69077317,0.032843127,0.011033261,-0.0077249909
6.5805,0.11995019,0.0879218,0.041424699,0.061405475,-0.71533586,0.063255778,0.69319743,0.03550366,0.0077477211,-0.0076813558
6.5905,0.1202677,0.087994729,0.041337177,0.061567983,-0.71310091,0.063061474,0.69549962,0.035971772,0.0055874114,-0.0079206378
6.6005,0.12058711,0.088051098,0.041253203,0.061725996,-0.71098171,0.062878658,0.69766839,0.035584872,0.0045526596,-0.0081587496
6.6105,0.12089915,0.088100882,0.041179679,0.061782113,-0.70891819,0.062803114,0.69976691,0.034161428,0.0049388133,-0.0080045536
6.6205,0.12117956,0.088153206,0.041106791,0.061672481,-0.70687558,0.0628982,0.70183135,0.026651624,0.0055400537,-0.0053775536
6.6305,0.12134755,0.088234524,0.041024766,0.061810354,-0.70477712,0.062770898,0.70393785,0.015770691,0.0097608392,-0.012460095
6.6405,0.1214381,0.088351667,0.04094639,0.062074835,-0.70266242,0.062534723,0.70604649,0.010840669,0.011474739,-0.0054262186
6.6505,0.1215009,0.088472586,0.04090461,0.062368024,-0.70061157,0.062274502,0.70807877,0.009325436,0.010982886,-0.007687676
6.6605,0.12152791,0.088531394,0.040911401,0.062543092,-0.69892102,0.061962163,0.70975944,0.0033734061,0.00020843719,0.0055714782
6.6705,0.12150692,0.088518952,0.040996326,0.062600962,-0.69772737,0.061549727,0.71096362,0.00077886398,-0.004844287,0.0094596514
6.6805,0.12148821,0.088466953,0.041105056,0.062790449,-0.69696282,0.061020659,0.71174199,-0.0017220684,-0.0046187645,0.0061291311
6.6905,0.12143219,0.088438553,0.041143333,0.062772685,-0.6964914,0.060724965,0.71223016,-0.0060720323,-0.003083653,0.0015280145
6.7005,0.12136453,0.088450668,0.041199414,0.062802142,-0.69601664,0.060659776,0.71269707,-0.0055527566,0.0041893277,0.0085831006
6.7105,0.12131493,0.088522714,0.0412807,0.062878317,-0.69542964,0.060897264,0.71324292,-0.004104636,0.010031001,0.0083264473
6.7205,0.1212786,0.08862092,0.041384955,0.063042651,-0.69480394,0.061239264,0.7138087,-0.0037145607,0.010027917,0.012890527
6.7305,0.12124861,0.088762729,0.041704044,0.063475216,-0.69361112,0.06130963,0.71492352,-0.00066286805,0.018913651,0.044050356
6.7405,0.12122755,0.08899623,0.042282546,0.063856896,-0.69166162,0.06134194,0.71677309,0.00074109208,0.026091653,0.062116493
6.7505,0.12121666,0.089294239,0.042988394,0.064229535,-0.68930262,0.061324079,0.71901031,0.0024926399,0.030891122,0.076523837
6.7605,0.12122053,0.089611682,0.043714754,0.064502707,-0.68739851,0.061185041,0.72081834,0.0043306192,0.031737601,0.070753407
6.7705,0.12125112,0.08993995,0.044346306,0.064508183,-0.68636945,0.06107529,0.7218071,0.0053268024,0.032052972,0.063311674
6.7805,0.12128934,0.090259262,0.044926231,0.064552596,-0.68586144,0.060830426,0.72230651,0.005344662,0.030917142,0.059455301
6.7905,0.12135899,0.090547405,0.045328945,0.06414077,-0.68624691,0.060854367,0.72197499,0.0092227783,0.025608032,0.035133453
6.8005,0.12147395,0.090757772,0.045676829,0.063663289,-0.68755964,0.060712916,0.72077921,0.012418499,0.017834494,0.033913874
6.8105,0.12161969,0.090899144,0.045944593,0.063396103,-0.68939517,0.060299708,0.71908217,0.014344344,0.013344579,0.019819126
6.8205,0.12180592,0.090995075,0.046079673,0.062634736,-0.69175075,0.060224638,0.71688966,0.019199427,0.0054138412,0.013237037
6.8305,0.12203623,0.090990571,0.046179218,0.061798345,-0.69462158,0.060053891,0.7141956,0.022193371,-0.0039740758,0.007836816
6.8405,0.12228579,0.090920614,0.046226208,0.060979508,-0.69771736,0.059808035,0.71126295,0.022703968,-0.0081268749,0.0029765265
6.8505,0.12253406,0.09081646,0.046246154,0.060118398,-0.70078915,0.059456932,0.70833976,0.022943153,-0.011345668,0.0016676297
6.8605,0.12277289,0.090693935,0.04626298,0.059202612,-0.70368772,0.058999867,0.70557611,0.022404174,-0.01242856,0.0017142793
6.8705,0.1229963,0.090568263,0.046276147,0.058283995,-0.7063741,0.058502116,0.70300506,0.020998854,-0.012347586,0.0010968318
6.8805,0.12321259,0.090440784,0.046298622,0.057406456,-0.70880026,0.058002132,0.70067285,0.021549905,-0.013014352,0.0030586974
6.8905,0.12343069,0.090307271,0.046335455,0.056594669,-0.71095715,0.057520348,0.69859029,0.021731255,-0.013500198,0.0042223093
6.9005,0.12364897,0.090178657,0.046340548,0.055801931,-0.71287772,0.057120868,0.69672713,0.021494555,-0.012647112,0.00059565803
6.9105,0.12388878,0.09007399,0.046461118,0.055303989,-0.71426329,0.056884438,0.69536579,0.025483574,-0.0086932876,0.021945164
6.9205,0.12416007,0.089998095,0.046750043,0.055169337,-0.71497412,0.056854941,0.69464802,0.026787126,-0.0065227401,0.03361437
6.9305,0.12441255,0.089942126,0.047026096,0.055243428,-0.71557093,0.056965064,0.6940183,0.018072292,-0.004062382,0.011952715
6.9405,0.12462337,0.089960937,0.047100821,0.055546327,-0.71676225,0.057437359,0.69272464,0.015972804,0.0077683008,0.0022891618
6.9505,0.12484445,0.090069055,0.04706298,0.056130933,-0.71817978,0.058283967,0.69113682,0.015093141,0.015163599,-0.0095306328
6.9605,0.12506903,0.090233369,0.046909805,0.056872409,-0.71968149,0.059343993,0.68942177,0.014160549,0.019875492,-0.020439858
6.9705,0.12532562,0.090420451,0.046596836,0.057750946,-0.72136289,0.06061751,0.68747795,0.018238464,0.020749057,-0.039985045
6.9805,0.1256248,0.090611201,0.046132203,0.058732591,-0.72323447,0.062063304,0.68529594,0.020643445,0.021208947,-0.05126715
6.9905,0.12594013,0.090805115,0.045571488,0.059745,-0.72516645,0.063566352,0.68302524,0.020866967,0.021638627,-0.059921172
7.0005,0.12626598,0.09099104,0.04483006,0.060793699,-0.72730912,0.065161163,0.68049951,0.021532496,0.02011269,-0.08481088
7.0105,0.12660041,0.091162,0.043886849,0.061864526,-0.72971546,0.06683285,0.67765884,0.020895938,0.019067268,-0.10227521
7.0205,0.12692156,0.091324783,0.04290903,0.062899916,-0.73211835,0.068461571,0.67480318,0.019152296,0.018560198,-0.077939442
7.0305,0.12719561,0.091501255,0.042255541,0.063860211,-0.73408938,0.069903615,0.67241962,0.013576808,0.020974581,-0.054969279
7.0405,0.12739837,0.091676512,0.041869369,0.064596261,-0.7355377,0.070984258,0.67065107,0.013034351,0.014476978,-0.019591784
7.0505,0.12755286,0.091742542,0.041802331,0.064866806,-0.73624874,0.071394736,0.66980063,0.012021697,0.002090625,0.001637254
7.0605,0.12768344,0.091739335,0.041855047,0.064975669,-0.7364734,0.071517752,0.66952991,0.012114294,-0.0017102854,0.0071554592
7.0705,0.12781652,0.091694446,0.041941609,0.065025857,-0.73649339,0.071531306,0.6695016,0.01376198,-0.0064667613,0.0090528945
7.0805,0.12795712,0.09161623,0.042029652,0.065055472,-0.73646811,0.07150739,0.66952909,0.014321631,-0.008910201,0.0081004852
7.0905,0.12811074,0.091542049,0.042072444,0.065138768,-0.73584761,0.071424565,0.67021173,0.018346511,-0.0070165676,0.0014744407
7.1005,0.12828047,0.091484029,0.042067846,0.065290687,-0.7344988,0.071279596,0.6716903,0.019915628,-0.0055094951,-0.0014726723
7.1105,0.12844669,0.091440006,0.04204793,0.065528354,-0.73278879,0.071046697,0.67355696,0.01924731,-0.0051511355,-0.0055476174
7.1205,0.128604,0.091439117,0.041972474,0.065670055,-0.73058587,0.070816541,0.67595617,0.020922617,0.002153532,-0.0073090618
7.1305,0.12876201,0.091493525,0.041881259,0.065842899,-0.72791067,0.070502465,0.6788521,0.021315464,0.0062621339,-0.0089437072
7.1405,0.1289171,0.091580942,0.041782654,0.06602754,-0.72507212,0.070161386,0.68190041,0.020698396,0.0085756438,-0.010405352
7.1505,0.12908069,0.091701677,0.041685955,0.066206311,-0.72224874,0.069821372,0.68490762,0.022632391,0.012627973,-0.0082273452
7.1605,0.12930044,0.091828983,0.04158308,0.066438115,-0.7196414,0.069438084,0.68766313,0.031075339,0.011027784,-0.0078939962
7.1705,0.12958056,0.091944555,0.041511219,0.066653765,-0.71718507,0.069147401,0.69023293,0.033313312,0.01053171,-0.010584651
7.1805,0.12988616,0.092038599,0.041426316,0.066842175,-0.71485846,0.068903111,0.69264844,0.035921202,0.0070471005,-0.0071036339
7.1905,0.13020775,0.092106117,0.04133984,0.067024184,-0.71263471,0.068687921,0.69493993,0.036332962,0.0049809541,-0.0073813328
7.2005,0.13053063,0.092158445,0.041255606,0.0672016,-0.71052477,0.068485182,0.6970999,0.035883313,0.0041057877,-0.0074251369
7.2105,0.13084414,0.092205582,0.041176939,0.067252595,-0.70846712,0.06841571,0.6991929,0.034191036,0.0045022372,-0.0064690003
7.2205,0.13111816,0.092254854,0.041112234,0.067179183,-0.70639679,0.068476683,0.70128559,0.025536697,0.0053795454,-0.0050981812
7.2305,0.13128169,0.092333676,0.041021111,0.067352802,-0.70430035,0.068315277,0.7033901,0.015646131,0.0092678259,-0.010601489
7.2405,0.13137167,0.092446466,0.040953903,0.067641262,-0.70216469,0.068054962,0.70551962,0.010873109,0.010952092,-0.0048678876
7.2505,0.13143568,0.092563261,0.040904876,0.067951318,-0.70012117,0.067780541,0.70754418,0.0093763784,0.010429684,-0.0065189423
7.2605,0.13146468,0.092622105,0.040914021,0.068132831,-0.69840203,0.067446152,0.70925562,0.0035851823,0.00015904524,0.0057795791
7.2705,0.13144783,0.092607658,0.041001222,0.068192916,-0.69719379,0.067018918,0.71047801,0.0016110802,-0.005466526,0.0096900666
7.2805,0.13142987,0.092554419,0.041107664,0.068367044,-0.69642342,0.066500196,0.71126514,-0.0019014725,-0.0044490611,0.0059229385
7.2905,0.13136943,0.092524909,0.041146661,0.068344916,-0.69594464,0.06621083,0.71176271,-0.0066137234,-0.0033761377,0.001811159
7.3005,0.13129804,0.0925358,0.041206003,0.068381814,-0.69546216,0.066143564,0.71223686,-0.0058071751,0.0041680269,0.0089167327
7.3105,0.13124547,0.092606358,0.041298651,0.068502487,-0.69486322,0.066342372,0.71279114,-0.0043673507,0.0098238304,0.0093119658
7.3205,0.13120891,0.092708414,0.041397035,0.068648989,-0.69423257,0.066709225,0.71335709,-0.0037233347,0.0095556352,0.011915873
7.3305,0.13118287,0.092857349,0.041727491,0.06915106,-0.69303466,0.066714384,0.71447203,-0.0003320934,0.019722925,0.045992688
7.3405,0.13117003,0.093103262,0.042275064,0.069543862,-0.69110813,0.066741412,0.71629518,0.0015050735,0.026806898,0.063819832
7.3505,0.13116068,0.093398291,0.043022177,0.0699974,-0.68871357,0.06665165,0.71856214,0.0027009918,0.030692163,0.071871033
7.3605,0.13117657,0.093723467,0.043728344,0.070169365,-0.68681536,0.066626604,0.72036228,0.0057810332,0.033267465,0.065690413
7.3705,0.13121755,0.09403738,0.044375217,0.070215014,-0.68575963,0.066476437,0.72137678,0.0063164435,0.029421227,0.063997895
7.3805,0.13126893,0.094339975,0.044962177,0.070190234,-0.68522214,0.066299626,0.72190602,0.0067478171,0.030614501,0.053064847
7.3905,0.13134685,0.094605626,0.045410627,0.069915815,-0.68559437,0.066175979,0.72159052,0.0094752389,0.019520745,0.040823037
7.4005,0.13146753,0.094792515,0.045780371,0.069672459,-0.68691092,0.065793433,0.72039597,0.013190134,0.017737434,0.030866922
7.4105,0.13162149,0.094962687,0.045942619,0.068913008,-0.68878939,0.065883598,0.7186651,0.015193373,0.016496029,0.015066613
7.4205,0.13181056,0.095058174,0.046077375,0.06808164,-0.69114534,0.065898091,0.71647781,0.019215154,0.0043722255,0.014632653
7.4305,0.13204021,0.095041909,0.046189013,0.067269224,-0.69401833,0.065709195,0.71378969,0.022058932,-0.0051731268,0.0085179402
7.4405,0.1322883,0.094961176,0.046243342,0.066470851,-0.69711778,0.06544634,0.71086229,0.022527438,-0.0091596841,0.003333168
7.4505,0.13253468,0.09484795,0.046267771,0.065622936,-0.70019462,0.065084876,0.70794426,0.022727137,-0.012212397,0.0018334733
7.4605,0.13277155,0.094717815,0.046287718,0.064713618,-0.70309815,0.064623923,0.70518713,0.022164318,-0.013145167,0.0017302842
7.4705,0.13299286,0.094585974,0.046302373,0.063796824,-0.70579165,0.064126624,0.70262072,0.020784847,-0.012933391,0.0011155621
7.4805,0.133207,0.094453187,0.046325188,0.062916943,-0.70822615,0.063631103,0.70029156,0.021319145,-0.013540545,0.0029423455
7.4905,0.13342318,0.094314688,0.046360769,0.062100264,-0.71039494,0.063156268,0.69820761,0.021553408,-0.014025667,0.0039756164
7.5005,0.13363673,0.094175648,0.046372678,0.061359714,-0.71232692,0.062708917,0.69634254,0.021135345,-0.013806102,0.001301308
7.5105,0.13387448,0.094063046,0.046498407,0.06087908,-0.71371737,0.062456861,0.6949823,0.025357,-0.00928248,0.022080987
7.5205,0.13414483,0.093982551,0.046787153,0.060737338,-0.71442894,0.062434628,0.69426521,0.02671563,-0.0068715991,0.033498733
7.5305,0.13439361,0.093924162,0.047045343,0.060793179,-0.71507342,0.062566573,0.69358462,0.017794529,-0.0032858554,0.0093039491
7.5405,0.13460438,0.093949467,0.047092898,0.061084197,-0.71631296,0.063085494,0.69223167,0.015843062,0.0083770111,-0.00027835167
7.5505,0.13482583,0.094060553,0.047030128,0.061649743,-0.71776264,0.06396958,0.69059684,0.015075866,0.015477389,-0.011810727
7.5605,0.13505136,0.094225214,0.046855469,0.062369729,-0.7192866,0.065059429,0.68884256,0.014238779,0.01996883,-0.022365873
7.5705,0.13530924,0.094410206,0.046524753,0.0632248,-0.72098248,0.066357746,0.686865,0.018361746,0.020602493,-0.041554912
7.5805,0.13561013,0.09459671,0.046046923,0.064181442,-0.72286106,0.06782476,0.68465497,0.020850861,0.020885336,-0.0524105
7.5905,0.13592793,0.094784954,0.045477539,0.065168674,-0.72479361,0.069345632,0.6823624,0.021178899,0.02120158,-0.060547141
7.6005,0.13625699,0.094964122,0.044733147,0.06619123,-0.72692874,0.070956592,0.6798224,0.021852599,0.019597018,-0.085096881
7.6105,0.13659374,0.095127889,0.043787092,0.067233317,-0.72932546,0.072644774,0.67696883,0.021192512,0.018525324,-0.1024395
7.6205,0.13691303,0.095284958,0.04288864,0.068242765,-0.73160193,0.074263717,0.67423026,0.0193716,0.018119132,-0.068167432
7.6305,0.13718747,0.095456669,0.042303622,0.069187717,-0.73343917,0.075699247,0.67197446,0.0130775,0.020464941,-0.049162559
7.6405,0.13740293,0.095625457,0.041906778,0.069948575,-0.73491493,0.076840974,0.67015126,0.013207528,0.012547252,-0.022566181
7.6505,0.13755967,0.095671888,0.041819405,0.070237141,-0.73567184,0.077294676,0.66923779,0.011844732,0.0003226176,0.0002010787
7.6605,0.13768974,0.095652239,0.041862459,0.070353416,-0.73591623,0.077431258,0.66894103,0.012008789,-0.003508099,0.0067510487
7.6705,0.13782232,0.095592756,0.04194618,0.070405215,-0.73597293,0.07745024,0.668871,0.013505685,-0.0075887977,0.0087861633
7.6805,0.13796062,0.095505595,0.042032164,0.070438352,-0.73595272,0.077426114,0.66889253,0.01435241,-0.0097667896,0.008035558
7.6905,0.13811324,0.095426166,0.042074138,0.070528629,-0.73532603,0.077338039,0.66958209,0.018311498,-0.0074399167,0.0014350168
7.7005,0.13828177,0.095365783,0.042077725,0.070756474,-0.73392874,0.077123325,0.67111409,0.019929056,-0.0058010906,-0.00090855426
7.7105,0.13844923,0.095327578,0.042051632,0.07096851,-0.73220366,0.076914561,0.67299735,0.019312345,-0.0038019747,-0.0066144593
7.7205,0.13861173,0.095333889,0.04197666,0.071128932,-0.73003238,0.076668461,0.67536312,0.021077505,0.0027914892,-0.0070679577
7.7305,0.13877329,0.095393094,0.041887727,0.071320089,-0.72736228,0.076338489,0.67825511,0.021936001,0.007082443,-0.0071469241
7.7405,0.13893133,0.095482923,0.041789164,0.07152426,-0.72452423,0.075979196,0.68130469,0.021125848,0.0081214809,-0.010412543
7.7505,0.13909496,0.09559962,0.041688515,0.071715162,-0.72170514,0.075594505,0.68431287,0.022574102,0.01101778,-0.010878291
7.7605,0.1393154,0.095718645,0.041614683,0.072079116,-0.71904828,0.075089071,0.68712139,0.031183723,0.010321,-0.0082673578
7.7705,0.13959619,0.095830738,0.041532841,0.072323504,-0.71659614,0.074761054,0.68968839,0.033386036,0.010070779,-0.0072087206
7.7805,0.13990259,0.095923717,0.041443343,0.07251705,-0.71426605,0.074517964,0.69210719,0.035974097,0.0068887522,-0.0074567762
7.7905,0.14022479,0.095989741,0.041351657,0.072693449,-0.71204221,0.074310245,0.69439869,0.03637894,0.0047968347,-0.0075888564
7.8005,0.14054803,0.096041121,0.041264703,0.072864119,-0.70993114,0.074115033,0.6965598,0.03590241,0.0041363448,-0.0077206794
7.8105,0.14087114,0.096089028,0.041180698,0.073037183,-0.70791039,0.07392504,0.69861545,0.03597467,0.0041547465,-0.0081718962
7.8205,0.14116378,0.096145075,0.041102318,0.073228517,-0.70591597,0.073718489,0.70063243,0.026116654,0.0061014184,-0.0094734165
7.8305,0.14132352,0.096241392,0.041027697,0.073488179,-0.70377654,0.073435714,0.70278394,0.015435362,0.010982493,-0.009728679
7.8405,0.14141227,0.096369986,0.040965835,0.073717759,-0.70161412,0.073191573,0.70494419,0.011092763,0.012367826,-0.0040673256
7.8505,0.1414787,0.096499215,0.040905143,0.073924653,-0.69957895,0.072974472,0.70696476,0.0097030879,0.011430937,-0.0040808935
7.8605,0.14151408,0.096573845,0.040894513,0.074052377,-0.697883,0.072749329,0.70864878,0.003877802,0.0019376477,0.0050493598
7.8705,0.14150864,0.09657241,0.040965244,0.074032882,-0.69669132,0.072479303,0.70985004,0.0036026047,-0.0039712803,0.0074648288
7.8805,0.14150839,0.096533671,0.041029158,0.073969709,-0.69593988,0.072257051,0.71061599,-0.0013624189,-0.0032333186,0.0049134264
7.8905,0.1414491,0.096507096,0.041066237,0.073887745,-0.69544972,0.072070729,0.71112313,-0.0063876884,-0.0030623989,0.0025697474
7.9005,0.14137839,0.096520874,0.041138196,0.07394653,-0.6949519,0.072008417,0.71160983,-0.0059396939,0.0043382314,0.010485385
7.9105,0.14132183,0.096586912,0.041269212,0.074197955,-0.69432223,0.072092293,0.71218959,-0.0050770152,0.0080207629,0.014526808
7.9205,0.14128191,0.096676486,0.041426488,0.074538037,-0.69363149,0.072273265,0.71280854,-0.003628039,0.0099557519,0.014930798
7.9305,0.14124736,0.096826385,0.041743438,0.074942097,-0.69242356,0.072368872,0.71393,-0.001399118,0.018634173,0.048974531
7.9405,0.14122475,0.097064871,0.042307581,0.075332326,-0.69047321,0.072392171,0.71577312,0.0013260799,0.02715561,0.062723157
7.9505,0.14121008,0.097354347,0.043032513,0.075766748,-0.68807094,0.07231514,0.71804477,0.0021526759,0.02915848,0.079287127
7.9605,0.14121656,0.097665817,0.043756332,0.076040917,-0.68614807,0.072184688,0.71986664,0.0045321736,0.030985875,0.069866729
7.9705,0.1412459,0.097981875,0.044402541,0.076097669,-0.68509691,0.072028379,0.72087675,0.0052093905,0.030660588,0.063322498
7.9805,0.14128856,0.098292832,0.044978963,0.076048482,-0.68457023,0.071882352,0.72139667,0.0058222306,0.029873916,0.056352642
7.9905,0.14136441,0.098556238,0.045449294,0.075773546,-0.68490199,0.071768024,0.72112203,0.0095193027,0.023303708,0.037753286
8.0005,0.14148033,0.098756107,0.045776387,0.075344021,-0.68620793,0.071637644,0.7199375,0.012281348,0.017440659,0.030831103
8.0105,0.14162423,0.09890498,0.045983503,0.074847325,-0.6880558,0.071529657,0.71823436,0.013975175,0.012684012,0.020996083
8.0205,0.14180765,0.09897597,0.046165098,0.074193248,-0.6904031,0.071391026,0.71606022,0.018913763,0.0025038065,0.016546877
8.0305,0.1420366,0.098949235,0.046285118,0.073395942,-0.69328437,0.071202359,0.7133723,0.022015356,-0.0056910771,0.0084734831
8.0405,0.14228422,0.098865987,0.046334916,0.072549642,-0.69638924,0.070994493,0.71044941,0.022459463,-0.009068106,0.0029041531
8.0505,0.14252938,0.098754168,0.046350672,0.071636247,-0.69947261,0.070701488,0.7075363,0.022581685,-0.01194373,0.0011554809
8.0605,0.14276334,0.098625561,0.046357565,0.07066563,-0.70239709,0.070303722,0.70477095,0.0218132,-0.012940056,0.00062188304
8.0705,0.1429819,0.098494528,0.046362213,0.069697102,-0.70510696,0.069859663,0.70220091,0.020552129,-0.012833117,0.00049427996
8.0805,0.1431944,0.098361613,0.046381196,0.068777005,-0.7075445,0.069405678,0.69988096,0.021229197,-0.013620999,0.0026894622
8.0905,0.14341189,0.098222404,0.046406964,0.067901046,-0.7097242,0.068991145,0.69779741,0.022500318,-0.013117349,0.0013891543
8.1005,0.14362908,0.098083993,0.046427989,0.067062596,-0.71165819,0.068632657,0.69594166,0.021192912,-0.014114729,0.0031726692
8.1105,0.14386378,0.097961567,0.046521793,0.06657344,-0.71308785,0.068392822,0.69454742,0.024982817,-0.010474015,0.016563572
8.1205,0.14413173,0.097871469,0.046777213,0.066433926,-0.71383575,0.068373338,0.69379402,0.026445737,-0.0076599163,0.031561934
8.1305,0.14436942,0.09780402,0.046992842,0.066497328,-0.71459794,0.068494967,0.69299086,0.016308517,-0.0049028066,0.0054845071
8.1405,0.144564,0.0977996,0.047003793,0.06673045,-0.71592292,0.068968271,0.69155246,0.014560089,0.0053084098,-0.0039330106
8.1505,0.14477299,0.097882579,0.046906497,0.067229065,-0.71743166,0.069814462,0.68985362,0.01422502,0.013012242,-0.015087114
8.1605,0.14499001,0.098024424,0.046701929,0.067888456,-0.71899736,0.070878086,0.68804815,0.013715614,0.01801798,-0.025097414
8.1705,0.14524233,0.098190501,0.046346959,0.068689975,-0.72072134,0.072160151,0.68602868,0.018061408,0.01898984,-0.043708897
8.1805,0.1455399,0.098360969,0.045850599,0.069599572,-0.72261667,0.073619145,0.68378452,0.020752238,0.019553818,-0.053968484
8.1905,0.14585664,0.09853565,0.045269134,0.070546784,-0.72455571,0.075137441,0.68146646,0.021267941,0.020109462,-0.061484037
8.2005,0.14618639,0.098703186,0.044518822,0.071534057,-0.72668739,0.076751025,0.67890912,0.022013392,0.018700047,-0.085681851
8.2105,0.14652306,0.098857432,0.043587197,0.072541869,-0.72904978,0.078442472,0.67607017,0.020975687,0.018002027,-0.088138192
8.2205,0.14683335,0.09900889,0.042928824,0.073535366,-0.73096412,0.079992769,0.67371,0.020168519,0.01702236,-0.051236791
8.2305,0.14710942,0.099165754,0.042457149,0.074475733,-0.73257819,0.081402328,0.67168164,0.016240831,0.018747634,-0.045671818
8.2405,0.1473872,0.099278019,0.041871014,0.075247758,-0.73435511,0.082658217,0.66949829,0.018413491,0.0052558914,-0.047876129
8.2505,0.14759235,0.099256764,0.04164294,0.075580711,-0.73527186,0.08320866,0.66838549,0.015451033,-0.0058362755,-0.0062280702
8.2605,0.14775572,0.099181201,0.041667337,0.075721841,-0.73549486,0.083369539,0.66810406,0.015034185,-0.0084344982,0.0076798358
8.2705,0.14791358,0.099079271,0.041775335,0.075798363,-0.73544103,0.083381747,0.66815312,0.016445388,-0.011714385,0.012292462
8.2805,0.14807948,0.098954344,0.041899111,0.075845815,-0.73532418,0.083347699,0.66828058,0.017025369,-0.013216259,0.011790804
8.2905,0.14825505,0.098850934,0.041975305,0.075953896,-0.73462325,0.083243805,0.66905169,0.020147491,-0.0090660039,0.0044710298
8.3005,0.14843843,0.098781936,0.041996077,0.076136708,-0.73322784,0.083071916,0.67058124,0.021201263,-0.0060810157,0.0006594461
8.3105,0.14861764,0.098742917,0.041989008,0.076349727,-0.73150527,0.082869281,0.67246074,0.020749131,-0.0034804057,-0.0013059546
8.3205,0.14879168,0.098754063,0.041974939,0.076671865,-0.72924637,0.082553303,0.67491192,0.022067066,0.0032437264,-0.0019310418
8.3305,0.14895336,0.098805031,0.041861739,0.076787382,-0.72659944,0.082247173,0.67778489,0.021566375,0.0059592593,-0.010339822
8.3405,0.14911662,0.098895106,0.041780771,0.077021352,-0.72373175,0.081894047,0.68086227,0.021682978,0.00865181,-0.0067610034
8.3505,0.14928214,0.099005479,0.041679045,0.077210017,-0.7209338,0.081471439,0.68385341,0.023065185,0.011861169,-0.0080007548
8.3605,0.14950963,0.099129866,0.041579431,0.077501311,-0.71833999,0.081030836,0.68659684,0.031788883,0.010417517,-0.008589365
8.3705,0.14979729,0.099240238,0.041507556,0.077765019,-0.71590553,0.08069108,0.68914499,0.03400771,0.0098099982,-0.01097622
8.3805,0.1501099,0.09932848,0.041421371,0.077993084,-0.71360391,0.080403982,0.69153578,0.036527445,0.006330287,-0.0071117021
8.3905,0.15043769,0.099390105,0.041338549,0.07821201,-0.71139801,0.080150892,0.69380947,0.036867331,0.0043673013,-0.0075907073
8.4005,0.15076557,0.099438796,0.041254716,0.078421724,-0.70930776,0.079913872,0.69594993,0.036299326,0.0037460738,-0.0074372531
8.4105,0.15108254,0.099483376,0.041178173,0.078490135,-0.70725777,0.079825155,0.69803559,0.034527382,0.0041261947,-0.0064135051
8.4205,0.15135195,0.099529878,0.041113029,0.078470872,-0.70518319,0.079829286,0.70013304,0.024719178,0.0049491118,-0.0052800248
8.4305,0.15151041,0.099602413,0.041037903,0.078685296,-0.70306051,0.079605768,0.70226595,0.015507781,0.0081171154,-0.0075358598
8.4405,0.15160208,0.099705405,0.040953398,0.079005082,-0.70095646,0.079311437,0.7043635,0.011037539,0.0098016347,-0.006127255
8.4505,0.15166892,0.099812164,0.040890008,0.079341901,-0.69894056,0.079009556,0.70636,0.0097380651,0.0096005418,-0.011878562
8.4605,0.15170274,0.099869312,0.04087289,0.079605365,-0.69728818,0.078722379,0.70799362,0.0034899138,0.00088709892,0.0044161312
8.4705,0.15169049,0.099860358,0.040951555,0.079748965,-0.6961178,0.078360652,0.70916833,0.001593488,-0.0052843608,0.0091723986
8.4805,0.15166796,0.099808052,0.041054774,0.079943446,-0.69537086,0.077883496,0.70993139,-0.0026905667,-0.004416816,0.0060368843
8.4905,0.15159964,0.099776221,0.04109739,0.079924247,-0.69490448,0.077597254,0.71042138,-0.0074027764,-0.0038184156,0.0023099236
8.5005,0.15152237,0.099784919,0.041163408,0.079954338,-0.69442506,0.077506389,0.71089655,-0.006146257,0.0039725558,0.0097098154
8.5105,0.15146387,0.099849597,0.041280496,0.080127931,-0.6938107,0.077599757,0.71146645,-0.0048498302,0.0086650487,0.012196919
8.5205,0.15142459,0.099952949,0.041380613,0.080218698,-0.69316265,0.077960055,0.71204826,-0.0035236927,0.011396271,0.011392309
8.5305,0.15139394,0.10010437,0.041708891,0.080663865,-0.6919514,0.077957701,0.71317544,-0.00071764076,0.01960945,0.046695532
8.5405,0.15137511,0.10034705,0.042289204,0.081035142,-0.6899869,0.077944669,0.71503567,0.0010543692,0.02555627,0.068206573
8.5505,0.15136374,0.10063738,0.043009829,0.081448722,-0.68758406,0.077834177,0.71731172,0.0031205367,0.030345827,0.07311604
8.5605,0.15137043,0.10093559,0.043753938,0.081806907,-0.68564515,0.077559347,0.7191543,0.0047952854,0.029105414,0.070359757
8.5705,0.15139942,0.1012382,0.044382359,0.081757506,-0.68458461,0.077453932,0.72018089,0.0053262286,0.029663401,0.063042218
8.5805,0.15143838,0.10152074,0.044975871,0.0818736,-0.68404961,0.077083913,0.72071556,0.0059614393,0.026975149,0.057078817
8.5905,0.15151605,0.10177194,0.045444498,0.081403762,-0.68437034,0.077106662,0.72046182,0.010161188,0.023692668,0.036496466
8.6005,0.15163326,0.10195871,0.045771272,0.080954084,-0.68567857,0.076930156,0.71928651,0.012340584,0.016311725,0.028453388
8.6105,0.15177881,0.10209513,0.046001613,0.080405761,-0.68751142,0.076806989,0.71760967,0.014209874,0.011564291,0.02205296
8.6205,0.15196007,0.10216012,0.046151009,0.07970342,-0.68987386,0.076676647,0.71543142,0.018756274,0.0019110418,0.014089023
8.6305,0.15218653,0.10212724,0.046257683,0.078864901,-0.6927647,0.076499949,0.7127448,0.021814233,-0.0062463724,0.007944149
8.6405,0.15243135,0.10203845,0.046306212,0.077983753,-0.69587483,0.076304237,0.70982704,0.022271028,-0.0096128235,0.0030028905
8.6505,0.15267408,0.10192083,0.04632591,0.077040446,-0.69895928,0.076023169,0.70692374,0.022411971,-0.012459503,0.001641998
8.6605,0.15290613,0.10178757,0.046338964,0.076039891,-0.70187925,0.075640385,0.70417468,0.021896902,-0.01338488,0.0019140511
8.6705,0.15312395,0.1016525,0.046352865,0.07504429,-0.70457402,0.075210849,0.70163177,0.020485675,-0.013203589,0.0011753794
8.6805,0.15333402,0.10151624,0.046373405,0.074097334,-0.70701603,0.074773132,0.69931888,0.020900467,-0.013862307,0.0027323981
8.6905,0.15354566,0.10137374,0.046404497,0.073223419,-0.70920014,0.074347844,0.69724163,0.021135727,-0.014459462,0.0035128981
8.7005,0.15376081,0.10123615,0.046422491,0.072330205,-0.71113675,0.07403473,0.69539322,0.021167172,-0.013697948,0.0025747881
8.7105,0.15399002,0.10110816,0.046535844,0.071888195,-0.71257764,0.073738489,0.69399412,0.024532333,-0.010891368,0.020351249
8.7205,0.1542544,0.10101511,0.046812633,0.071764875,-0.71332141,0.073692839,0.69324724,0.026226443,-0.007929736,0.032373698
8.7305,0.15449999,0.10094718,0.047059652,0.071809643,-0.71398608,0.073829569,0.69254346,0.017700933,-0.0040896696,0.0080994677
8.7405,0.15471011,0.10096186,0.047094932,0.072061397,-0.71523724,0.074366419,0.69116747,0.015896964,0.0073626962,-0.0014601195
8.7505,0.15493177,0.10105969,0.047020088,0.072573924,-0.71669126,0.075267145,0.68950817,0.015268279,0.014287678,-0.012941919
8.7605,0.15515846,0.10120942,0.046834094,0.073236385,-0.71821537,0.076370421,0.68772863,0.014544856,0.018674518,-0.023409866
8.7705,0.15541793,0.10137758,0.046493106,0.074030671,-0.71990705,0.077681367,0.68572509,0.018688036,0.019117561,-0.042496132
8.7805,0.15572031,0.10154561,0.046005532,0.074924279,-0.72177821,0.079161705,0.68348811,0.021225119,0.019295895,-0.053151434
8.7905,0.15604098,0.10171461,0.045431253,0.075849987,-0.72369689,0.080694995,0.68117392,0.021705253,0.019585464,-0.060820153
8.8005,0.15637303,0.10187444,0.044683851,0.076809954,-0.72581371,0.082320782,0.67861475,0.022192989,0.018040954,-0.085765727
8.8105,0.15671276,0.10201903,0.043737488,0.077787716,-0.72818717,0.084027644,0.67574542,0.021669855,0.016998188,-0.10238514
8.8205,0.15703255,0.10216009,0.042885255,0.078742609,-0.73037369,0.085653081,0.6730657,0.019806743,0.016920393,-0.06402647
8.8305,0.15730821,0.10231734,0.042328442,0.079650364,-0.73213628,0.087102746,0.67085423,0.013729395,0.019276064,-0.048072545
8.8405,0.1575352,0.10247123,0.041914645,0.080393474,-0.73363686,0.088290523,0.66896834,0.013356311,0.011286387,-0.025569609
8.8505,0.15769352,0.10249842,0.04181277,0.080681765,-0.73440594,0.088773366,0.6680252,0.011587118,-0.0013663258,-0.00087568277
8.8605,0.15782081,0.10246022,0.041851019,0.080799584,-0.7346526,0.088917724,0.66772047,0.011592577,-0.0050851806,0.0063297451
8.8705,0.15795004,0.10238341,0.041933562,0.080857269,-0.7346863,0.088935261,0.66767407,0.013244208,-0.0094004774,0.0088406218
8.8805,0.15808667,0.10227781,0.042021199,0.080893784,-0.73465714,0.088909552,0.66770516,0.014228088,-0.011600867,0.0082370043
8.8905,0.15823842,0.10218478,0.042065474,0.080995846,-0.73402589,0.088811357,0.66839974,0.018231211,-0.0085411583,0.0016703596
8.9005,0.15840772,0.10211667,0.042062778,0.081184287,-0.73266941,0.088633933,0.66988706,0.0199143,-0.0063000994,-0.0012989901
8.9105,0.15857653,0.10207022,0.042045036,0.081453176,-0.73095485,0.088378933,0.67175856,0.019735848,-0.0048485337,-0.0020085127
8.9205,0.15873582,0.10206704,0.041970389,0.081654224,-0.7287628,0.088088254,0.6741497,0.021129386,0.0019819082,-0.0070150591
8.9305,0.15889825,0.10211975,0.041882036,0.081898167,-0.72608568,0.087712755,0.67705151,0.021775322,0.0058007898,-0.0083342577
8.9405,0.15905656,0.10219979,0.041787192,0.082147162,-0.72324059,0.087293296,0.68011379,0.020973162,0.0073739458,-0.0096613211
8.9505,0.15922211,0.10230843,0.041687332,0.082373496,-0.72042275,0.0868618,0.68312568,0.023073855,0.010568923,-0.0091701395
8.9605,0.1594457,0.1024153,0.041599547,0.082759064,-0.71781347,0.086296125,0.68589193,0.031609513,0.0088386015,-0.0072188994
8.9705,0.15973253,0.10251533,0.041528929,0.083048585,-0.71536987,0.085922633,0.68845202,0.034010683,0.0088834664,-0.010239338
8.9805,0.1600454,0.1025962,0.041444099,0.083276654,-0.71305709,0.085636515,0.69085525,0.036583453,0.0056725544,-0.0071728161
8.9905,0.16037387,0.10265251,0.041355194,0.083486765,-0.71085082,0.085392466,0.69313001,0.036919093,0.0038957993,-0.0075054376
9.0005,0.1607022,0.10269832,0.041267439,0.083688668,-0.70875612,0.085164017,0.69527553,0.036341299,0.0036013633,-0.0073244551
9.0105,0.16102984,0.1027428,0.041184438,0.083892858,-0.70674271,0.084942721,0.6973245,0.036367606,0.0037066725,-0.007719902
9.0205,0.16130905,0.10279807,0.041102858,0.084131086,-0.70472308,0.084689293,0.69936762,0.024214193,0.0060627691,-0.0083318594
9.0305,0.16145602,0.10289452,0.04102821,0.084421375,-0.70255197,0.084373786,0.70155172,0.014744053,0.010494987,-0.0087435154
9.0405,0.16154235,0.10301675,0.040958689,0.084678339,-0.70038937,0.084094548,0.7037133,0.011223862,0.011602134,-0.0083253851
9.0505,0.16160956,0.10313572,0.040904148,0.084912036,-0.69834186,0.083839418,0.70574751,0.010042889,0.010634961,-0.0089605022
9.0605,0.161643,0.10319839,0.04090124,0.085049284,-0.696661,0.083575437,0.70742153,0.0036980473,0.0010180179,0.0055570236
9.0705,0.16164737,0.10318108,0.040973936,0.085033975,-0.69549736,0.083279726,0.70860224,0.0050847248,-0.0061048997,0.00747309
9.0805,0.16164248,0.10313793,0.041034809,0.084972625,-0.69475988,0.083039444,0.70936085,-0.0020336859,-0.0034041848,0.0046113792
9.0905,0.16157763,0.10311034,0.041069421,0.084892021,-0.69427713,0.082840632,0.70986621,-0.0068664275,-0.0032120843,0.0023475694
9.1005,0.16150446,0.10312359,0.041140222,0.084953889,-0.6937799,0.082766247,0.71035346,-0.0060274719,0.0042765338,0.010468245
9.1105,0.16144733,0.10318932,0.041271824,0.085211224,-0.69314287,0.082835845,0.71093617,-0.0050619438,0.0079816363,0.014637877
9.1205,0.16140767,0.10327852,0.041420364,0.085546265,-0.69244163,0.083010906,0.71155858,-0.0040198719,0.0098137709,0.0087493562
9.1305,0.16137574,0.10342955,0.0417486,0.085985416,-0.69122265,0.083069389,0.71268312,-0.0011324505,0.018538606,0.049761162
9.1405,0.16135486,0.10366494,0.042312962,0.086394436,-0.68926021,0.08306845,0.71453201,0.0015832665,0.026632429,0.063780494
9.1505,0.16134368,0.103945,0.043043871,0.086899063,-0.68684056,0.082916524,0.7168148,0.002591,0.028055605,0.077908536
9.1605,0.16135486,0.10424589,0.043771376,0.087185774,-0.68490168,0.082768872,0.71864988,0.0052079342,0.030293946,0.066655861
9.1705,0.16138565,0.10454777,0.044415523,0.087296884,-0.68384255,0.082554362,0.71966895,0.0051863965,0.028756907,0.063677539
9.1805,0.1614281,0.10484199,0.045002976,0.087236598,-0.68329153,0.082416234,0.72021526,0.0065993785,0.029607297,0.051158676
9.1905,0.16150501,0.10507787,0.045487225,0.087031157,-0.68362009,0.082208977,0.71995197,0.0097814992,0.018250143,0.043150098
9.2005,0.16162497,0.10525193,0.045816857,0.086609442,-0.6849352,0.082002953,0.71877541,0.012908549,0.017289081,0.021506587
9.2105,0.16177758,0.10539384,0.046015593,0.085835554,-0.68678019,0.08209855,0.71709487,0.014765653,0.011813357,0.022082431
9.2205,0.16196164,0.10543984,0.046202357,0.085326897,-0.68914767,0.08177396,0.71491805,0.018927256,-6.4401874e-05,0.015922778
9.2305,0.16219121,0.10539802,0.046323949,0.084534886,-0.69203643,0.081562161,0.71224086,0.022149783,-0.0064171784,0.0087136986
9.2405,0.1624385,0.10530928,0.046374805,0.083615726,-0.69513792,0.081422701,0.70933915,0.02241557,-0.0093331452,0.0031340078
9.2505,0.16268193,0.10519447,0.046389919,0.0826168,-0.69822094,0.081215147,0.70644609,0.022380173,-0.012083159,0.0012121617
9.2605,0.16291336,0.10506486,0.046395332,0.081550271,-0.70114675,0.080914555,0.70370137,0.021537912,-0.012986196,0.00070108668
9.2705,0.16312873,0.10493159,0.046398341,0.080505918,-0.7038618,0.080548354,0.70114857,0.020234146,-0.013042962,0.0005086593
9.2805,0.16333838,0.10479855,0.046416328,0.079501728,-0.70630309,0.080179279,0.6988467,0.020909171,-0.013520269,0.0029067137
9.2905,0.16355177,0.10465893,0.046436312,0.078561395,-0.70849196,0.079830709,0.69677421,0.022129329,-0.012972087,-0.0054546436
9.3005,0.16376489,0.10452169,0.046417818,0.07767789,-0.71046164,0.079529121,0.69489965,0.020651215,-0.013980469,0.0013318578
9.3105,0.16399518,0.10440232,0.046534371,0.077141972,-0.71189651,0.079332732,0.69351192,0.024614668,-0.010262092,0.021219341
9.3205,0.16425967,0.10430947,0.046816024,0.076990139,-0.71263977,0.079321787,0.69276629,0.026165597,-0.0082135452,0.032829066
9.3305,0.16449481,0.10423547,0.047038844,0.077068551,-0.71339969,0.079433808,0.69196213,0.016467532,-0.0043891961,0.004324299
9.3405,0.16469683,0.104246,0.047038095,0.077338971,-0.71473348,0.079961786,0.69049319,0.015111655,0.0069579857,-0.0051897512
9.3505,0.16491323,0.10433865,0.046929139,0.077850295,-0.71624328,0.080862465,0.68876422,0.01478704,0.013854405,-0.016241658
9.3605,0.16513677,0.10448287,0.046713723,0.078501902,-0.71780622,0.081970031,0.68692983,0.0142859,0.018246777,-0.026146103
9.3705,0.1653945,0.10464499,0.046348861,0.079279539,-0.71952383,0.083288442,0.68488192,0.018565174,0.018623535,-0.04465407
9.3805,0.16569652,0.10480624,0.045844416,0.080153193,-0.72140875,0.084778211,0.68261082,0.021211599,0.018769936,-0.054798629
9.3905,0.16601771,0.10496823,0.04525768,0.081057832,-0.72333367,0.086321622,0.68026952,0.0218684,0.019034247,-0.061752665
9.4005,0.16635192,0.10512063,0.04450602,0.081996002,-0.72544508,0.087958102,0.67769422,0.022570947,0.017439392,-0.085686793
9.4105,0.16669224,0.10525844,0.043574953,0.082948977,-0.72778324,0.089673025,0.67484055,0.021464563,0.016750482,-0.088079976
9.4205,0.16700587,0.10539523,0.042916873,0.083899978,-0.72967459,0.091245879,0.67246559,0.02051219,0.015996866,-0.051234457
9.4305,0.16728353,0.10553866,0.042444638,0.084806545,-0.73126755,0.092678196,0.67042253,0.016390365,0.017691006,-0.045745624
9.4405,0.16755765,0.10563272,0.041874942,0.085531279,-0.73299401,0.093935016,0.66826671,0.01766618,0.0032985468,-0.044022895
9.4505,0.16775327,0.10559383,0.041667655,0.085831022,-0.73386287,0.09447046,0.66719836,0.014729734,-0.0075061679,-0.0052906828
9.4605,0.1679098,0.10550058,0.04169764,0.085982701,-0.73408082,0.09460628,0.66691976,0.014480517,-0.010226192,0.0076349561
9.4705,0.16806374,0.10538069,0.041802413,0.086057846,-0.73403753,0.094614516,0.66695655,0.016063318,-0.013411786,0.01175472
9.4805,0.1682266,0.10523985,0.041920462,0.08609909,-0.73393447,0.094584456,0.6670689,0.016751355,-0.014695479,0.011263099
9.4905,0.1684007,0.10512483,0.04199145,0.086210494,-0.73324651,0.094476872,0.6678259,0.019933194,-0.010014032,0.0040060291
9.5005,0.16858288,0.10504816,0.042007713,0.086411172,-0.73186265,0.094288668,0.66934283,0.021119819,-0.0068015203,0.0002525522
9.5105,0.16876205,0.1050036,0.041996889,0.086649658,-0.73015133,0.094063098,0.67121011,0.020690361,-0.004030068,-0.0016178063
9.5205,0.1689382,0.10501399,0.041971409,0.086945792,-0.72791469,0.093771983,0.67363747,0.022350324,0.00305075,-0.0027892503
9.5305,0.16910325,0.10506366,0.041874743,0.087212284,-0.72526416,0.093366406,0.67651211,0.021944394,0.0059172892,-0.0084458662
9.5405,0.16926391,0.10514329,0.0417756,0.087461808,-0.72242185,0.092967224,0.67956912,0.021414506,0.007276513,-0.0090199831
9.5505,0.16943378,0.10525148,0.041684137,0.087753117,-0.71959641,0.092515268,0.6825843,0.023255107,0.0099564398,-0.0098454489
9.5605,0.16965928,0.10535831,0.041590887,0.08814889,-0.71700289,0.09195539,0.68533264,0.031713387,0.0086978568,-0.007402795
9.5705,0.16994716,0.10545624,0.041522007,0.0884562,-0.71456437,0.091570899,0.68788664,0.034057609,0.0085430304,-0.010513599
9.5805,0.17026057,0.10553385,0.041436143,0.088705528,-0.71226059,0.091263754,0.69028045,0.036595858,0.0052380898,-0.0072016569
9.5905,0.17058933,0.10558636,0.041348337,0.088938345,-0.71006041,0.090996872,0.69254873,0.036923725,0.0034755147,-0.0075283868
9.6005,0.17091759,0.10562866,0.041261696,0.089161414,-0.70797203,0.090746619,0.69468762,0.036302676,0.0032146712,-0.007357869
9.6105,0.17124525,0.10567,0.04117997,0.089384868,-0.7059637,0.090504875,0.69673127,0.036376988,0.0033594358,-0.007799999
9.6205,0.17153482,0.10571982,0.041100753,0.089655179,-0.70396821,0.090219216,0.69874974,0.025377212,0.0051297634,-0.0082328779
9.6305,0.17169026,0.10580759,0.041028825,0.089971532,-0.70181967,0.089878024,0.70091099,0.015250743,0.0096757666,-0.0089730701
9.6405,0.17177918,0.10592319,0.040964899,0.090242255,-0.69966198,0.089576991,0.70306857,0.011392088,0.011068714,-0.0091986085
9.6505,0.17184729,0.10603778,0.040907267,0.090486166,-0.69762602,0.089308647,0.70509159,0.0099094432,0.0098361714,-0.0039695295
9.6605,0.17188073,0.10609943,0.040899709,0.090635991,-0.69595798,0.089040445,0.70675272,0.003561317,0.0010708069,0.005218829
9.6705,0.17186884,0.10609519,0.04096812,0.090622642,-0.69479631,0.088736522,0.70793464,0.00258824,-0.0043301119,0.0069774907
9.6805,0.17186643,0.10604841,0.041026979,0.090556143,-0.69407799,0.088490578,0.70867817,-0.001410062,-0.0039941758,0.0045000805
9.6905,0.1718055,0.10601812,0.041059729,0.090465704,-0.6936153,0.088283226,0.70916841,-0.0065874158,-0.0033097234,0.0021287482
9.7005,0.17173491,0.10602977,0.041128491,0.090517009,-0.69313321,0.088197189,0.70964377,-0.005757502,0.0040354809,0.010318658
9.7105,0.17167948,0.10609325,0.041259048,0.090765014,-0.69250534,0.088252877,0.71021792,-0.0048872559,0.0077597108,0.014591198
9.7205,0.1716387,0.10618152,0.041407169,0.091096117,-0.69182859,0.08841148,0.7108151,-0.003808668,0.0097136569,0.0081335559
9.7305,0.17161181,0.10633719,0.041719262,0.091484563,-0.69061459,0.088501021,0.71193372,-0.00079292281,0.019277331,0.04668287
9.7405,0.17159212,0.10657516,0.042307572,0.091937626,-0.68863036,0.088441214,0.71380239,0.0014622716,0.026288629,0.068619679
9.7505,0.17157461,0.10686155,0.043030585,0.092491473,-0.68623231,0.088219726,0.71606412,0.0016723458,0.028541939,0.082029295
9.7605,0.17157683,0.10716393,0.043765821,0.092751421,-0.68427074,0.088086373,0.71792167,0.0038732881,0.029513957,0.072431106
9.7705,0.17159136,0.10746081,0.044419508,0.092773366,-0.68318786,0.087937368,0.71896764,0.0038947024,0.027282385,0.066686773
9.7805,0.1716133,0.10773529,0.04501866,0.09278461,-0.68263339,0.087694465,0.71952231,0.0045523447,0.026905158,0.060997337
9.7905,0.17167417,0.10797606,0.045473649,0.092472722,-0.68297975,0.087584055,0.71924717,0.0085522848,0.018649874,0.042537219
9.8005,0.17178429,0.10814911,0.045803088,0.092005231,-0.68429074,0.087417615,0.71808034,0.012415666,0.015837941,0.029894429
9.8105,0.17192774,0.10827048,0.046035524,0.091442759,-0.68612549,0.087286906,0.7164154,0.014004796,0.0088410627,0.022422186
9.8205,0.17211041,0.10831982,0.046211882,0.090721014,-0.68847207,0.087160078,0.71426817,0.018913235,0.00093996246,0.016055905
9.8305,0.17233779,0.1082783,0.04633541,0.089830182,-0.69133126,0.087040375,0.71162884,0.021838451,-0.0069365971,0.0089141721
9.8405,0.17258121,0.10818248,0.046387115,0.088896622,-0.69442829,0.086908245,0.70874093,0.022052328,-0.010134322,0.0030454195
9.8505,0.17282072,0.10805985,0.046402395,0.087901061,-0.69751614,0.086692038,0.70585347,0.021988458,-0.012871425,0.0010305001
9.8605,0.17304787,0.10792142,0.046406911,0.086853621,-0.70045406,0.086368841,0.70310809,0.021128029,-0.013839785,0.00041788378
9.8705,0.17325946,0.1077812,0.046409177,0.08581718,-0.70317994,0.085991808,0.70055606,0.019876467,-0.013688162,0.00029818011
9.8805,0.17346319,0.10764049,0.046421277,0.084835883,-0.70564662,0.085598388,0.69823967,0.020149375,-0.01421348,0.0019160671
9.8905,0.17366917,0.10749483,0.04644699,0.083925957,-0.70784397,0.085217136,0.69616908,0.021137596,-0.014333136,0.0019746774
9.9005,0.17387955,0.10735057,0.046461326,0.083025639,-0.70980112,0.084919872,0.69431818,0.020513595,-0.014717075,0.0025110295
9.9105,0.17410447,0.10721549,0.04657079,0.082572629,-0.71125922,0.084641214,0.69291265,0.024263902,-0.011329211,0.019599167
9.9205,0.17436661,0.10711625,0.046841208,0.08242267,-0.71201172,0.084625928,0.69215913,0.025995461,-0.008571573,0.031943243
9.9305,0.1746072,0.10704175,0.047067564,0.082444797,-0.71273303,0.084788586,0.69139379,0.017170236,-0.0045931141,0.0056101736
9.9405,0.17481399,0.1070484,0.047078119,0.082661734,-0.71403178,0.085351719,0.68995706,0.015642555,0.0066155705,-0.0038485578
9.9505,0.17503411,0.10713579,0.046980619,0.083134288,-0.71551501,0.086273191,0.68824697,0.015230709,0.013391415,-0.015072555
9.9605,0.17526077,0.10727375,0.046774984,0.083754572,-0.71705659,0.087393526,0.68642362,0.014676748,0.017708096,-0.025222379
9.9705,0.17552102,0.10742859,0.046417614,0.084503266,-0.71875594,0.088721307,0.6843812,0.018881768,0.01798426,-0.043988446
9.9805,0.17582452,0.10758178,0.045916804,0.085348104,-0.72062662,0.090219663,0.68210951,0.02147029,0.018074421,-0.054340819
9.9905,0.17614738,0.10773522,0.045333898,0.086225068,-0.72253734,0.091770567,0.67976701,0.022152046,0.018316443,-0.06135482
10.0005,0.17648326,0.10787891,0.04458559,0.08713474,-0.72463451,0.093415646,0.67718969,0.022792763,0.016735173,-0.085431701
10.0105,0.17682579,0.10800772,0.04363821,0.08805753,-0.72698489,0.095146551,0.67430407,0.022099578,0.015794053,-0.10242464
10.0205,0.17714341,0.10813641,0.042887513,0.088975204,-0.72900118,0.096762113,0.67177212,0.020315075,0.015753306,-0.056947697
10.0305,0.17741938,0.10827737,0.042379027,0.089858727,-0.73065028,0.098217233,0.66964838,0.015122576,0.017600437,-0.046211234
10.0405,0.17766263,0.1084012,0.04191855,0.090594839,-0.73221706,0.099473477,0.66764945,0.014585756,0.0069196912,-0.033593523
10.0505,0.17782987,0.10839038,0.041766111,0.090893355,-0.73305123,0.10001353,0.66661203,0.012023173,-0.005059986,-0.0031607077
10.0605,0.17796377,0.1083189,0.041794697,0.091016678,-0.73330396,0.1001763,0.66629271,0.01222376,-0.0085110883,0.0066028297
10.0705,0.17809611,0.1082172,0.041881314,0.091083923,-0.73329999,0.10019391,0.66628525,0.013659559,-0.011684103,0.0096646494
10.0805,0.17823915,0.10809099,0.041979725,0.091125254,-0.73324548,0.1001661,0.66634375,0.014760194,-0.013265577,0.0093247906
10.0905,0.17839589,0.10798528,0.04203429,0.091243721,-0.73259322,0.10005381,0.66706146,0.018714503,-0.0095814427,0.00260904
10.1005,0.17856837,0.10791127,0.042039651,0.091458053,-0.73122622,0.099853309,0.66856036,0.020279109,-0.0067245171,-0.00065156817
10.1105,0.1787418,0.10786628,0.042021335,0.091713217,-0.72951995,0.099612143,0.67042282,0.020133768,-0.0041064538,-0.0022397231
10.1205,0.1789117,0.10787057,0.041975439,0.092005632,-0.72731011,0.099284987,0.67282796,0.021026279,1.5823263e-05,-0.011189209
10.1305,0.17907584,0.10791685,0.041886788,0.092298088,-0.72464408,0.098846936,0.6757228,0.021436827,0.0051516244,-0.010702635
10.1405,0.17923344,0.10799151,0.041781461,0.092565545,-0.72179625,0.098421715,0.67878934,0.021201693,0.0067705089,-0.0093330382
10.1505,0.17940037,0.10809284,0.041683052,0.092839215,-0.71897205,0.097953713,0.68181019,0.022848582,0.0096195166,-0.010709135
10.1605,0.17962215,0.10819765,0.041592876,0.093181392,-0.71635018,0.097440971,0.68459105,0.031306276,0.0083827908,-0.0089805037
10.1705,0.17990543,0.10829155,0.041511454,0.093493207,-0.71391133,0.097039496,0.68714843,0.033634459,0.0079103893,-0.0075789626
10.1805,0.18021464,0.10836508,0.041422056,0.093779242,-0.71159572,0.096699995,0.689555,0.036178039,0.004604443,-0.0073730841
10.1905,0.18053926,0.10841122,0.04133689,0.094053244,-0.70937788,0.096394651,0.6918418,0.036537709,0.0026488097,-0.0077813495
10.2005,0.18086378,0.10844516,0.041253844,0.094315228,-0.70727494,0.096107626,0.69399577,0.035946323,0.0022028702,-0.0078742186
10.2105,0.18118075,0.10847594,0.041176403,0.094470305,-0.70522366,0.095932331,0.69608328,0.034594132,0.0025744234,-0.0071468363
10.2205,0.18146826,0.10850796,0.041109393,0.09444454,-0.70317085,0.09594118,0.69815921,0.027590282,0.0028850509,-0.0049486381
10.2305,0.18164272,0.10856473,0.041024717,0.094659116,-0.70108426,0.095714036,0.70025662,0.016264597,0.0067979417,-0.012093716
10.2405,0.1817377,0.10865408,0.040947313,0.095017597,-0.69897157,0.095368149,0.7023641,0.011201117,0.0082522758,-0.0055160532
10.2505,0.18180431,0.10874693,0.040901216,0.095408271,-0.69692987,0.095003177,0.70438655,0.0097835646,0.008200989,-0.013198832
10.2605,0.18183672,0.10879699,0.040874363,0.095715621,-0.69529778,0.094665611,0.70600137,0.003078877,0.00044789013,0.0035471399
10.2705,0.18181025,0.1087951,0.040944411,0.095874958,-0.69414305,0.094265484,0.7071686,-0.0015355185,-0.0033340303,0.0080235794
10.2805,0.18177252,0.10875184,0.041047157,0.0960841,-0.69339331,0.093751031,0.70794372,-0.0031910206,-0.0042604646,0.0066189878
10.2905,0.18171149,0.10873273,0.041086125,0.096079596,-0.69294619,0.093426251,0.70842489,-0.0051631189,-0.0013784194,0.00071469237
10.3005,0.18165051,0.10874926,0.041139682,0.096110314,-0.69250421,0.093314355,0.70886752,-0.0048610976,0.004028404,0.0088262353
10.3105,0.18160257,0.10881001,0.04125456,0.096305456,-0.69190991,0.093371215,0.70941367,-0.004108857,0.007368214,0.013274325
10.3205,0.18156918,0.10889862,0.041377074,0.096509186,-0.6912633,0.09360375,0.70998547,-0.0027243186,0.010713603,0.011153736
10.3305,0.18154785,0.10904836,0.041697619,0.096870046,-0.69006892,0.093677401,0.71108763,4.9229395e-05,0.018314204,0.048721218
10.3405,0.18153641,0.10927022,0.042274344,0.097295563,-0.68808958,0.093599694,0.7129554,0.001647105,0.021809328,0.068601905
10.3505,0.18152927,0.10952888,0.043024332,0.097854886,-0.68566903,0.093328034,0.71524282,0.0030185989,0.027129354,0.072377819
10.3605,0.18154457,0.10981443,0.043718498,0.097956821,-0.68372226,0.093299535,0.71709381,0.0051528144,0.025982791,0.069710616
10.3705,0.18157447,0.1100701,0.044428195,0.098234473,-0.68261952,0.092840531,0.71816517,0.0056359179,0.024609544,0.064988395
10.3805,0.18161822,0.11033264,0.045002763,0.098090525,-0.68205395,0.092717246,0.7187379,0.0068052195,0.027227415,0.053297973
10.3905,0.18169285,0.11056123,0.045447686,0.0977091,-0.68239582,0.092633917,0.71847605,0.0094551147,0.016955826,0.042221065
10.4005,0.18180711,0.11071628,0.045788903,0.097208053,-0.68368749,0.092457817,0.71733783,0.012769279,0.014869749,0.026886874
10.4105,0.1819511,0.11081876,0.046028927,0.096626632,-0.6855017,0.092310967,0.71570203,0.013852602,0.0087815625,0.019411649
10.4205,0.18212857,0.11085576,0.046205895,0.095898969,-0.68784245,0.092177447,0.71356813,0.018392347,-0.00050015172,0.01637887
10.4305,0.18234901,0.11080318,0.046326036,0.094999859,-0.69072199,0.092042308,0.71091939,0.021299852,-0.0077660762,0.0085280325
10.4405,0.18258769,0.11070095,0.046375934,0.094040477,-0.69382958,0.091916833,0.70803121,0.021708779,-0.010629817,0.0029372193
10.4505,0.18282367,0.11057409,0.046390807,0.093014346,-0.69692192,0.091715748,0.70514991,0.02172017,-0.013205045,0.0010392568
10.4605,0.18304788,0.11043256,0.046395468,0.091936827,-0.69986207,0.091410036,0.70241363,0.020898972,-0.014113675,0.00047152748
10.4705,0.18325688,0.11028971,0.04639808,0.090872898,-0.70258929,0.091050176,0.69987161,0.019660544,-0.013931464,0.00034605272
10.4805,0.18345977,0.1101456,0.046414428,0.089868851,-0.70504642,0.090671331,0.69757569,0.020204428,-0.014655598,0.0022343395
10.4905,0.18366567,0.10999577,0.046437133,0.088931812,-0.70725319,0.090310771,0.69550559,0.021210539,-0.014456325,0.0015155361
10.5005,0.18387538,0.10985024,0.0464475,0.087994462,-0.70921319,0.090043906,0.6936611,0.020368577,-0.01484144,0.0023727743
10.5105,0.18409755,0.10971161,0.046559393,0.087541412,-0.71067457,0.089760804,0.69225801,0.023884841,-0.011999595,0.020081213
10.5205,0.18435685,0.10960841,0.046830916,0.087387989,-0.71142602,0.089744688,0.69150723,0.025814079,-0.0086376414,0.031627087
10.5305,0.18459987,0.10953292,0.04706645,0.087377221,-0.71210042,0.089934699,0.69078937,0.017596511,-0.0046241893,0.0071026629
10.5405,0.18481034,0.10953769,0.047091963,0.08758125,-0.71335816,0.090509857,0.68938931,0.016102726,0.0064127959,-0.0023109985
10.5505,0.18503446,0.10962168,0.047009352,0.088049671,-0.71481034,0.091435769,0.6877012,0.015690291,0.013086704,-0.01368506
10.5605,0.18526509,0.10975541,0.046816817,0.088666854,-0.71632647,0.092558091,0.68589181,0.015122857,0.017357102,-0.024061132
10.5705,0.18552891,0.10990521,0.046470126,0.089409301,-0.71800357,0.093888724,0.68385799,0.019272467,0.017558002,-0.043076109
10.5805,0.18583541,0.11005266,0.045977498,0.090243857,-0.71985435,0.095392025,0.68159087,0.021809166,0.017611505,-0.053661823
10.5905,0.18616093,0.11020009,0.045400706,0.091107888,-0.72174746,0.096949358,0.67925016,0.022500859,0.017841827,-0.060777765
10.6005,0.18649928,0.11033763,0.044657059,0.092001254,-0.72382814,0.098603432,0.67667271,0.023138806,0.016251434,-0.084847042
10.6105,0.18684433,0.11046017,0.043714993,0.092904907,-0.72616085,0.10034588,0.67378765,0.022398677,0.015341615,-0.10196029
10.6205,0.18716762,0.11058085,0.042889656,0.093797161,-0.72827442,0.10199827,0.67112951,0.020401068,0.015354146,-0.06210478
10.6305,0.18744629,0.11071716,0.042345087,0.09466446,-0.72998583,0.10347044,0.66891943,0.014115526,0.017298812,-0.046951216
10.6405,0.18767615,0.11084746,0.041924329,0.095396506,-0.73148376,0.10469986,0.66698497,0.013368795,0.0087319361,-0.026699105
10.6505,0.18783094,0.11085334,0.041810104,0.09564851,-0.73225241,0.10524709,0.66601864,0.01100694,-0.0036527785,-0.0012796325
10.6605,0.18795074,0.1107919,0.04184707,0.09577903,-0.73250959,0.10539187,0.6656941,0.010712326,-0.0078695554,0.0066778063
10.6705,0.18807037,0.11069388,0.041932377,0.095865989,-0.73256217,0.10538807,0.66562432,0.012354921,-0.011081908,0.0088843725
10.6805,0.18820037,0.11057597,0.042020537,0.095905525,-0.73254202,0.10536201,0.66564492,0.013733921,-0.012491652,0.0082417067
10.6905,0.1883488,0.11047467,0.042064619,0.096012233,-0.73191446,0.10526051,0.66633557,0.017971816,-0.0093688015,0.0017412216
10.7005,0.18851693,0.11040049,0.042061906,0.09622576,-0.73055915,0.10506079,0.66782195,0.019916958,-0.0068811383,-0.0012940944
10.7105,0.18868716,0.11035668,0.042038474,0.096494992,-0.72881966,0.10480566,0.66972113,0.01999522,-0.00421279,-0.0026796811
10.7205,0.18885155,0.11035355,0.041971843,0.096774967,-0.72662832,0.10444096,0.67211456,0.021220924,0.00091033391,-0.0077253517
10.7305,0.18901608,0.1103987,0.041884399,0.097094616,-0.72395774,0.10399323,0.67501351,0.021629593,0.0046382758,-0.0085632043
10.7405,0.18917464,0.11046658,0.041788464,0.097413942,-0.72111732,0.10350441,0.67807608,0.020719242,0.005391141,-0.011339219
10.7505,0.18934212,0.11056387,0.041686451,0.097711531,-0.71830498,0.10301357,0.68108635,0.023379305,0.010038851,-0.0091440603
10.7605,0.18957696,0.11067464,0.041590888,0.098010606,-0.71568495,0.10257708,0.68386177,0.032406021,0.0088091615,-0.0097082336
10.7705,0.18987082,0.11076933,0.041497717,0.098314475,-0.71327587,0.10218758,0.68638873,0.034502885,0.007739135,-0.010088863
10.7805,0.19018753,0.11083699,0.041417885,0.098622914,-0.71096683,0.10182698,0.68878949,0.036772645,0.0038042087,-0.0067029597
10.7905,0.1905176,0.1108764,0.041325258,0.098922315,-0.70878175,0.10149341,0.69104407,0.036899376,0.0019793175,-0.0093547226
10.8005,0.19084469,0.11090365,0.041250742,0.099215529,-0.70667976,0.10117787,0.69319768,0.036117398,0.00155191,-0.0062929594
10.8105,0.19116024,0.11093017,0.041187432,0.099348649,-0.70460159,0.10102816,0.6953127,0.034548848,0.0022455104,-0.0065887855
10.8205,0.191426,0.11096094,0.041120121,0.099409099,-0.70251442,0.10095047,0.69742406,0.024303123,0.0031292537,-0.005582216
10.8305,0.19158221,0.11101773,0.041039577,0.099693127,-0.7003911,0.10064729,0.69955965,0.015393582,0.0062110453,-0.0073575396
10.8405,0.19167458,0.1111029,0.040955608,0.10007618,-0.6982833,0.10027915,0.7016618,0.011186617,0.0077052969,-0.0062144509
10.8505,0.19174301,0.11119042,0.040900981,0.10047398,-0.69625462,0.099908508,0.70367093,0.0097969605,0.0072764655,-0.0075366616
10.8605,0.19177274,0.11122964,0.040907804,0.10073846,-0.69457583,0.099513785,0.70534614,0.0032133654,-0.00097157138,0.0054744315
10.8705,0.19175562,0.11120796,0.040989394,0.10084582,-0.69341876,0.099049277,0.70653364,0.0014333431,-0.006903153,0.0089413841
10.8805,0.191729,0.11114543,0.04108709,0.10102065,-0.69269717,0.098515518,0.70729071,-0.0030127137,-0.0049736419,0.0053048459
10.8905,0.19165722,0.11111296,0.041122093,0.1009938,-0.69225172,0.098198334,0.7077746,-0.0075847968,-0.0037388193,0.0015720476
10.9005,0.19158098,0.11112267,0.041182497,0.10102979,-0.69177926,0.098086774,0.70824673,-0.0058912009,0.0039073029,0.0093355527
10.9105,0.19152672,0.11119015,0.041287233,0.1011779,-0.69115953,0.09820508,0.70881401,-0.0042498144,0.0093460396,0.010751037
10.9205,0.19149183,0.11129089,0.041388741,0.10134477,-0.69049697,0.098495528,0.70939538,-0.0032686415,0.0089532167,0.011562855
10.9305,0.19146624,0.11143467,0.041716586,0.1017809,-0.68926757,0.098515246,0.71052488,-0.00058752788,0.01803714,0.047540583
10.9405,0.19144608,0.11165245,0.042316136,0.10233829,-0.68727873,0.098326838,0.71239501,0.0017334973,0.024040052,0.069092254
10.9505,0.19143881,0.11192719,0.043029762,0.10281539,-0.68486931,0.098165425,0.71466536,0.0027858223,0.027587438,0.078302712
10.9605,0.19144528,0.1122126,0.043767104,0.10310987,-0.68290666,0.097976583,0.71652455,0.0041259585,0.027409184,0.07119814
10.9705,0.19146212,0.11248998,0.044431749,0.10316606,-0.68180996,0.097777425,0.71758729,0.0040572902,0.026547258,0.065682218
10.9805,0.19148394,0.11275184,0.045025863,0.10310475,-0.68124538,0.097592596,0.71815724,0.0042854373,0.024786088,0.06179298
10.9905,0.19154175,0.11297339,0.045491727,0.102849,-0.68157953,0.097440613,0.71789746,0.0079650653,0.019619992,0.032308133
11.0005,0.19164726,0.11313285,0.04582423,0.1023683,-0.68287569,0.097326281,0.71674899,0.01164509,0.013070783,0.032822669
11.0105,0.19178327,0.11324036,0.046045495,0.1017841,-0.68470605,0.097250634,0.71509436,0.013451282,0.008915546,0.02195748
11.0205,0.19195946,0.11327315,0.046236393,0.10102522,-0.68705415,0.097177935,0.71295648,0.018192495,-0.0010573406,0.017147884
11.0305,0.19217815,0.11321421,0.046359146,0.10011181,-0.68994561,0.097073373,0.71030236,0.021043581,-0.008336322,0.0084954
11.0405,0.1924147,0.11310621,0.046407285,0.099145754,-0.69306369,0.096967265,0.70741091,0.021475644,-0.011183453,0.0025664667
11.0505,0.19264876,0.11297322,0.046420429,0.098115884,-0.69616267,0.09678064,0.70453127,0.021521007,-0.013788886,0.00086235122
11.0605,0.1928727,0.11282652,0.046428768,0.097034001,-0.69909247,0.09648831,0.70181488,0.020873318,-0.014571527,0.00073178044
11.0705,0.19308086,0.11267965,0.046432282,0.095961186,-0.70181638,0.096145177,0.6992863,0.019527414,-0.014287247,0.00027442695
11.0805,0.19328073,0.11253298,0.046442959,0.094944066,-0.7042888,0.09578596,0.69698491,0.019770892,-0.014798733,0.0016887297
11.0905,0.19348464,0.11238382,0.046454938,0.093965176,-0.70650883,0.095471526,0.6949108,0.021312501,-0.014134785,0.00015542365
11.1005,0.19368954,0.11223451,0.046463917,0.093044625,-0.70848472,0.095193834,0.69305861,0.019905892,-0.015212863,0.0020579874
11.1105,0.19390662,0.11209287,0.046569348,0.092593407,-0.70997162,0.094913409,0.69163445,0.023366819,-0.012400931,0.019336052
11.1205,0.19416247,0.11198694,0.046833527,0.092432282,-0.71074074,0.094907828,0.6908664,0.025501265,-0.0091416146,0.031314266
11.1305,0.19440328,0.11190667,0.047066207,0.092425419,-0.71142816,0.095093433,0.69013386,0.017227356,-0.0057713189,0.0073436331
11.1405,0.19461035,0.11190125,0.047092804,0.092604862,-0.71268422,0.095661967,0.68873386,0.015961071,0.0055467986,-0.0022951604
11.1505,0.19483295,0.11197681,0.047009459,0.093045805,-0.71413157,0.09658961,0.68704369,0.015698892,0.01241104,-0.013791896
11.1605,0.19506346,0.11210355,0.046815243,0.093636648,-0.71564176,0.097717938,0.68523007,0.015237454,0.016828397,-0.0242326
11.1705,0.19532793,0.11224705,0.046466441,0.094353896,-0.71731187,0.099057986,0.68318997,0.019426277,0.01707665,-0.043278388
11.1805,0.19563514,0.1123886,0.045969994,0.095163979,-0.71915649,0.10057367,0.68091313,0.021993315,0.017170325,-0.053840544
11.1905,0.19596216,0.11253038,0.045391306,0.096005661,-0.72104124,0.10214437,0.67856391,0.02273641,0.017443551,-0.060913679
11.2005,0.19630218,0.11266261,0.044645506,0.096876724,-0.72311304,0.1038139,0.67597715,0.02326288,0.015926788,-0.085405615
11.2105,0.19664952,0.11277986,0.043703694,0.09775819,-0.72543367,0.10557351,0.6730851,0.022691839,0.014995892,-0.10184276
11.2205,0.19697461,0.11289552,0.042879775,0.098631389,-0.72753404,0.1072411,0.67042182,0.020592217,0.014989099,-0.061959475
11.2305,0.19725449,0.11302664,0.042334206,0.099474117,-0.72923568,0.10873393,0.66820443,0.014227908,0.017105647,-0.047591704
11.2405,0.19748255,0.11315006,0.04192092,0.10016168,-0.73069942,0.10996338,0.66629877,0.013055706,0.0080846307,-0.02545705
11.2505,0.19763305,0.11314628,0.041815607,0.10042281,-0.73145362,0.11046574,0.66534816,0.010720142,-0.0037487168,-0.0016171726
11.2605,0.19775242,0.1130793,0.041850924,0.10052583,-0.73170898,0.11062015,0.6650261,0.011071794,-0.0081300226,0.0063924019
11.2705,0.19787357,0.11297895,0.041932368,0.10057392,-0.73177551,0.11064594,0.66494132,0.012366351,-0.011205704,0.0087249707
11.2805,0.19800301,0.11285953,0.042019399,0.10060752,-0.73176491,0.11062338,0.66495166,0.013465484,-0.012594945,0.0081875182
11.2905,0.19814954,0.11275613,0.042063892,0.1007312,-0.7311424,0.11050599,0.66563687,0.017805985,-0.0096755626,0.0017072533
11.3005,0.19831623,0.11267974,0.042061976,0.10096972,-0.72977819,0.11028295,0.66713311,0.019832616,-0.0068265419,-0.001213212
11.3105,0.19848538,0.11263236,0.042038507,0.10125771,-0.72804572,0.11001063,0.66902464,0.019865627,-0.0046768998,-0.002737066
11.3205,0.19864975,0.11262579,0.041971707,0.10156277,-0.72586488,0.1096351,0.67140549,0.021281539,0.00069176708,-0.0071077499
11.3305,0.19881304,0.11266477,0.041882879,0.10190119,-0.72320111,0.10916272,0.6742995,0.021835106,0.0038960389,-0.0081766114
11.3405,0.1989721,0.11272735,0.04178736,0.1022469,-0.72036352,0.10865514,0.67735961,0.021352742,0.0055251185,-0.008295255
11.3505,0.19913883,0.11281629,0.04168666,0.10255789,-0.71755323,0.10813261,0.68037238,0.023415863,0.009366288,-0.0081479397
11.3605,0.19937234,0.11292092,0.041588647,0.10287839,-0.71493014,0.10767388,0.68315244,0.032217188,0.0080263104,-0.0087016704
11.3705,0.19966386,0.11300833,0.041496719,0.10320413,-0.71251167,0.10726557,0.68568952,0.034230402,0.0068954054,-0.0094028906
11.3805,0.19997786,0.11306811,0.041420261,0.10353437,-0.71019066,0.10688793,0.68810234,0.036497696,0.0029532595,-0.0066010405
11.3905,0.20030487,0.11309931,0.041339534,0.10385727,-0.70798158,0.10653698,0.69038078,0.036618086,0.0011301553,-0.0072974313
11.4005,0.20062956,0.11312063,0.041255863,0.10416416,-0.70588833,0.10620611,0.69252564,0.035813589,0.00091180634,-0.0071699792
11.4105,0.20094487,0.1131416,0.041179423,0.10433568,-0.70383099,0.10601678,0.69461964,0.03444538,0.001539274,-0.0063601404
11.4205,0.20122183,0.11316549,0.041115361,0.10437517,-0.70175308,0.10596118,0.69672137,0.025764705,0.0022432035,-0.0051490961
11.4305,0.2013865,0.11321501,0.041039451,0.10465215,-0.69963802,0.10566684,0.6988484,0.015792484,0.0056515404,-0.0076245907
11.4405,0.20148085,0.11329547,0.040954371,0.10504748,-0.69753658,0.10528716,0.70094391,0.011215158,0.0072366426,-0.0064643311
11.4505,0.20154867,0.11337907,0.040902468,0.10546444,-0.6955054,0.10489675,0.70295531,0.0097076862,0.0068934005,-0.0080841331
11.4605,0.20157759,0.11341759,0.040905795,0.105754,-0.69383319,0.10449262,0.70462252,0.0030000032,-0.00090195436,0.0051835197
11.4705,0.20155022,0.11340531,0.040984622,0.10587818,-0.69267512,0.10402289,0.70581175,-0.00063755806,-0.0050299833,0.0085245182
11.4805,0.20151488,0.11334871,0.041084425,0.10608423,-0.69195722,0.10346455,0.70656665,-0.0033665116,-0.0051128919,0.005725537
11.4905,0.20144556,0.11332077,0.041119252,0.10607848,-0.69152521,0.10312854,0.70703942,-0.0071731344,-0.0031103627,0.0012462266
11.5005,0.20137263,0.11333473,0.041177912,0.10611952,-0.69106237,0.10301226,0.70750259,-0.0056559057,0.0041625675,0.0092448196
11.5105,0.20132019,0.11340318,0.041284105,0.10627633,-0.69044516,0.1031214,0.70806554,-0.0041023893,0.0093313003,0.010978879
11.5205,0.20128679,0.11350618,0.041385078,0.10639856,-0.68977731,0.10345611,0.70864902,-0.0031532248,0.0098003294,0.012076784
11.5305,0.20126206,0.11364936,0.041724247,0.10692864,-0.68855319,0.10337801,0.70977022,-0.00015243958,0.018275786,0.047542347
11.5405,0.20125056,0.11387888,0.042304728,0.10733822,-0.6865611,0.10333965,0.71164126,0.0019004127,0.024116233,0.067701236
11.5505,0.20124707,0.11414726,0.043038108,0.1078818,-0.68413161,0.10310985,0.71392844,0.0037005877,0.027246779,0.079211185
11.5605,0.20125704,0.11442288,0.04377703,0.10824104,-0.68216815,0.10284906,0.71578807,0.0042834307,0.027328755,0.062882904
11.5705,0.20127852,0.1146881,0.044445899,0.10838273,-0.68107708,0.10255634,0.71684684,0.0048919926,0.024285619,0.063326662
11.5805,0.20131753,0.11494559,0.045042748,0.10835109,-0.6805049,0.10234533,0.71742495,0.005908059,0.026351264,0.051653957
11.5905,0.20138999,0.11516267,0.045510127,0.10801796,-0.68082853,0.10222745,0.7171849,0.0099043516,0.017281732,0.042393444
11.6005,0.20150501,0.11531241,0.045846369,0.1074257,-0.68209456,0.10216663,0.7160787,0.012351513,0.012524278,0.032375126
11.6105,0.20164551,0.1154135,0.046079846,0.10680301,-0.68390379,0.10212486,0.7144503,0.013533273,0.0086939507,0.019725571
11.6205,0.2018211,0.11544241,0.046258847,0.10605759,-0.68624688,0.10206138,0.7123205,0.018066527,-0.0014502333,0.016485584
11.6305,0.20203868,0.11537896,0.046378928,0.10514021,-0.68913663,0.10197204,0.70967454,0.020915763,-0.0087797216,0.0084142592
11.6405,0.20227375,0.1152666,0.04642835,0.10415913,-0.6922538,0.10188506,0.70679204,0.021312715,-0.011535972,0.0028073821
11.6505,0.20250581,0.11513075,0.046442897,0.10310931,-0.69535537,0.10172012,0.70391931,0.021299003,-0.01403799,0.00096347109
11.6605,0.20272612,0.11498128,0.046447641,0.10200799,-0.69830451,0.10144857,0.70119425,0.020486221,-0.014840987,0.00040666638
11.6705,0.2029312,0.11483153,0.04644995,0.10091899,-0.70104122,0.10112279,0.69866354,0.019253502,-0.014572712,0.00025771646
11.6805,0.20312901,0.11468197,0.046463594,0.099889286,-0.70351351,0.10077715,0.69637262,0.019680305,-0.015162594,0.0020480074
11.6905,0.20332991,0.11452651,0.046484217,0.098932718,-0.7057365,0.10044296,0.69430507,0.020622855,-0.015259029,0.0014099946
11.7005,0.20353663,0.11437432,0.046489446,0.097975468,-0.70771818,0.10020239,0.69245596,0.02008187,-0.015490893,0.001751878
11.7105,0.20375467,0.11422947,0.046591997,0.097500217,-0.7092117,0.099946172,0.69103056,0.023399195,-0.012719068,0.019171611
11.7205,0.20401039,0.11411965,0.046854958,0.097331144,-0.70998417,0.099948465,0.69026041,0.025457479,-0.0094760078,0.031154332
11.7305,0.2042468,0.11403552,0.047073041,0.097324076,-0.71071722,0.10013508,0.68947953,0.016826903,-0.0056597557,0.0051573012
11.7405,0.20445153,0.11402935,0.047078581,0.097496645,-0.71201445,0.10071901,0.68803016,0.015707499,0.0055024454,-0.0043695614
11.7505,0.20467268,0.11410291,0.046975708,0.097921676,-0.7134887,0.10166287,0.68630159,0.015576488,0.012285421,-0.015626337
11.7605,0.20490263,0.11422688,0.0467646,0.098493386,-0.7150169,0.10280663,0.68445649,0.015223011,0.016650911,-0.025775275
11.7705,0.20516711,0.11436666,0.046401831,0.099189586,-0.716698,0.10416181,0.68238971,0.019459908,0.016796584,-0.044531695
11.7805,0.2054748,0.1145035,0.045895031,0.099977574,-0.71854705,0.10569234,0.68009099,0.02206886,0.016823779,-0.054840463
11.7905,0.20580242,0.11464012,0.045307673,0.1007973,-0.72043297,0.10727706,0.67772256,0.022852301,0.01706321,-0.061660094
11.8005,0.20614423,0.11476649,0.044558955,0.10164634,-0.72249817,0.1089602,0.67512376,0.023605796,0.015450657,-0.085202151
11.8105,0.20649301,0.11487787,0.04361712,0.10250337,-0.72480633,0.11073458,0.67222518,0.022817212,0.014625603,-0.098256716
11.8205,0.20681486,0.11498929,0.042893494,0.10336855,-0.72675028,0.11238043,0.66971606,0.020957832,0.014353998,-0.055384672
11.8305,0.20709382,0.11511039,0.042395211,0.10421603,-0.72835232,0.11385945,0.66759115,0.015409573,0.01587435,-0.045632934
11.8405,0.20734365,0.11521206,0.041904363,0.10492139,-0.72993663,0.11516756,0.66552269,0.015270409,0.0052009559,-0.039257021
11.8505,0.20751638,0.11518436,0.041721216,0.10519253,-0.7308012,0.11576653,0.66442626,0.01224019,-0.0062197365,-0.0045839457
11.8605,0.20764979,0.11510103,0.041749141,0.10532982,-0.73105497,0.11592809,0.66409708,0.012149951,-0.0092504055,0.0069654933
11.8705,0.20778179,0.11499114,0.041844837,0.10540423,-0.73106826,0.11594292,0.66406806,0.013582324,-0.012173152,0.010589643
11.8805,0.2079244,0.11486135,0.041951655,0.10544087,-0.73101626,0.11592069,0.66412337,0.014679727,-0.01349677,0.010153932
11.8905,0.2080807,0.11475117,0.042013473,0.10557004,-0.73036068,0.11579915,0.66484494,0.0186274,-0.010207196,0.0032965081
11.9005,0.20825313,0.11467139,0.04202434,0.10581406,-0.72898931,0.11557195,0.66634908,0.020421318,-0.0075440092,-0.00020201612
11.9105,0.20842707,0.11462046,0.042009882,0.10610804,-0.72727974,0.11529569,0.66821566,0.02015511,-0.0048365249,-0.0018952904
11.9205,0.20859818,0.11461789,0.041979707,0.10647608,-0.72503168,0.11493209,0.67065828,0.021192177,0.00057870491,-0.006623476
11.9305,0.20875936,0.11465085,0.041881245,0.10679778,-0.72237343,0.11445618,0.67355077,0.021614577,0.0037400775,-0.0072257181
11.9405,0.20891684,0.11470668,0.041779101,0.10715013,-0.7195473,0.11392321,0.67660331,0.021355249,0.0049176068,-0.0082540581
11.9505,0.20908475,0.11478931,0.041683262,0.10752577,-0.71673639,0.11334486,0.67961761,0.023145631,0.0075226077,-0.010093568
11.9605,0.20931485,0.11488146,0.041594068,0.10791961,-0.71410908,0.1127999,0.68240587,0.031937131,0.0069624563,-0.011085542
11.9705,0.20960444,0.11496209,0.041512124,0.10827367,-0.71167336,0.11236409,0.68496142,0.034190796,0.0064186533,-0.0062764678
11.9805,0.2099195,0.11502322,0.041420786,0.10860522,-0.70936965,0.11198635,0.68735629,0.036623864,0.0033499382,-0.009666191
11.9905,0.21024807,0.11505696,0.041340318,0.10892764,-0.70715478,0.11163822,0.68964034,0.036846325,0.0014114417,-0.0068643586
12.0005,0.21057556,0.11508232,0.041258995,0.10923436,-0.70505617,0.11130838,0.6917905,0.036123842,0.0013480121,-0.0070955373
12.0105,0.21089475,0.1151067,0.041176184,0.10942103,-0.70301263,0.11110668,0.69387001,0.03470758,0.0016134964,-0.0053510943
12.0205,0.21118069,0.11513056,0.041119005,0.10944864,-0.70093649,0.11106495,0.69596955,0.027058138,0.0018913959,-0.0045589913
12.0305,0.21135332,0.11517677,0.041040575,0.10971731,-0.69883949,0.11077919,0.6980784,0.016165006,0.0052548901,-0.0069603306
12.0405,0.21144957,0.11525334,0.040958877,0.11012262,-0.69673954,0.110385,0.70017296,0.011278334,0.0067724263,-0.0063246705
12.0505,0.21151869,0.11533381,0.040889237,0.11055388,-0.69473878,0.10998208,0.70215369,0.0097918038,0.0066801933,-0.011735011
12.0605,0.21155122,0.11537587,0.040872191,0.11089903,-0.69309528,0.10960809,0.70378008,0.0030579972,5.4730784e-05,0.0041836713
12.0705,0.21152406,0.11537428,0.040945622,0.11108871,-0.69193993,0.10919085,0.70495091,-0.0019953824,-0.0029816981,0.0081155194
12.0805,0.21148512,0.11533474,0.041050474,0.11130326,-0.69118024,0.10867615,0.70574142,-0.0031049497,-0.0039789528,0.0069810683
12.0905,0.21142367,0.11531815,0.041090512,0.11130579,-0.6907322,0.10834491,0.70623043,-0.005334378,-0.0012465713,0.00066257798
12.1005,0.21136061,0.11532773,0.041140513,0.11134493,-0.69030702,0.10822309,0.70665854,-0.0049954669,0.0030229536,0.0082929961
12.1105,0.21131302,0.11538078,0.041250857,0.11154924,-0.68972922,0.10826494,0.7071839,-0.0040064582,0.0067391506,0.012886972
12.1205,0.21128048,0.11546175,0.041377595,0.11179203,-0.68908911,0.10844928,0.70774112,-0.0026101466,0.0098473703,0.011709943
12.1305,0.21125771,0.11560925,0.041670604,0.11203759,-0.68789956,0.10862117,0.70883229,-0.00086895259,0.017705831,0.047803022
12.1405,0.21123397,0.11581637,0.042285152,0.11269723,-0.68594473,0.10829063,0.71067032,0.0012556071,0.022686477,0.068214045
12.1505,0.21122679,0.11608068,0.042995244,0.11309664,-0.68351184,0.10817196,0.71296532,0.0032620558,0.027428491,0.073474011
12.1605,0.21123211,0.11634758,0.043746068,0.1135985,-0.6815755,0.10772675,0.71480428,0.0044659846,0.024449896,0.071769426
12.1705,0.21126148,0.11660839,0.044413614,0.11362621,-0.68046193,0.10752609,0.71589021,0.0052855515,0.026663114,0.050159233
12.1805,0.21129714,0.11686359,0.044977064,0.11333823,-0.67986191,0.10754882,0.71650225,0.0053038732,0.023817119,0.062482226
12.1905,0.21135827,0.11703847,0.045533757,0.11351831,-0.68018873,0.10687368,0.71626454,0.0088928135,0.014496797,0.047246252
12.2005,0.21146743,0.1171786,0.04588464,0.11301287,-0.68146705,0.10670146,0.71515421,0.012320028,0.014084387,0.02478108
12.2105,0.21161563,0.11730902,0.046025168,0.11190284,-0.6832689,0.10710101,0.71354799,0.014531672,0.013464808,0.0062028122
12.2205,0.21179422,0.11736082,0.046106052,0.11077036,-0.68563851,0.10737026,0.71140803,0.018065914,-0.00020322162,0.012587474
12.2305,0.2120073,0.11729787,0.04620902,0.10975013,-0.6885445,0.10735058,0.70875753,0.020382328,-0.0093865087,0.008612751
12.2405,0.21223648,0.1171753,0.046270394,0.10878304,-0.6916743,0.1072296,0.70587161,0.020749297,-0.012895825,0.0041730825
12.2505,0.21246321,0.11702591,0.046305653,0.10778216,-0.69478295,0.1070018,0.70300091,0.020811738,-0.015501495,0.002685233
12.2605,0.21267892,0.11686371,0.046330872,0.10672908,-0.69773509,0.1066713,0.70028272,0.02006935,-0.016154569,0.0019335407
12.2705,0.2128801,0.11670298,0.046350461,0.1056778,-0.70047255,0.10629909,0.69776136,0.018908726,-0.015671322,0.0015167932
12.2805,0.21307439,0.11654456,0.0463777,0.10467473,-0.7029444,0.1059194,0.69548074,0.019381936,-0.016014191,0.0032272102
12.2905,0.21327221,0.11638141,0.046412395,0.10374362,-0.70515985,0.10555365,0.69343008,0.019876955,-0.01658578,0.0033878043
12.3005,0.21347079,0.11621526,0.046447301,0.10289671,-0.70713476,0.10520195,0.69159616,0.019850562,-0.016544661,-0.0032067741
12.3105,0.21369401,0.11607289,0.046536322,0.10234839,-0.70860183,0.10501565,0.69020284,0.023981556,-0.012349899,0.019429271
12.3205,0.21395262,0.11596023,0.046806894,0.10216385,-0.70935136,0.10503025,0.68945764,0.025631947,-0.010010589,0.032116058
12.3305,0.2141901,0.11587092,0.047034456,0.10216153,-0.71006852,0.10520875,0.68869212,0.016872637,-0.0065095352,0.0064615537
12.3405,0.21439323,0.11585265,0.047053382,0.10231828,-0.71134325,0.10577303,0.68726546,0.015744502,0.0043486487,-0.0031153998
12.3505,0.21461376,0.11591503,0.046962812,0.10272542,-0.71279347,0.10670214,0.68555643,0.015696732,0.011279454,-0.014489144
12.3605,0.21484386,0.11602901,0.046762632,0.10327873,-0.71429763,0.10783538,0.68372797,0.015397981,0.015780529,-0.024774793
12.3705,0.21510879,0.1161595,0.046409279,0.10395527,-0.71595501,0.10918446,0.68167476,0.019632191,0.015981908,-0.043679921
12.3805,0.21541712,0.11628737,0.04591114,0.10472246,-0.71778022,0.11071286,0.67938753,0.022232223,0.016069756,-0.054149184
12.3905,0.2157452,0.11641566,0.04533,0.10552113,-0.71964499,0.11229839,0.67702692,0.02300696,0.016379779,-0.061118957
12.4005,0.21608796,0.11653397,0.044587931,0.10634829,-0.72168843,0.11398537,0.67443546,0.023799844,0.01480056,-0.084598135
12.4105,0.21643784,0.11663767,0.043650469,0.10718198,-0.72397754,0.11576738,0.67154036,0.023126499,0.013974402,-0.10133828
12.4205,0.21676343,0.116741,0.042880138,0.10802136,-0.72597675,0.11743908,0.66895232,0.021030391,0.013905348,-0.058304586
12.4305,0.2170435,0.11685677,0.042361229,0.1088486,-0.72760734,0.11893477,0.66677887,0.014792362,0.015609146,-0.046357608
12.4405,0.21727788,0.11696211,0.041919926,0.10954026,-0.72910967,0.12022684,0.66478984,0.013265102,0.0059932132,-0.030748133
12.4505,0.21743167,0.11694335,0.041783181,0.10979249,-0.72991364,0.12080614,0.66376016,0.010744037,-0.0054535528,-0.0024602799
12.4605,0.21755279,0.11686807,0.041814298,0.10989909,-0.73018009,0.12098314,0.66341714,0.010948969,-0.0085630425,0.0065043891
12.4705,0.21767352,0.11676447,0.041900292,0.10995611,-0.73023766,0.12101002,0.66333943,0.012359772,-0.011454455,0.0093493295
12.4805,0.21780374,0.11664212,0.041994501,0.10999414,-0.73022004,0.12098643,0.66335682,0.013450161,-0.012771229,0.0088589978
12.4905,0.21795029,0.11653569,0.042045321,0.11013068,-0.7295885,0.12085851,0.66405202,0.01779733,-0.010085596,0.0022960678
12.5005,0.21811759,0.11645545,0.042048041,0.11038765,-0.7282308,0.12061949,0.66554144,0.01988756,-0.0075893533,-0.00088888628
12.5105,0.21828592,0.1163976,0.042040738,0.11074587,-0.72649272,0.12028328,0.6674396,0.019835063,-0.0053529377,-0.0015702828
12.5205,0.21844744,0.11638098,0.041971683,0.11105656,-0.72431685,0.11986176,0.66982438,0.020693396,-0.0011787956,-0.0096072826
12.5305,0.21861185,0.11641391,0.041893618,0.1114415,-0.7216288,0.11936182,0.6727447,0.02182591,0.0031211899,-0.0076002536
12.5405,0.21877111,0.11646962,0.041793931,0.11183128,-0.71879361,0.11882463,0.67580339,0.021211626,0.0045698995,-0.0090624791
12.5505,0.21893621,0.11655344,0.041690789,0.1121562,-0.71595073,0.11831639,0.6788496,0.02297163,0.0074879987,-0.0083949728
12.5605,0.21916598,0.11663278,0.04156983,0.11256123,-0.7133826,0.11772255,0.68158391,0.031946378,0.0053874428,-0.0091613775
12.5705,0.21945582,0.1166992,0.041501576,0.11295313,-0.71093376,0.11725414,0.68415367,0.034201144,0.0049658093,-0.0054282345
12.5805,0.21977174,0.11674773,0.041418857,0.1133122,-0.70862463,0.11685328,0.68655429,0.036730122,0.0022143793,-0.0095405259
12.5905,0.22010124,0.1167724,0.041339964,0.11365622,-0.70641226,0.1164853,0.68883609,0.036905192,0.00063435982,-0.0067543246
12.6005,0.22042981,0.11679262,0.041261251,0.11398069,-0.70431083,0.11613897,0.69098943,0.036219146,0.00094203329,-0.0071773068
12.6105,0.22075128,0.11681592,0.041174952,0.11417787,-0.7022712,0.1159263,0.69306542,0.034958197,0.0015288107,-0.0057113956
12.6205,0.22102888,0.1168395,0.04111484,0.11425633,-0.70018254,0.1158328,0.69517816,0.025512856,0.0019441761,-0.0049680769
12.6305,0.22119354,0.11688408,0.041037545,0.11456239,-0.69806989,0.11550515,0.6973037,0.01594581,0.0047740789,-0.0073278182
12.6405,0.22128932,0.11695674,0.040952981,0.11497744,-0.69597373,0.11509679,0.69939508,0.011317223,0.0063400582,-0.0062422159
12.6505,0.22135833,0.11703255,0.04089987,0.11541436,-0.69394909,0.11468284,0.70140005,0.0097720892,0.0060331908,-0.0077915201
12.6605,0.22138761,0.11706674,0.040905006,0.11572007,-0.69227961,0.11425981,0.7030665,0.0029628143,-0.0011317825,0.0053366962
12.6705,0.22135987,0.11705521,0.040982843,0.11584566,-0.69112902,0.11378416,0.70425395,-0.00071107373,-0.004884088,0.0083565224
12.6805,0.22132507,0.11700478,0.04108094,0.11602307,-0.69040029,0.11324578,0.70502587,-0.0031962044,-0.0043597717,0.0057462385
12.6905,0.22126164,0.11698754,0.041109758,0.11599782,-0.68997693,0.11291691,0.70549707,-0.0055113704,-0.0011297029,-0.00022220336
12.7005,0.22119882,0.11700869,0.041156536,0.11603123,-0.68954902,0.11279552,0.70592922,-0.0049493245,0.0043547999,0.008390232
12.7105,0.221151,0.11707186,0.041268547,0.11624381,-0.68895462,0.11283886,0.70646748,-0.0040253845,0.0076370429,0.012899186
12.7205,0.22112071,0.11716609,0.041378029,0.11641701,-0.68829849,0.11311211,0.7070346,-0.0024002774,0.011164726,0.010650604
12.7305,0.22109741,0.11730776,0.041715583,0.11692318,-0.68709671,0.11305204,0.70812875,-0.00011338893,0.017479649,0.05004069
12.7405,0.22108653,0.11752803,0.042278366,0.11734118,-0.68511175,0.11299568,0.70998937,0.0024009534,0.024144247,0.064317463
12.7505,0.2210767,0.11777941,0.043048242,0.11800842,-0.68267406,0.1126308,0.71228116,0.002741472,0.024385391,0.083159701
12.7605,0.2210822,0.11804669,0.043771965,0.1183269,-0.68072391,0.11239552,0.71412951,0.0048718856,0.027102333,0.065120078
12.7705,0.22111507,0.11830492,0.044435357,0.11838274,-0.67960018,0.11218364,0.71522301,0.0056241626,0.023485568,0.068335528
12.7805,0.22115152,0.11854896,0.045031489,0.11830726,-0.67900731,0.11200434,0.71582644,0.0052662719,0.023076291,0.06138061
12.7905,0.22121297,0.11875012,0.045504728,0.11801469,-0.67931915,0.11186787,0.71560017,0.0086683407,0.016467056,0.045457228
12.8005,0.22131567,0.11888897,0.045839491,0.11750146,-0.68060039,0.11177114,0.71448144,0.011216639,0.011297317,0.031981699
12.8105,0.22144642,0.11897421,0.046062827,0.11695906,-0.68242854,0.11164474,0.71284452,0.012834568,0.0066225241,0.020800429
12.8205,0.22161523,0.11898775,0.046254051,0.11621033,-0.6847702,0.11155194,0.71073279,0.017585574,-0.0025861832,0.017353409
12.8305,0.2218277,0.11891664,0.046381278,0.11524048,-0.68765143,0.11150089,0.70811206,0.020545181,-0.0092440041,0.0090272194
12.8405,0.22205873,0.11879996,0.046433842,0.11419214,-0.69076167,0.11147685,0.7052527,0.021003512,-0.011798749,0.0031335463
12.8505,0.22228738,0.11866168,0.046449828,0.11306724,-0.69385727,0.11138632,0.70240371,0.020998477,-0.01408738,0.0012431552
12.8605,0.22250386,0.11851008,0.046454318,0.11189587,-0.696805,0.11118586,0.6996998,0.020117469,-0.015035824,0.00048072891
12.8705,0.22270576,0.11835727,0.046458957,0.11075344,-0.69953554,0.11091533,0.69719545,0.019050112,-0.014889892,0.00081862313
12.8805,0.22290046,0.11820379,0.046472209,0.10968,-0.70201151,0.11061564,0.69492037,0.019260951,-0.015495709,0.0018046852
12.8905,0.2230969,0.11804569,0.046489076,0.10868056,-0.70424438,0.11032577,0.69286118,0.020321302,-0.015302058,0.00084746926
12.9005,0.22329898,0.11789107,0.046492626,0.10768794,-0.70623335,0.11012152,0.69102172,0.019576752,-0.015756475,0.0016488067
12.9105,0.22351217,0.11774258,0.046594079,0.10718892,-0.70773396,0.10988965,0.68959949,0.022955501,-0.013192744,0.019071958
12.9205,0.22376427,0.11762671,0.046855888,0.10700638,-0.70850921,0.10990551,0.6888288,0.025150293,-0.010115587,0.031031318
12.9305,0.22399841,0.11753645,0.047071956,0.10698682,-0.70924373,0.11010375,0.68804383,0.016713063,-0.0060968055,0.0049303691
12.9405,0.2242026,0.11752332,0.047075132,0.10713527,-0.71053725,0.11070328,0.68658841,0.01578435,0.0048174322,-0.0046137664
12.9505,0.22442433,0.11758744,0.046969791,0.10752883,-0.7120034,0.11166098,0.68485074,0.01577651,0.011445567,-0.015877942
12.9605,0.22465564,0.11770058,0.046756203,0.10806519,-0.71352107,0.11281674,0.68299486,0.015509429,0.015732234,-0.026024261
12.9705,0.22492158,0.11782802,0.046390986,0.10872156,-0.71518886,0.11418448,0.68091587,0.019731763,0.015723454,-0.044777849
12.9805,0.22523046,0.11795111,0.045881807,0.10946586,-0.71702209,0.11572916,0.67860394,0.022329956,0.015669509,-0.055075324
12.9905,0.22555919,0.11807349,0.045292155,0.11024095,-0.71889126,0.11732834,0.67622211,0.023118141,0.015900472,-0.061889016
13.0005,0.22590274,0.11818512,0.044543701,0.11104308,-0.72093531,0.11902813,0.67361266,0.02397044,0.014245762,-0.08502297
13.0105,0.22625337,0.11828174,0.043608494,0.11185041,-0.72321225,0.12082159,0.67071281,0.023068215,0.013536468,-0.094261521
13.0205,0.22657676,0.11837952,0.042908725,0.11267895,-0.72509984,0.12247942,0.66823085,0.021363579,0.013240481,-0.054076468
13.0305,0.22685764,0.1184863,0.04241696,0.11349776,-0.72666917,0.12397452,0.66610847,0.015473654,0.014719813,-0.045402319
13.0405,0.22711376,0.11856277,0.041881352,0.11416049,-0.72828934,0.12530847,0.66397275,0.016068319,0.0029822931,-0.04397333
13.0505,0.22729346,0.11851649,0.041674358,0.11441489,-0.72918323,0.12591605,0.66283195,0.012881349,-0.0072473064,-0.0056131576
13.0605,0.22743415,0.11842453,0.041699182,0.11452198,-0.72943171,0.12610202,0.66250463,0.012810374,-0.0096408248,0.0072045689
13.0705,0.22757192,0.11830927,0.041800857,0.11458563,-0.72942119,0.12612536,0.66250076,0.014323633,-0.012950206,0.011585195
13.0805,0.22771869,0.11817346,0.041917809,0.11462953,-0.72935453,0.12609575,0.66257219,0.015102372,-0.014137278,0.011146893
13.0905,0.22787897,0.11805637,0.041988857,0.11477492,-0.72869299,0.12595878,0.66330055,0.018803274,-0.010971299,0.0040767732
13.1005,0.22805345,0.11796937,0.042006118,0.11504468,-0.72732303,0.12570811,0.66480328,0.020518458,-0.0082917931,0.00031530238
13.1105,0.22822794,0.11791194,0.041996241,0.1153686,-0.72561662,0.12540462,0.66666655,0.020273745,-0.0057469094,-0.0015620231
13.1205,0.2284017,0.1179034,0.041971078,0.11577414,-0.72338218,0.12501325,0.66909361,0.022191476,0.00022445088,-0.0027670943
13.1305,0.2285661,0.11792837,0.04187313,0.11621806,-0.72074454,0.12445025,0.67196191,0.02148183,0.0025004338,-0.0094658641
13.1405,0.22873017,0.11798466,0.041794952,0.1166732,-0.7178621,0.12392265,0.67505892,0.021356625,0.0040057796,-0.0088362863
13.1505,0.22890028,0.11806332,0.041692785,0.1170565,-0.71505906,0.12336122,0.67806366,0.023576936,0.007614795,-0.0089250937
13.1605,0.22913434,0.11814304,0.041582984,0.11747274,-0.71249081,0.12278439,0.68079439,0.032201077,0.0053176748,-0.0081773638
13.1705,0.229427,0.11820878,0.041518444,0.11787425,-0.71004524,0.12231787,0.68335917,0.034459006,0.004928408,-0.0053351893
13.1805,0.22974505,0.11825793,0.041420921,0.11823714,-0.70776067,0.12191137,0.68573496,0.036841913,0.0019494815,-0.0079507829
13.1905,0.23007686,0.11828332,0.041341839,0.11859037,-0.70554925,0.12153423,0.688016,0.037188395,0.00083679769,-0.0088294173
13.2005,0.23040773,0.11830431,0.041257052,0.11892397,-0.70345714,0.12117634,0.69016044,0.03640616,0.00091431872,-0.0085761174
13.2105,0.23073092,0.11832472,0.041178852,0.11915733,-0.70141111,0.1209214,0.69224418,0.035228122,0.0012638342,-0.0076201023
13.2205,0.23101457,0.1183466,0.041108721,0.11923617,-0.69934343,0.12082389,0.69433644,0.026177595,0.0017064199,-0.0053386911
13.2305,0.23118337,0.11838831,0.041018808,0.11953833,-0.69725373,0.12049756,0.69643964,0.016201186,0.00458777,-0.011884223
13.2405,0.23127894,0.11845747,0.040942349,0.11996108,-0.69514661,0.12007089,0.69854385,0.011293275,0.0059235688,-0.0054673912
13.2505,0.23134687,0.1185294,0.040903453,0.12041271,-0.69310269,0.11963622,0.70056878,0.0097533698,0.0056691861,-0.008415319
13.2605,0.23137504,0.11856128,0.040903948,0.12072197,-0.69144619,0.11919416,0.70222584,0.0028093126,-0.0012900113,0.0049827611
13.2705,0.23134388,0.11855216,0.040977553,0.1208402,-0.69030465,0.11871063,0.7034095,-0.0014963228,-0.0040633813,0.0078731915
13.2805,0.2313047,0.11850521,0.041074674,0.12102361,-0.68958536,0.11815576,0.7041765,-0.0033781804,-0.0044623686,0.0059042817
13.2905,0.2312399,0.11848813,0.041104985,0.12101085,-0.68917093,0.11780796,0.70464252,-0.0056298735,-0.0011133461,-0.00020862107
13.3005,0.23117659,0.11851118,0.041153059,0.12104807,-0.68874476,0.11767757,0.70507447,-0.0049586894,0.0044949083,0.008531583
13.3105,0.23112874,0.11857549,0.041266571,0.12126238,-0.68814723,0.11771515,0.7056146,-0.0039983615,0.007715791,0.013062747
13.3205,0.23109876,0.11867027,0.041377831,0.12143781,-0.68748468,0.11798292,0.70618532,-0.0023315559,0.011198685,0.010845528
13.3305,0.23107612,0.11881198,0.041715637,0.12194497,-0.68627807,0.11791937,0.70728131,-3.2432893e-05,0.017432038,0.050014284
13.3405,0.23106582,0.11903123,0.042279712,0.12235857,-0.68428492,0.11786567,0.70914752,0.002398196,0.023955762,0.064106574
13.3505,0.23105544,0.11927936,0.04305011,0.12305758,-0.68184606,0.11746596,0.71143835,0.0026519434,0.024040096,0.083448275
13.3605,0.23105969,0.11954324,0.043775518,0.1233824,-0.67988976,0.11722275,0.71329203,0.004745493,0.026701884,0.065380062
13.3705,0.23109089,0.11979725,0.044442364,0.12344961,-0.67876136,0.11699784,0.71439115,0.0053797991,0.022829802,0.068886696
13.3805,0.2311247,0.12003516,0.045037383,0.12338997,-0.67816569,0.11680021,0.71499925,0.0046704834,0.022535405,0.055327962
13.3905,0.23118453,0.12022887,0.045516152,0.12310613,-0.67846829,0.11666242,0.71478356,0.0081932472,0.016442932,0.038768288
13.4005,0.23128686,0.12036248,0.045858029,0.12259969,-0.67973849,0.11658217,0.71367604,0.011143014,0.011115997,0.03146572
13.4105,0.23141853,0.12044812,0.046094274,0.12199212,-0.68154045,0.11655976,0.71206346,0.012684634,0.0071784625,0.019164977
13.4205,0.23158638,0.12046101,0.046273823,0.1212029,-0.68388445,0.11654148,0.70995071,0.017328316,-0.0028852295,0.016677685
13.4305,0.23179604,0.12038484,0.046395792,0.12022111,-0.68677393,0.11651473,0.70732791,0.02017421,-0.0097988745,0.0085879375
13.4405,0.23202353,0.12026218,0.04644531,0.11917063,-0.68989433,0.11649745,0.70446612,0.020638587,-0.012412483,0.0027446573
13.4505,0.23224854,0.12011695,0.046459707,0.11805369,-0.69300093,0.11640133,0.70161511,0.020637049,-0.01482739,0.00097790445
13.4605,0.232463,0.1199593,0.04646783,0.11688916,-0.69594543,0.11619555,0.69892451,0.019984758,-0.015585721,0.00084369018
13.4705,0.23266222,0.11980222,0.046471689,0.11574076,-0.698683,0.11593218,0.69642363,0.018654284,-0.015234896,0.00027284111
13.4805,0.23285283,0.11964628,0.046480848,0.11465494,-0.70117363,0.11564562,0.69414399,0.018801584,-0.015655259,0.001433156
13.4905,0.2330443,0.11948689,0.046495451,0.11364661,-0.70341727,0.11536509,0.69208344,0.019694303,-0.015578769,0.00083899627
13.5005,0.23324289,0.11933145,0.046495656,0.11263792,-0.70541536,0.1151772,0.6902435,0.019244238,-0.015804216,0.0013068574
13.5105,0.23345576,0.11918967,0.046595761,0.11203854,-0.70691247,0.11504062,0.68883074,0.022867782,-0.012862704,0.018993592
13.5205,0.23370419,0.11906466,0.046854129,0.11190779,-0.707711,0.11500824,0.68803699,0.024687083,-0.010894873,0.029701298
13.5305,0.23393518,0.11896824,0.047060516,0.11189711,-0.70845832,0.11519762,0.68723748,0.016501447,-0.0065814524,0.0041304253
13.5405,0.23413714,0.11894877,0.047056271,0.11203573,-0.70975859,0.11579604,0.68577111,0.015606729,0.004146643,-0.0053808909
13.5505,0.23435662,0.11900473,0.046943648,0.1124078,-0.7112296,0.11675277,0.68402173,0.01564232,0.01064531,-0.016598419
13.5605,0.23458593,0.11910859,0.046723259,0.11291717,-0.71275086,0.11790669,0.6821539,0.015421394,0.014859141,-0.02667622
13.5705,0.23484993,0.11922575,0.046351972,0.113543,-0.71442026,0.11927265,0.68006302,0.019648317,0.014756578,-0.045347598
13.5805,0.23515653,0.11933793,0.045835994,0.11425432,-0.71625472,0.12081645,0.67773779,0.022262275,0.014659217,-0.055518693
13.5905,0.23548354,0.11944906,0.04524231,0.11499678,-0.71812164,0.12241461,0.67534563,0.023081407,0.014897998,-0.062248613
13.6005,0.2358257,0.11954945,0.044491117,0.1157658,-0.72016081,0.12411462,0.67272747,0.023995846,0.013243881,-0.085124818
13.6105,0.23617463,0.11963546,0.043568062,0.11654172,-0.72241146,0.12590587,0.66984134,0.022867996,0.012826696,-0.087329651
13.6205,0.23649603,0.11972565,0.042912414,0.11735595,-0.72422463,0.12755195,0.66742547,0.021593915,0.012524105,-0.051348843
13.6305,0.23677784,0.11982433,0.042437181,0.11815476,-0.72574932,0.12905512,0.66533612,0.016338019,0.013972869,-0.04509368
13.6405,0.23704492,0.11988251,0.041867619,0.11878221,-0.72740565,0.1304085,0.66314812,0.017077318,0.0014130058,-0.046919095
13.6505,0.23723323,0.11982242,0.041645938,0.1190294,-0.72831509,0.13101723,0.66198461,0.013779619,-0.0084419327,-0.0061924486
13.6605,0.23738,0.11972191,0.041670936,0.11914262,-0.72855719,0.13119606,0.66166234,0.013406324,-0.010280558,0.0074782861
13.6705,0.23752508,0.11960209,0.041777961,0.11919384,-0.72852031,0.13122971,0.66168705,0.014953832,-0.013376423,0.012228537
13.6805,0.23767765,0.11946101,0.041900973,0.11923576,-0.72843912,0.13120101,0.66177456,0.015694436,-0.014743822,0.011757976
13.6905,0.23784327,0.11933776,0.041977269,0.11938748,-0.72777281,0.1310574,0.66250836,0.019070952,-0.011496803,0.0044674254
13.7005,0.2380201,0.11924588,0.041997543,0.11967075,-0.72640448,0.13079431,0.66400926,0.020624124,-0.0087398975,0.00054283925
13.7105,0.23819564,0.11918391,0.041989554,0.12001036,-0.72470428,0.13047662,0.66586565,0.020249797,-0.0061671431,-0.0014069303
13.7205,0.23836928,0.11917047,0.041965808,0.12043558,-0.72247502,0.13006721,0.6682871,0.021944449,-0.00031718318,-0.0026522294
13.7305,0.23853305,0.11918935,0.041875108,0.12085235,-0.71983994,0.12951311,0.67115686,0.021438175,0.0011569183,-0.0094686111
13.7405,0.23869075,0.11922873,0.041787059,0.12132088,-0.71699774,0.12890464,0.6742248,0.020735426,0.0024376074,-0.011361171
13.7505,0.23885684,0.1192973,0.041682793,0.12168957,-0.71418934,0.12832961,0.67724201,0.023094104,0.0062085712,-0.010718658
13.7605,0.23909082,0.11936525,0.04159754,0.12213413,-0.71158986,0.12771753,0.68000835,0.032344275,0.0042830866,-0.007808161
13.7705,0.23938512,0.11942319,0.041511271,0.12254057,-0.70918686,0.12722159,0.68253386,0.03458914,0.0041133461,-0.0095574609
13.7805,0.23970443,0.1194623,0.041422332,0.12292175,-0.70690144,0.12678718,0.68491285,0.037001111,0.0012294607,-0.0095395103
13.7905,0.24003769,0.11948238,0.041341544,0.12329254,-0.70469882,0.12638803,0.687186,0.037346744,0.00041608797,-0.01005933
13.8005,0.2403694,0.11949906,0.041261042,0.12364671,-0.70260386,0.12600977,0.68933362,0.036406342,0.00037663254,-0.0066820958
13.8105,0.24069193,0.11951589,0.041180234,0.12387704,-0.70055755,0.12576461,0.69141656,0.035026069,0.00073103083,-0.0049441563
13.8205,0.24096647,0.11953358,0.041114301,0.12399844,-0.6984705,0.12562819,0.69352787,0.02510258,0.0014697097,-0.0092051934
13.8305,0.24112772,0.11957145,0.041037882,0.12433883,-0.69635137,0.12526428,0.69566047,0.015716883,0.0038556064,-0.0064776673
13.8405,0.24122251,0.11963561,0.040958122,0.12478283,-0.69425299,0.12482333,0.69775437,0.011258926,0.0053398377,-0.0058680471
13.8505,0.24129221,0.11970276,0.040897556,0.12524409,-0.69224753,0.1243845,0.69973979,0.0097340404,0.005017139,-0.0067830442
13.8605,0.24132084,0.11973069,0.040908932,0.1255647,-0.69057866,0.1239307,0.70140987,0.0029122906,-0.001571737,0.0057195315
13.8705,0.24129379,0.11971653,0.040988935,0.12570003,-0.68943688,0.12343448,0.70259534,-0.00044559121,-0.0053467282,0.0084761592
13.8805,0.24126152,0.11966411,0.041085942,0.12587909,-0.68872327,0.12288929,0.70335833,-0.0030616184,-0.0044018724,0.0055642257
13.8905,0.24119821,0.11964777,0.041112124,0.1258529,-0.68831349,0.12255837,0.70382174,-0.0056245199,-0.0010152965,-0.00052084459
13.9005,0.24113515,0.11967143,0.041157392,0.12588926,-0.68789344,0.12243137,0.70424787,-0.0049543672,0.0045135103,0.0083231171
13.9105,0.24108748,0.11973561,0.041269299,0.12610845,-0.68730012,0.12246564,0.70478179,-0.0039933573,0.0076798528,0.012932501
13.9205,0.2410578,0.11982991,0.041379775,0.12629064,-0.68663906,0.1227275,0.70534774,-0.0022951904,0.011139795,0.010781476
13.9305,0.24103572,0.11996955,0.041717033,0.12681799,-0.68543627,0.12264411,0.70643665,2.2981805e-05,0.017267527,0.050001326
13.9405,0.24102545,0.12018683,0.042279888,0.12725024,-0.68344898,0.12257128,0.70829453,0.0024724244,0.023602322,0.064321148
13.9505,0.24101484,0.12043089,0.043051859,0.12795054,-0.68100534,0.12217078,0.71058757,0.002528651,0.023527683,0.08378606
13.9605,0.24101745,0.12068975,0.043775993,0.128273,-0.67904599,0.1219294,0.71244354,0.0046502192,0.02620211,0.065961206
13.9705,0.24104699,0.12094287,0.044442453,0.1284075,-0.67793434,0.12163757,0.71352705,0.005780216,0.024026789,0.064149092
13.9805,0.2410856,0.12118827,0.045020825,0.12828636,-0.67733656,0.12151132,0.7141378,0.0052756121,0.02280021,0.058519088
13.9905,0.24114782,0.12136739,0.045538602,0.1281656,-0.67764494,0.1211734,0.71392431,0.0087128184,0.014997821,0.040514098
14.0005,0.24125865,0.12150743,0.045855124,0.12747458,-0.67891864,0.12121122,0.71283066,0.012426993,0.013393924,0.025714154
14.0105,0.2413979,0.12158816,0.046102523,0.12683435,-0.68072791,0.12114125,0.71122947,0.013467306,0.006310963,0.018292032
14.0205,0.2415708,0.121599,0.046270373,0.12604129,-0.68309014,0.12108281,0.70911241,0.017806647,-0.0029538423,0.016045659
14.0305,0.24178316,0.1215222,0.046388664,0.12502579,-0.68598097,0.12108176,0.7064969,0.020350931,-0.0098791185,0.0085230178
14.0405,0.24201233,0.1213992,0.046439677,0.12393053,-0.68909288,0.12110909,0.70365106,0.020764064,-0.01242506,0.0031430042
14.0505,0.24223725,0.12125262,0.046456746,0.1227803,-0.69219264,0.12104815,0.70081502,0.020578206,-0.014975379,0.0012879106
14.0605,0.24244946,0.12109305,0.04646309,0.12159002,-0.6951462,0.12087065,0.69812457,0.019681047,-0.015759948,0.00056573921
14.0705,0.24264758,0.12093345,0.046471091,0.12042381,-0.6978767,0.12062754,0.69564015,0.018557952,-0.015490837,0.00065960344
14.0805,0.24283707,0.12077465,0.046482921,0.11932301,-0.7003646,0.12035827,0.69337244,0.018698638,-0.015960854,0.0016135452
14.0905,0.24302691,0.12061161,0.04649995,0.11830838,-0.70261046,0.12008643,0.69131824,0.018937957,-0.016468382,0.0018696359
14.1005,0.24322565,0.12045405,0.046497991,0.11727233,-0.70461122,0.11992699,0.68948368,0.019415753,-0.015829463,0.00088929465
14.1105,0.24343608,0.12030242,0.04659243,0.11673192,-0.70612529,0.119737,0.68805798,0.022616303,-0.013661626,0.018610559
14.1205,0.24368501,0.12017797,0.046855528,0.11656031,-0.70691178,0.11974365,0.68727788,0.024828589,-0.011082665,0.031153252
14.1305,0.24391726,0.12007959,0.047072327,0.11654516,-0.70765108,0.11993769,0.68648534,0.016679115,-0.0067068052,0.0048405434
14.1405,0.24412137,0.12005881,0.047074485,0.11667358,-0.70894042,0.12054922,0.68502456,0.015885551,0.0041194761,-0.0047644305
14.1505,0.2443437,0.12011382,0.046967323,0.1170349,-0.71039666,0.12152203,0.68328019,0.015975824,0.01066135,-0.016073607
14.1605,0.24457625,0.12021686,0.04675149,0.11753386,-0.71190194,0.12269273,0.68141611,0.015783903,0.01489414,-0.026244879
14.1705,0.24484345,0.12033282,0.046383851,0.1181485,-0.71355486,0.12407629,0.67932722,0.019984144,0.014740011,-0.045011189
14.1805,0.24515328,0.1204431,0.04587222,0.1188478,-0.71537112,0.12563812,0.67700401,0.022567732,0.014604178,-0.055307221
14.1905,0.24548286,0.12055212,0.045280156,0.11957753,-0.71722275,0.12725441,0.6746103,0.023358862,0.014820531,-0.062120445
14.2005,0.24582782,0.12064983,0.044531717,0.12033257,-0.71924526,0.12897296,0.67199129,0.024299205,0.013113303,-0.084868982
14.2105,0.24618017,0.12073232,0.043599144,0.12109051,-0.72149603,0.13078802,0.66908524,0.023421301,0.012443233,-0.093960162
14.2205,0.24650544,0.12081704,0.042900984,0.12187946,-0.72335954,0.13246665,0.66659505,0.021632551,0.012278694,-0.054014838
14.2305,0.24678706,0.12091128,0.042408832,0.12266669,-0.72490868,0.13398222,0.66446148,0.015566028,0.013722287,-0.045511642
14.2405,0.24703993,0.12098025,0.041887576,0.12330267,-0.72649215,0.135336,0.66233661,0.015678375,0.0028112307,-0.042569434
14.2505,0.24721484,0.12093234,0.041687655,0.12354589,-0.72737719,0.13595126,0.66119292,0.012643684,-0.0075120895,-0.0052720446
14.2605,0.24735166,0.1208405,0.041712274,0.12364815,-0.72763237,0.13614156,0.6608538,0.012438988,-0.0096796098,0.0071093213
14.2705,0.2474877,0.12072648,0.041812759,0.1236874,-0.72763576,0.13618692,0.66083337,0.013968785,-0.012717574,0.011402962
14.2805,0.24763072,0.1205925,0.041926955,0.12372377,-0.72758066,0.13616451,0.66089185,0.014678101,-0.013961979,0.01087254
14.2905,0.24778745,0.12047416,0.041995608,0.12387767,-0.72692827,0.13601995,0.66161029,0.018443004,-0.011310485,0.0038570923
14.3005,0.24795942,0.12038315,0.042011023,0.12417044,-0.72556422,0.13574835,0.66310681,0.020253734,-0.0088206163,0.00014464352
14.3105,0.24813178,0.12032069,0.041999838,0.12452352,-0.72386117,0.13541813,0.66496678,0.020041769,-0.0063783357,-0.0016897145
14.3205,0.24830269,0.12030318,0.041976666,0.12498807,-0.72162528,0.13497219,0.66739603,0.021550656,-0.001480533,-0.0022047247
14.3305,0.24845888,0.12031147,0.041872279,0.1253857,-0.71899575,0.13438412,0.67027192,0.021161391,0.00062246645,-0.0097374773
14.3405,0.2486175,0.12035176,0.041786219,0.12583939,-0.71613715,0.13380606,0.67335576,0.020384953,0.001828267,-0.012128987
14.3505,0.24878718,0.12041929,0.041688633,0.12627253,-0.7133325,0.13320261,0.67636459,0.023369424,0.0062329252,-0.0095242229
14.3605,0.24901943,0.12048517,0.041595165,0.12674759,-0.71074737,0.13258277,0.67911342,0.031974993,0.0037724978,-0.0072462452
14.3705,0.24931001,0.12053774,0.041502471,0.12717749,-0.70834904,0.13207067,0.68163397,0.03412507,0.0033787174,-0.0081954388
14.3805,0.24962463,0.12056866,0.041426198,0.12759041,-0.70603719,0.13161699,0.68403884,0.036575484,0.00039061154,-0.0095367478
14.3905,0.2499542,0.12058146,0.041338829,0.12797953,-0.70383681,0.13120078,0.68630995,0.036945445,-0.00040814695,-0.0095921973
14.4005,0.25028203,0.12059037,0.041261223,0.12835454,-0.70172989,0.13080478,0.68846959,0.036035252,-0.0004252126,-0.0065680525
14.4105,0.25060373,0.12060074,0.041180312,0.12863539,-0.69968525,0.13051022,0.69055092,0.035003182,6.5471145e-05,-0.0051750222
14.4205,0.25089018,0.12061413,0.04111121,0.12873857,-0.69761292,0.1303939,0.69264711,0.026768283,0.00097777585,-0.0083991595
14.4305,0.25106062,0.12064814,0.041038232,0.12906553,-0.69549756,0.13004518,0.69477585,0.016081827,0.0035912015,-0.0061650169
14.4405,0.25115688,0.12070965,0.040959756,0.12951916,-0.69339606,0.12959486,0.69687292,0.011256721,0.0050251343,-0.0059848569
14.4505,0.25122591,0.12077417,0.040898419,0.12999719,-0.69138993,0.12913935,0.69885887,0.0096028763,0.0047069471,-0.0068534565
14.4605,0.25125356,0.12080157,0.040909067,0.13034191,-0.68971996,0.12867522,0.7005284,0.0027300749,-0.0015251128,0.0055803209
14.4705,0.25122093,0.12079354,0.040985869,0.13048504,-0.6885752,0.12817954,0.70171778,-0.0022378955,-0.0033925272,0.0079185705
14.4805,0.25117831,0.12075322,0.041085017,0.13066875,-0.68783802,0.12762828,0.70250662,-0.0033329263,-0.0040184748,0.0064072335
14.4905,0.25111382,0.12073929,0.041117533,0.13065994,-0.68741342,0.12727676,0.70298748,-0.0056196201,-0.00096811639,-0.00013401888
14.5005,0.25104918,0.12075351,0.04116114,0.13070298,-0.68700477,0.12714002,0.70340357,-0.0050561349,0.0033740122,0.0078242196
14.5105,0.25100196,0.12080888,0.041268456,0.13092382,-0.68642983,0.12716658,0.70391882,-0.0039324586,0.0068563663,0.012693739
14.5205,0.25097263,0.12089421,0.041383698,0.131143,-0.68578275,0.12738306,0.70446937,-0.0021637654,0.010467303,0.010718931
14.5305,0.25094487,0.12102764,0.041673095,0.13162391,-0.68461444,0.12732051,0.70552654,-0.0018420588,0.014823518,0.042401614
14.5405,0.25091665,0.12121989,0.042294943,0.13226721,-0.68264571,0.12701532,0.70736647,0.00073087668,0.020975998,0.073639161
14.5505,0.25090047,0.12146723,0.043014194,0.13263978,-0.68019149,0.12693412,0.70967172,0.0025637571,0.025203632,0.075393741
14.5605,0.25090187,0.12171159,0.043779695,0.133164,-0.67822959,0.12647655,0.7115305,0.0042806744,0.023145115,0.070519064
14.5705,0.25092633,0.12195939,0.044426512,0.1331606,-0.67710042,0.12631712,0.71263403,0.0049823139,0.024336857,0.060942612
14.5805,0.25095452,0.12218272,0.045027546,0.1331963,-0.67651817,0.1260129,0.71323394,0.0041427873,0.020523345,0.056084124
14.5905,0.25101101,0.12236147,0.045516506,0.13289752,-0.67681919,0.12584809,0.71303316,0.0084815496,0.016778499,0.03416195
14.6005,0.2511113,0.12248077,0.045858568,0.13232791,-0.67809523,0.12575307,0.71194265,0.010795776,0.0069712258,0.031646738
14.6105,0.25124471,0.12254614,0.046127171,0.13175472,-0.67990043,0.12560718,0.71035127,0.013482154,0.0070201309,0.017911921
14.6205,0.2514177,0.12256658,0.046264791,0.13071439,-0.68224398,0.12578687,0.70826164,0.017622291,-0.0022693746,0.014582096
14.6305,0.25162564,0.12248935,0.046372696,0.12961583,-0.68513212,0.12585787,0.70565821,0.020270844,-0.010259391,0.0092270157
14.6405,0.25185111,0.12235943,0.046427868,0.12851897,-0.68823504,0.12588093,0.70282957,0.020361035,-0.013202874,0.003272463
14.6505,0.252072,0.12220601,0.046447375,0.12737754,-0.69133975,0.12580822,0.69999757,0.020169957,-0.015630157,0.0013067924
14.6605,0.25228026,0.12204052,0.046455288,0.12619367,-0.6943016,0.12562292,0.69730864,0.019288201,-0.0163494,0.00056353122
14.6705,0.25247337,0.12187608,0.046459231,0.12502826,-0.69705544,0.12537842,0.69481069,0.018083095,-0.015959068,0.00029392758
14.6805,0.2526582,0.12171374,0.046469551,0.12392622,-0.6995569,0.12510988,0.69253878,0.018196689,-0.016242257,0.0014549188
14.6905,0.25284377,0.12154866,0.046489961,0.12291053,-0.70179929,0.12483836,0.69049703,0.01863615,-0.016740704,0.0021729618
14.7005,0.25303483,0.12138422,0.04647937,0.12195229,-0.70381886,0.12461013,0.68865011,0.019005801,-0.01624797,-0.0017440885
14.7105,0.25324868,0.12123993,0.046569976,0.12131488,-0.70531239,0.12451581,0.68725028,0.023023387,-0.012935493,0.019343216
14.7205,0.25349913,0.12111718,0.046836625,0.12109595,-0.70608456,0.12456853,0.68648601,0.024858185,-0.011154888,0.031614002
14.7305,0.25372722,0.12101725,0.047040066,0.12106384,-0.7068694,0.12477975,0.6856451,0.016117062,-0.0068216643,0.0033554138
14.7405,0.25392706,0.12099331,0.047027602,0.1211852,-0.70819217,0.12539536,0.68414473,0.015493864,0.0037674491,-0.0062750728
14.7505,0.25414626,0.12104345,0.046906968,0.12154192,-0.70966853,0.1263663,0.68237065,0.015717432,0.010206268,-0.017410597
14.7605,0.25437662,0.12114091,0.046679785,0.12203477,-0.71118547,0.12753393,0.68048353,0.015633612,0.01440601,-0.027339271
14.7705,0.25464217,0.12125065,0.046303144,0.12263961,-0.71284347,0.12891589,0.6783763,0.01988241,0.014184615,-0.045860341
14.7805,0.25495067,0.12135408,0.045784807,0.12332533,-0.71465957,0.1304783,0.67603844,0.022616027,0.013973034,-0.055459216
14.7905,0.25528021,0.12145571,0.04519216,0.12404029,-0.71650266,0.13209563,0.67363839,0.023444283,0.014199502,-0.062161856
14.8005,0.25562483,0.12154623,0.044442091,0.12477704,-0.7185157,0.13381795,0.67101314,0.024197744,0.012591338,-0.085663546
14.8105,0.25597543,0.12162232,0.043540757,0.12552043,-0.7207109,0.13562746,0.66815089,0.023236005,0.012059477,-0.080374448
14.8205,0.25629747,0.12170036,0.042927888,0.12631162,-0.72243761,0.13727633,0.66579613,0.021905671,0.01135343,-0.048875624
14.8305,0.25658167,0.12178265,0.042466728,0.12709581,-0.72391951,0.13878072,0.66372216,0.017532473,0.011968359,-0.048072526
14.8405,0.25686105,0.12180376,0.041834727,0.12765771,-0.72564309,0.14013847,0.66144299,0.017931915,-0.0016748857,-0.048182832
14.8505,0.25705615,0.12172334,0.041608811,0.12786681,-0.72652358,0.14073378,0.66030869,0.0145611,-0.0097988963,-0.0059302692
14.8605,0.25721071,0.12161097,0.041639115,0.12796429,-0.72674618,0.14091127,0.66000693,0.014395365,-0.011448164,0.0082765582
14.8705,0.25736314,0.12148221,0.041753595,0.12801144,-0.72669224,0.14094262,0.66005048,0.015600218,-0.014098999,0.012966376
14.8805,0.25752338,0.12133215,0.041884244,0.12805246,-0.72660237,0.14091173,0.66014806,0.016471407,-0.015658927,0.012488457
14.8905,0.25769373,0.12120233,0.041965628,0.12821381,-0.72593089,0.14075813,0.66088782,0.019422101,-0.012190932,0.0048928485
14.9005,0.25787267,0.12110491,0.04198896,0.12851734,-0.72456413,0.14047618,0.66238701,0.020767598,-0.0094438282,0.00074425887
14.9105,0.2580485,0.12103729,0.041982733,0.12888159,-0.72287069,0.14013599,0.66423596,0.020097957,-0.006747817,-0.0012403476
14.9205,0.25822173,0.12101578,0.041960121,0.12933929,-0.72065025,0.13969682,0.66664786,0.021968226,-0.0014402305,-0.0025593069
14.9305,0.25838455,0.12102455,0.04186672,0.12979033,-0.71803402,0.13910529,0.66950081,0.021213195,-0.00037825574,-0.011442448
14.9405,0.2585444,0.12105661,0.041784343,0.13031692,-0.71520197,0.13846374,0.6725559,0.021255458,0.0018153905,-0.0057727889
14.9505,0.25870774,0.12111162,0.041682146,0.13069668,-0.71239295,0.13785518,0.67558168,0.022484747,0.0038140069,-0.012827783
14.9605,0.2589361,0.12116003,0.041593186,0.13114079,-0.70981898,0.13718669,0.6783354,0.031872126,0.0023328142,-0.012921706
14.9705,0.25922695,0.12119966,0.041499546,0.13156799,-0.70744294,0.13664683,0.68083919,0.034277012,0.0021174209,-0.0070468408
14.9805,0.2595441,0.12122213,0.041413356,0.13198732,-0.7051665,0.13617752,0.68320951,0.036753789,-0.0002741686,-0.010833296
14.9905,0.25987465,0.12122817,0.041327929,0.13239467,-0.70297493,0.13574217,0.68547207,0.03691115,-0.0012442357,-0.0070119273
15.0005,0.26020297,0.12123216,0.041258951,0.13278936,-0.7008617,0.13532858,0.68763802,0.036175753,-0.00069518929,-0.0082849192
15.0105,0.26052388,0.12123989,0.041171113,0.13304649,-0.6988213,0.13505031,0.68971649,0.034902166,-0.000223188,-0.0066072254
15.0205,0.2607969,0.12124855,0.041105602,0.1331993,-0.69672926,0.13487997,0.69183356,0.024871123,0.00027245642,-0.0053350568
15.0305,0.26095818,0.12127813,0.041017784,0.13356809,-0.69463291,0.13448707,0.69394374,0.015802019,0.0031488205,-0.01174206
15.0405,0.261052,0.12133433,0.040941872,0.13403753,-0.69253315,0.13401286,0.69604047,0.011169726,0.0044780622,-0.0055099073
15.0505,0.26112011,0.1213936,0.040899722,0.13452633,-0.69050547,0.1335402,0.69804862,0.009730732,0.004287659,-0.0082397253
15.0605,0.26114503,0.12141543,0.04090569,0.1348528,-0.68888004,0.13306537,0.69968037,0.0025059933,-0.0018605524,0.0052223271
15.0705,0.26111352,0.12140222,0.040981852,0.13499963,-0.68776937,0.13255463,0.70084068,-0.0011744103,-0.004972023,0.0081211541
15.0805,0.26107351,0.1213572,0.041074045,0.13517642,-0.68707089,0.13201451,0.70159326,-0.0036765502,-0.0037325491,0.0051852305
15.0905,0.26100712,0.12134604,0.04109758,0.13515151,-0.68667023,0.13168891,0.70205134,-0.0058210623,-0.00063222397,-0.00065547696
15.1005,0.26094321,0.12137303,0.04114356,0.13519604,-0.68625054,0.13156063,0.70247706,-0.0050020228,0.0047404527,0.0085446203
15.1105,0.26089564,0.12143867,0.041258671,0.13542874,-0.68564898,0.13158736,0.70301443,-0.0039968989,0.0076304555,0.013497846
15.1205,0.26086622,0.1215313,0.0413779,0.1356469,-0.68497405,0.13181808,0.70358685,-0.0021193336,0.011140803,0.011074412
15.1305,0.26084711,0.12167145,0.041710754,0.136162,-0.6837604,0.13175151,0.70467947,0.00029182934,0.017212502,0.049678268
15.1405,0.26083845,0.1218812,0.042291319,0.13665893,-0.68175187,0.13161938,0.70655153,0.0019675568,0.0210737,0.069816068
15.1505,0.2608318,0.12212701,0.043031867,0.13728074,-0.6793078,0.13130269,0.70884026,0.0029811828,0.024863328,0.076109816
15.1605,0.2608333,0.12238217,0.043777389,0.13772952,-0.67734978,0.13094318,0.71069103,0.0038893479,0.024618117,0.069146212
15.1705,0.26085656,0.12262957,0.044449525,0.13788679,-0.6762309,0.13063777,0.71178141,0.0047055437,0.021291985,0.061418734
15.1805,0.26089382,0.12285552,0.045084718,0.13797567,-0.67562526,0.13030423,0.71240019,0.0059959769,0.022322848,0.062293177
15.1905,0.26096412,0.12305658,0.045519984,0.13749074,-0.6759208,0.13035539,0.71220421,0.0090665563,0.01403273,0.040375934
15.2005,0.26107108,0.12317103,0.04587571,0.13700549,-0.6772007,0.13018316,0.71111255,0.011972856,0.010724988,0.027843863
15.2105,0.26121021,0.12324173,0.046123038,0.13632745,-0.67900331,0.13015407,0.70952748,0.014026286,0.0063617812,0.02173412
15.2205,0.26138592,0.12325357,0.046270491,0.13542348,-0.68135368,0.13021786,0.70743265,0.017776014,-0.0033039479,0.015070679
15.2305,0.26159573,0.12316927,0.046383632,0.13436711,-0.6842428,0.13026064,0.70483291,0.020028578,-0.010669149,0.0083890152
15.2405,0.26181981,0.12303663,0.046434886,0.13325305,-0.68736237,0.13030955,0.70199431,0.020245105,-0.01330647,0.0032164806
15.2505,0.2620396,0.1228823,0.04645393,0.1320778,-0.69047064,0.13027673,0.69916645,0.020063659,-0.015671037,0.0014433221
15.2605,0.26224675,0.122716,0.046462697,0.13085963,-0.6934324,0.13013057,0.6964864,0.019187052,-0.016381891,0.00077549352
15.2705,0.26243876,0.12255077,0.046467852,0.12966332,-0.69618511,0.12992097,0.69399874,0.017978045,-0.016013797,0.00049626546
15.2805,0.26262223,0.1223876,0.046479682,0.12853498,-0.69868424,0.12968204,0.69173815,0.018110665,-0.01629833,0.0021255405
15.2905,0.2628072,0.1222204,0.046499716,0.12749653,-0.70093083,0.12943649,0.68970052,0.018538616,-0.016951379,0.0019587233
15.3005,0.26300023,0.12205572,0.04649005,0.12647905,-0.70295176,0.12926645,0.68786049,0.01962019,-0.015730902,-0.0044841823
15.3105,0.26321698,0.12191248,0.046559934,0.12578473,-0.70446038,0.12923054,0.68644974,0.023117792,-0.012974069,0.018188757
15.3205,0.26346748,0.12178714,0.046819597,0.12555286,-0.70524367,0.12929755,0.68567484,0.024777784,-0.011510134,0.031286785
15.3305,0.2636887,0.12168139,0.047010737,0.125544,-0.70607749,0.12948509,0.68478237,0.015293625,-0.0076350637,0.0030254317
15.3405,0.26388042,0.12164638,0.046994704,0.12565922,-0.70741621,0.13007366,0.68326636,0.014953803,0.0027864069,-0.0068615668
15.3505,0.26409518,0.1216879,0.046868395,0.12599975,-0.70889751,0.13103448,0.68148246,0.015491235,0.00952956,-0.018035027
15.3605,0.26432377,0.12177911,0.046635483,0.12647471,-0.71041379,0.13220205,0.67958739,0.015619442,0.013963516,-0.027891526
15.3705,0.26458921,0.12188399,0.04625395,0.12706177,-0.71206717,0.13359091,0.6774726,0.019977802,0.013855217,-0.046299743
15.3805,0.2648986,0.12198336,0.045731793,0.12773045,-0.71387571,0.13516504,0.67512726,0.022685208,0.013773763,-0.056249901
15.3905,0.26522885,0.12208196,0.045132344,0.12842911,-0.71571422,0.13679761,0.67271505,0.023583003,0.014060364,-0.062752911
15.4005,0.26557604,0.1221692,0.044381893,0.12915153,-0.71771543,0.13853636,0.67008367,0.024718624,0.012326688,-0.084794096
15.4105,0.26592733,0.12224292,0.043520988,0.12988906,-0.71984137,0.1403478,0.66727785,0.02320069,0.0119505,-0.072633279
15.4205,0.26625189,0.12231612,0.042956993,0.13068309,-0.72148312,0.1419911,0.66499817,0.022563592,0.010783668,-0.045917438
15.4305,0.26654242,0.12238596,0.042486888,0.1314318,-0.72294046,0.14352583,0.66293522,0.020108183,0.0085588979,-0.060188517
15.4405,0.26683341,0.12240171,0.04184906,0.13193635,-0.72465056,0.14489747,0.66066564,0.018843547,0.001055162,-0.041150796
15.4505,0.26702933,0.1223336,0.041667055,0.13217359,-0.72548361,0.14543523,0.65958492,0.01446808,-0.0091549377,-0.0040979068
15.4605,0.26718368,0.12222602,0.041705022,0.13226762,-0.72570435,0.14560342,0.65928607,0.014767335,-0.010090358,0.0086742037
15.4705,0.26733148,0.12209897,0.041820718,0.13235344,-0.72565251,0.14559611,0.65932752,0.015224984,-0.014067711,0.012231574
15.4805,0.26748902,0.12194967,0.041941205,0.13239632,-0.72558295,0.14556209,0.65940296,0.016292995,-0.015640478,0.01131335
15.4905,0.26765756,0.12181939,0.042010286,0.13254989,-0.72493444,0.14541487,0.66011749,0.019214905,-0.012274191,0.0037109318
15.5005,0.26783454,0.12172049,0.042022257,0.13284951,-0.72358688,0.14513631,0.66159541,0.020461797,-0.0095278242,-0.00023168615
15.5105,0.26800876,0.12165033,0.042006691,0.13321365,-0.72191089,0.14479633,0.66342506,0.019922206,-0.0070477616,-0.0020309955
15.5205,0.26818052,0.12162517,0.041975989,0.1336762,-0.71970667,0.14435097,0.66581963,0.021389797,-0.0022639932,-0.004895323
15.5305,0.26834119,0.12162914,0.041872863,0.13413829,-0.71710826,0.14375036,0.66865425,0.021347032,4.3144544e-05,-0.0079163907
15.5405,0.26850089,0.12165907,0.041781524,0.1346522,-0.71429123,0.14312402,0.67169363,0.020938645,0.0012513843,-0.010037239
15.5505,0.26866828,0.12171505,0.041682797,0.13508399,-0.7114677,0.14252998,0.67472307,0.023418338,0.0051081395,-0.0086626134
15.5605,0.26890327,0.12176876,0.041577114,0.13558827,-0.70890289,0.14189629,0.6774496,0.032035556,0.0021732008,-0.0097822052
15.5705,0.26919588,0.12180365,0.041502661,0.13606866,-0.70649711,0.14135809,0.6799743,0.034283263,0.0014469622,-0.0060189263
15.5805,0.26951311,0.12182094,0.041407254,0.13651268,-0.70423685,0.14087813,0.68232551,0.036583077,-0.0011054149,-0.00877154
15.5905,0.26984237,0.12182075,0.041334199,0.13694838,-0.70202688,0.14042434,0.68460529,0.036797276,-0.0018215991,-0.0063740931
15.6005,0.27017021,0.12182037,0.041258727,0.13735912,-0.69992254,0.13999457,0.68676227,0.036018149,-0.0013183787,-0.0069967837
15.6105,0.27048848,0.12182173,0.041176072,0.13762752,-0.69786891,0.13971276,0.68885267,0.03459953,-0.00094598799,-0.0050844604
15.6205,0.27075911,0.12182445,0.041118383,0.13779781,-0.69576176,0.13952837,0.69098421,0.024702679,-0.0003373863,-0.0050349136
15.6305,0.27091932,0.12184906,0.041035636,0.13818552,-0.6936598,0.1391191,0.69309936,0.015565729,0.0023723706,-0.0069290896
15.6405,0.27101364,0.1219,0.040952981,0.13867324,-0.69157724,0.13863451,0.69517704,0.011145663,0.0039026813,-0.0060644071
15.6505,0.27108266,0.12195443,0.040896205,0.13917547,-0.68957904,0.13815256,0.69715479,0.009656585,0.0037062077,-0.0074455897
15.6605,0.27110809,0.12197357,0.040907901,0.13952394,-0.68794904,0.13767032,0.698789,0.0025326644,-0.002008352,0.0055964664
15.6705,0.27107848,0.12195864,0.040986699,0.1396882,-0.68684025,0.13715508,0.69994726,-0.00083360346,-0.0053786488,0.0082971135
15.6805,0.27103547,0.12190742,0.041078635,0.13988284,-0.68616321,0.13660564,0.70067949,-0.0043757739,-0.0045521694,0.0053306299
15.6905,0.27096026,0.12188575,0.041110059,0.13987276,-0.68575343,0.13627061,0.70114775,-0.007401494,-0.0025563328,0.0012051544
15.7005,0.27088828,0.12190293,0.041172146,0.13993216,-0.68529085,0.13612786,0.70161574,-0.0053674063,0.0041255763,0.0098460869
15.7105,0.27083726,0.12196784,0.041294715,0.14015662,-0.68465336,0.1361567,0.70218748,-0.0039874676,0.0084342546,0.013075844
15.7205,0.2708044,0.1220636,0.041400404,0.14029696,-0.68393122,0.1364572,0.70280458,-0.0029449797,0.0088575153,0.011740252
15.7305,0.27077661,0.12219261,0.04176746,0.14093463,-0.68268859,0.13625866,0.70392279,-0.00099578123,0.014901602,0.052711306
15.7405,0.27075354,0.12238832,0.042366877,0.14152486,-0.68068207,0.13601418,0.7057923,0.0013365598,0.0217263,0.066059855
15.7505,0.27074197,0.12263111,0.043086819,0.14202175,-0.67821698,0.13580396,0.70810228,0.0020592276,0.022809533,0.081423884
15.7605,0.27073984,0.12286509,0.043866644,0.14262573,-0.67625641,0.13526727,0.70995629,0.003314058,0.022677767,0.067776928
15.7705,0.27076058,0.12311059,0.04448908,0.14256558,-0.675144,0.13516555,0.71104564,0.0050029599,0.024093749,0.058560717
15.7805,0.27079558,0.12332261,0.045124629,0.14266201,-0.67453853,0.13480907,0.71166835,0.0053849652,0.018422698,0.063695988
15.7905,0.27086302,0.12349672,0.045586997,0.14233579,-0.67484461,0.13468666,0.71146664,0.0093985854,0.014654373,0.041835858
15.8005,0.27096781,0.12360425,0.04592862,0.14167832,-0.67610858,0.13469673,0.71039512,0.010981159,0.0083749825,0.026696266
15.8105,0.27109633,0.12365232,0.046165621,0.14105058,-0.6779333,0.13462558,0.70879273,0.012539461,0.0033560509,0.020095888
15.8205,0.27126166,0.12362948,0.046352672,0.14020066,-0.68030772,0.1346254,0.70668323,0.017139568,-0.0058814201,0.016630789
15.8305,0.27146815,0.12352759,0.046470436,0.13913386,-0.68322274,0.13467263,0.70406799,0.019819283,-0.011793577,0.0081560085
15.8405,0.27169058,0.12338739,0.046516429,0.13798969,-0.68635286,0.13474805,0.7012286,0.020147909,-0.013751124,0.0025735261
15.8505,0.27190907,0.12322934,0.046528024,0.1367801,-0.68946529,0.13474775,0.69840666,0.019948666,-0.015930497,0.00077672685
15.8605,0.272116,0.12306033,0.046534682,0.13553061,-0.69241435,0.13463257,0.69574988,0.019157527,-0.016579195,0.00051781919
15.8705,0.27230697,0.12289321,0.046535479,0.134306,-0.69516404,0.13445181,0.69327596,0.017855389,-0.016153954,6.4999066e-05
15.8805,0.27248881,0.12272831,0.046540768,0.1331526,-0.69767082,0.1342391,0.69101785,0.017866661,-0.016474915,0.00095317295
15.8905,0.27267028,0.1225618,0.046547903,0.13206699,-0.69993071,0.13404124,0.68897624,0.018184622,-0.016115355,0.00051570809
15.9005,0.27285109,0.12239471,0.046545582,0.13105428,-0.70194743,0.13386661,0.68714941,0.017878741,-0.016816866,-0.0049940159
15.9105,0.2730546,0.12224569,0.046609936,0.13040595,-0.70348026,0.13378707,0.6857192,0.022087364,-0.013439465,0.017382144
15.9205,0.27329813,0.12211727,0.046863284,0.13017711,-0.70427902,0.13385117,0.68492981,0.024263698,-0.011702548,0.030662543
15.9305,0.27351297,0.12201269,0.047026921,0.13012519,-0.70518016,0.13408067,0.68396693,0.014693297,-0.007254895,0.00083916057
15.9405,0.27369796,0.1219746,0.04698736,0.13019106,-0.70656238,0.13469954,0.68240452,0.01436699,0.0024825831,-0.0090971295
15.9505,0.27390781,0.12201209,0.046838662,0.13049026,-0.70807503,0.13568185,0.68058246,0.015111457,0.0092367558,-0.020114097
15.9605,0.27413308,0.12209913,0.046585796,0.13093054,-0.7096146,0.13686627,0.6786545,0.015380924,0.013651986,-0.029715117
15.9705,0.27439608,0.12219924,0.046187232,0.13148639,-0.71128458,0.13826963,0.67651096,0.019807202,0.013466378,-0.047839138
15.9805,0.27470343,0.1222932,0.045650215,0.13212568,-0.71310483,0.13985723,0.67413964,0.022576656,0.013332004,-0.057491465
15.9905,0.27503237,0.12238595,0.045039656,0.13279741,-0.71494962,0.1415017,0.67170616,0.023537162,0.013596657,-0.063727221
16.0005,0.27537929,0.12246678,0.044283014,0.13349419,-0.71695,0.14325168,0.66905976,0.024751945,0.011826751,-0.085391638
16.0105,0.2757242,0.1225362,0.043520041,0.13422883,-0.71892646,0.14503302,0.66640288,0.023057897,0.011380842,-0.060499677
16.0205,0.27604913,0.12260057,0.043030467,0.13502425,-0.72044133,0.14665361,0.66424804,0.023256404,0.0096848877,-0.04161582
16.0305,0.27637265,0.1226526,0.042492311,0.13577657,-0.72199312,0.14815156,0.66207384,0.024633672,0.0084682833,-0.063781018
16.0405,0.27668473,0.12267173,0.041871029,0.13624242,-0.72368066,0.14958846,0.65980876,0.018920578,0.00080150957,-0.040531909
16.0505,0.27688188,0.12259661,0.041693637,0.13648095,-0.72451115,0.15016143,0.658717,0.014132954,-0.010654155,-0.0030965856
16.0605,0.27703776,0.12248748,0.041736522,0.13657123,-0.72472121,0.15034776,0.65842465,0.014704864,-0.010399041,0.0085495207
16.0705,0.27719245,0.12236186,0.041841891,0.13657241,-0.72467573,0.1504213,0.65845767,0.015714312,-0.014133029,0.011675933
16.0805,0.27735184,0.12221087,0.041956018,0.13660024,-0.72461524,0.15040223,0.65852282,0.016473277,-0.016060869,0.010860806
16.0905,0.2775213,0.12207625,0.042021406,0.13676979,-0.72397688,0.1502405,0.65922628,0.019074662,-0.012700283,0.0032795468
16.1005,0.2776974,0.12197344,0.042030554,0.13709731,-0.72263756,0.14993635,0.66069538,0.020325803,-0.0099563492,-0.00057492353
16.1105,0.27787008,0.12190012,0.042013071,0.13749182,-0.7209651,0.14956822,0.66252145,0.019778046,-0.0074982687,-0.0022952467
16.1205,0.27803731,0.12186816,0.041965885,0.13796191,-0.71879308,0.14908093,0.66488939,0.020366851,-0.0040359171,-0.01102755
16.1305,0.27819958,0.12187228,0.041881359,0.13848323,-0.71615501,0.14846477,0.66775939,0.021500274,-3.3953043e-05,-0.0063126131
16.1405,0.27835529,0.12189371,0.041782792,0.13902655,-0.71335993,0.14777155,0.67078521,0.020593948,0.00037930067,-0.0074146423
16.1505,0.27852366,0.12194446,0.041689574,0.13953684,-0.71056104,0.14708722,0.67379361,0.02323081,0.0051618505,-0.0093795428
16.1605,0.27875339,0.1220052,0.041585631,0.13994628,-0.70794851,0.14652616,0.67657522,0.031751188,0.0029025105,-0.0075776787
16.1705,0.27904246,0.12204578,0.041504655,0.14040494,-0.70553298,0.14599595,0.67911328,0.033928583,0.001817737,-0.010191999
16.1805,0.27935455,0.12206059,0.041421042,0.14086736,-0.70324801,0.1454886,0.68149225,0.036107867,-0.001670878,-0.007224112
16.1905,0.27967962,0.12205555,0.04133657,0.14132333,-0.70105607,0.14500733,0.68375505,0.036324363,-0.0024815303,-0.0075533728
16.2005,0.28000262,0.12204795,0.041254404,0.14175964,-0.69896264,0.14454975,0.68590145,0.035486948,-0.0021816677,-0.0076512191
16.2105,0.28031732,0.12204132,0.041175673,0.14208,-0.69690937,0.14421206,0.68799236,0.034347009,-0.0017361934,-0.0069356979
16.2205,0.28060345,0.12203626,0.041109691,0.14222045,-0.69483911,0.14405666,0.69008669,0.027312538,-0.0014418548,-0.0051294774
16.2305,0.28077443,0.12205524,0.041035617,0.14259307,-0.69274393,0.14366158,0.69219535,0.015854479,0.0022557902,-0.0083348991
16.2405,0.2808687,0.12210345,0.04095932,0.14309537,-0.69065497,0.14315803,0.69428035,0.011133962,0.0036425818,-0.0086023057
16.2505,0.28093597,0.12215465,0.040905585,0.14362157,-0.68865364,0.14265047,0.69626134,0.0093426126,0.0031986846,-0.0046954876
16.2605,0.28095993,0.12217305,0.040899217,0.1439873,-0.68705595,0.14215204,0.69786429,0.0021974226,-0.0019939558,0.0043478448
16.2705,0.28092256,0.12216348,0.040970596,0.14416399,-0.68596209,0.1416205,0.699011,-0.0030813884,-0.0032634219,0.0075905747
16.2805,0.2808737,0.12212629,0.041068116,0.14437494,-0.6852584,0.14104585,0.69977344,-0.0038343433,-0.0037595833,0.0062392893
16.2905,0.28080643,0.12211603,0.04109937,0.14437881,-0.68485359,0.14068869,0.70024068,-0.0058938315,-0.00060693225,-0.0002865565
16.3005,0.28074048,0.12213448,0.041143044,0.14443041,-0.68445208,0.1405502,0.7006503,-0.0051326982,0.0037244762,0.0079795615
16.3105,0.2806933,0.12219239,0.041252724,0.14466275,-0.68387132,0.14057093,0.70116511,-0.0038938238,0.0070292141,0.013011077
16.3205,0.28066457,0.1222778,0.041373965,0.14490606,-0.68320965,0.14076789,0.70172018,-0.0020410811,0.010397503,0.011332111
16.3305,0.28064176,0.12241225,0.04168451,0.14539567,-0.68201537,0.1407094,0.70279158,-0.0012720521,0.014767768,0.047177278
16.3405,0.28062169,0.12260752,0.042297852,0.14599299,-0.68002577,0.14046403,0.70464236,0.001466909,0.021534794,0.066690526
16.3505,0.28061051,0.12284976,0.04301855,0.14652381,-0.67756975,0.14022607,0.70694176,0.0016975824,0.021317248,0.080380222
16.3605,0.2806065,0.1230771,0.043820645,0.14725064,-0.67561711,0.13956631,0.70878771,0.0027033892,0.021690714,0.067782094
16.3705,0.280621,0.12331467,0.044447538,0.14722799,-0.67449936,0.13942297,0.70988433,0.0047636826,0.02444675,0.057501333
16.3805,0.28065396,0.12353346,0.045053094,0.14721775,-0.67389734,0.13916843,0.71050789,0.0053647942,0.017194647,0.062372919
16.3905,0.28072075,0.12369498,0.045575398,0.14704836,-0.67417346,0.13887605,0.7103382,0.0090942708,0.014958269,0.035664028
16.4005,0.28083354,0.12382637,0.045869426,0.14615972,-0.67541037,0.13911585,0.70929892,0.012249867,0.010347258,0.028767453
16.4105,0.28097186,0.12387618,0.046136097,0.14571482,-0.67724205,0.13883919,0.70769632,0.013624821,0.0040921781,0.023265987
16.4205,0.28114493,0.1238729,0.046318395,0.14475333,-0.67957584,0.13894578,0.70563249,0.017562181,-0.0041629194,0.016756047
16.4305,0.28135121,0.12378159,0.046437211,0.14361935,-0.68245741,0.13906075,0.70305581,0.019716827,-0.011116031,0.008555857
16.4405,0.28157227,0.12364515,0.046485354,0.14243197,-0.68556794,0.13918199,0.70024146,0.020026231,-0.013536661,0.002848501
16.4505,0.28178876,0.12348716,0.046498574,0.14119843,-0.68867138,0.13920863,0.69743508,0.019740622,-0.015965337,0.00092024395
16.4605,0.2819926,0.1233171,0.046503408,0.1399355,-0.69162625,0.13910952,0.69478035,0.018999675,-0.016780128,0.00088394994
16.4705,0.28218158,0.12314784,0.046506743,0.1387027,-0.6943704,0.13893924,0.69232015,0.017644995,-0.016381208,0.00018259716
16.4805,0.28236142,0.12298061,0.046513502,0.13754107,-0.69687478,0.13873659,0.69007257,0.017682513,-0.016716721,0.0010731007
16.4905,0.28254167,0.12281095,0.04652345,0.13646371,-0.69913933,0.13853213,0.68803394,0.018554669,-0.016584794,0.00030146132
16.5005,0.28273008,0.12264498,0.046518334,0.13540051,-0.70116138,0.13840516,0.68620947,0.018249094,-0.016842316,0.00068220663
16.5105,0.28292934,0.12248418,0.046608099,0.13483675,-0.70270323,0.13824195,0.68477469,0.021548372,-0.014727835,0.01794656
16.5205,0.28317003,0.12235039,0.046860743,0.13461982,-0.7035026,0.13829336,0.68398577,0.024118933,-0.011978218,0.030286921
16.5305,0.28339708,0.12224369,0.047064782,0.13455174,-0.70425466,0.1385366,0.68317554,0.016181142,-0.0075221949,0.00440041
16.5405,0.28359706,0.12221018,0.047060936,0.13462077,-0.70553891,0.13918251,0.68170398,0.015759377,0.0028716022,-0.0053741207
16.5505,0.28381767,0.12224816,0.046947341,0.13492141,-0.70698272,0.14018156,0.67994175,0.016093464,0.0091540602,-0.016744543
16.5605,0.28405023,0.12233193,0.046724946,0.13535734,-0.70847125,0.14137408,0.67805622,0.016082376,0.013269831,-0.02692317
16.5705,0.28431777,0.12242611,0.046350836,0.1359021,-0.71010193,0.14278093,0.6759434,0.020261229,0.0128576,-0.045676031
16.5805,0.28462704,0.12251247,0.045830546,0.13652381,-0.71189348,0.14437031,0.67359196,0.02284367,0.012581379,-0.05587583
16.5905,0.28495665,0.12259644,0.045232953,0.13717438,-0.71371539,0.14601504,0.67117296,0.023671198,0.012789118,-0.062675657
16.6005,0.28530286,0.12266809,0.04448339,0.13784571,-0.71569994,0.14776625,0.66853369,0.024846882,0.010955182,-0.08449725
16.6105,0.28565696,0.12272431,0.04356915,0.13851775,-0.71788369,0.14961508,0.66563592,0.023781163,0.010510697,-0.086587894
16.6205,0.28598326,0.12278428,0.042915856,0.13924654,-0.71964075,0.15131225,0.66319846,0.022280618,0.010160579,-0.05146701
16.6305,0.2862685,0.12285192,0.042436143,0.13998118,-0.72113065,0.15285612,0.66106797,0.017194215,0.011360715,-0.046472663
16.6405,0.28653653,0.12287424,0.041856601,0.14051859,-0.72276265,0.15423927,0.65884667,0.01683522,-0.00097978423,-0.044792874
16.6505,0.28671984,0.12280061,0.041649352,0.14070734,-0.72361243,0.15485295,0.65772872,0.013481265,-0.0091288151,-0.00513894
16.6605,0.28686344,0.12269443,0.041679428,0.1408025,-0.72384203,0.15503797,0.65741205,0.013197949,-0.010805015,0.0077531143
16.6705,0.28700721,0.12256924,0.041787656,0.14084353,-0.72382065,0.15507746,0.65741748,0.014674453,-0.013674926,0.012172512
16.6805,0.28715794,0.12242458,0.041909608,0.14087964,-0.72375616,0.1550528,0.65748656,0.015590407,-0.015200718,0.011688473
16.6905,0.2873199,0.12229555,0.041983803,0.14105017,-0.72310304,0.15489171,0.6582062,0.01858896,-0.012439597,0.004269652
16.7005,0.28749294,0.1221941,0.042002004,0.14138022,-0.7217481,0.15458583,0.65969276,0.020138564,-0.0099348057,0.00034809817
16.7105,0.28766423,0.12212041,0.041992258,0.14178,-0.7200608,0.15421307,0.66153549,0.019663043,-0.0075949933,-0.0015389795
16.7205,0.28783366,0.1220896,0.041967201,0.14228577,-0.71784469,0.15372957,0.66394351,0.021491389,-0.0027284994,-0.0027891093
16.7305,0.28799248,0.12208594,0.041876536,0.14279525,-0.71522557,0.1530825,0.66680406,0.020894508,-0.0014224029,-0.0088252534
16.7405,0.28814601,0.12210155,0.041784658,0.14335272,-0.71240669,0.15237694,0.66985669,0.020301214,7.1709257e-05,-0.010277115
16.7505,0.28831122,0.12214696,0.041683415,0.14382532,-0.70961589,0.15169582,0.67286548,0.022364948,0.0029067156,-0.01252367
16.7605,0.28853856,0.12218568,0.041599252,0.14434975,-0.70703637,0.15097824,0.67562437,0.031610063,0.00099637577,-0.0098418611
16.7705,0.28882661,0.1222136,0.041502645,0.14483139,-0.70466025,0.15039402,0.67812937,0.033915306,0.00075309677,-0.0072892053
16.7805,0.28914058,0.12222414,0.041416366,0.14529812,-0.70237719,0.14988266,0.68050711,0.036404576,-0.0015617494,-0.011318993
16.7905,0.28946815,0.12221902,0.041327404,0.14574838,-0.70018271,0.14940623,0.68277328,0.036583507,-0.0024964528,-0.0072382882
16.8005,0.28979378,0.12221226,0.041259416,0.1461868,-0.69805916,0.14895118,0.68494991,0.035919394,-0.0018718862,-0.0087183123
16.8105,0.29011523,0.1222104,0.041166936,0.14651643,-0.69602632,0.14860022,0.68702131,0.03501467,-0.0013048999,-0.0077788126
16.8205,0.29040425,0.12220968,0.041097426,0.14666492,-0.69395179,0.14843482,0.68912076,0.027142949,-0.00095109584,-0.0050521847
16.8305,0.29057702,0.12222711,0.041031664,0.14704033,-0.69184042,0.1480359,0.69124623,0.016394507,0.0020657177,-0.014442775
16.8405,0.29067409,0.12227264,0.040938851,0.14753787,-0.68977915,0.14753303,0.69330463,0.011134742,0.0032851167,-0.0064932097
16.8505,0.29074075,0.12232139,0.040898846,0.14807103,-0.68775828,0.14701375,0.69530603,0.0092960845,0.002944347,-0.0037641536
16.8605,0.29076332,0.12233699,0.040927547,0.14843228,-0.68608442,0.1464681,0.69699578,0.0024056689,-0.0024279757,0.0065462456
16.8705,0.29072711,0.12232664,0.041008971,0.14858695,-0.68495039,0.1459207,0.69819197,-0.0030927555,-0.0029453571,0.0079921513
16.8805,0.29067854,0.12228989,0.041107569,0.14878783,-0.68423068,0.14533817,0.69897595,-0.0036111702,-0.0039845653,0.0065011023
16.8905,0.29061264,0.12227893,0.041139398,0.14879754,-0.68381819,0.14497031,0.69945378,-0.0057815639,-0.00064059118,-0.00042170906
16.9005,0.29054812,0.12229743,0.041180379,0.14885674,-0.68341831,0.14482696,0.69986159,-0.0050213662,0.0036575069,0.0075713397
16.9105,0.29050247,0.1223547,0.04128546,0.1490946,-0.68284386,0.14484928,0.70036687,-0.0036855006,0.0071878636,0.012173619
16.9205,0.29047724,0.12244365,0.041391068,0.14929504,-0.68218775,0.14509865,0.70091173,-0.0018978408,0.010412369,0.010871529
16.9305,0.29044843,0.12256972,0.041686763,0.14987438,-0.68102542,0.14494927,0.70194854,-0.0019660385,0.013942094,0.043580279
16.9405,0.29041947,0.12275161,0.042315777,0.15057684,-0.67905262,0.14460063,0.70377895,0.00059617884,0.019741128,0.073877871
16.9505,0.29039701,0.12298533,0.042997154,0.15106274,-0.67662401,0.14440791,0.70604983,0.0010478982,0.023421661,0.069264126
16.9605,0.29038063,0.1232197,0.043756743,0.1514374,-0.67464545,0.14411372,0.70792053,0.0017939379,0.021151566,0.079249122
16.9705,0.29038386,0.12343215,0.044479615,0.15183844,-0.67355118,0.14355271,0.70898978,0.0033864436,0.020004089,0.067763636
16.9805,0.29040937,0.12364813,0.045063913,0.15165484,-0.67291782,0.143495,0.70964188,0.0053985432,0.022486625,0.053626962
16.9905,0.29046851,0.12381126,0.045548985,0.15135444,-0.67320728,0.14334173,0.70946244,0.0080358237,0.012763348,0.039954976
17.0005,0.29056517,0.12391143,0.045885515,0.15072236,-0.67446747,0.14332309,0.70840306,0.010527047,0.0074261021,0.031689447
17.0105,0.29069207,0.12395605,0.04614886,0.15010797,-0.67626934,0.14323126,0.7068325,0.012865669,0.0048345268,0.017743407
17.0205,0.29085717,0.12394971,0.046300197,0.14908022,-0.67861498,0.14340993,0.70476264,0.016782165,-0.0047401125,0.015435678
17.0305,0.29105672,0.12385185,0.046413668,0.14794527,-0.68150937,0.14352968,0.70217975,0.019098911,-0.011805625,0.0083657706
17.0405,0.29127193,0.12370771,0.046463193,0.14677744,-0.68463441,0.14363522,0.69935758,0.019455337,-0.014329555,0.0029140262
17.0505,0.29148535,0.12354231,0.04648607,0.14556217,-0.68773198,0.14364773,0.69656422,0.019440007,-0.016658127,0.0015555094
17.0605,0.29168574,0.12336675,0.046494748,0.14430511,-0.69069484,0.14354717,0.69390985,0.018497179,-0.017219938,0.00057462686
17.0705,0.29187082,0.12319364,0.046497709,0.14307021,-0.69345534,0.14338332,0.69144185,0.01728314,-0.016736115,0.00018458612
17.0805,0.29204727,0.12302358,0.046505395,0.14190423,-0.69596872,0.14318896,0.68919348,0.017316287,-0.016943042,0.0011264611
17.0905,0.29222363,0.12285188,0.046520285,0.14082937,-0.69823141,0.14298557,0.68716455,0.017684466,-0.017326581,0.0016733235
17.1005,0.29240869,0.12268229,0.046501409,0.13979475,-0.70026894,0.14283998,0.68533027,0.018497764,-0.016693228,-0.002941605
17.1105,0.29261563,0.122531,0.046578443,0.13909902,-0.70179174,0.14280903,0.68391914,0.022261426,-0.013775585,0.01836267
17.1205,0.29285905,0.12239724,0.046837234,0.13885311,-0.70258384,0.1428917,0.68313815,0.024147042,-0.012298016,0.030957773
17.1305,0.29307692,0.12228584,0.047020038,0.13880366,-0.70342787,0.14311952,0.68223133,0.015120388,-0.0078928899,0.0022537925
17.1405,0.29326844,0.12224703,0.04699462,0.1388772,-0.7047677,0.14375347,0.68069858,0.015003778,0.0023893076,-0.0077709745
17.1505,0.29348308,0.12227979,0.046858739,0.13917162,-0.70624444,0.14474805,0.67889473,0.015601539,0.0087271045,-0.018970054
17.1605,0.2937117,0.1223588,0.046616469,0.13959634,-0.7077532,0.14594093,0.67697822,0.015790468,0.01290474,-0.028802327
17.1705,0.29397665,0.12244824,0.046226034,0.14012676,-0.7093952,0.14735203,0.67484096,0.020082798,0.01247988,-0.047166229
17.1805,0.29428425,0.12252966,0.045693156,0.14073219,-0.71119125,0.14894852,0.67246992,0.02276092,0.012200466,-0.056991249
17.1905,0.294613,0.12260867,0.045086479,0.14136621,-0.71301267,0.1506016,0.67003558,0.023670328,0.012416782,-0.063447588
17.2005,0.29495937,0.12267506,0.044332522,0.14202053,-0.71499036,0.15236216,0.66738649,0.024962022,0.01054527,-0.084787685
17.2105,0.29530809,0.12272848,0.043519479,0.14270068,-0.71701896,0.15417914,0.6646421,0.023347203,0.01018554,-0.065973925
17.2205,0.29563295,0.12278083,0.042995075,0.14345294,-0.71856962,0.15582793,0.66241725,0.023160584,0.0089362006,-0.043752015
17.2305,0.29594735,0.12282195,0.042467115,0.14419816,-0.72010638,0.15734176,0.66022516,0.023846246,0.0078109123,-0.063549923
17.2405,0.29626637,0.12283124,0.041816203,0.14455313,-0.72179635,0.15883714,0.65794011,0.020886918,0.00052195186,-0.043720694
17.2505,0.29646945,0.12275162,0.041629708,0.14480765,-0.72259719,0.15935127,0.65687991,0.014863123,-0.010469125,-0.0036193939
17.2605,0.29663049,0.12263614,0.041676945,0.14491144,-0.7227916,0.15951099,0.65660431,0.015516344,-0.010587316,0.009717519
17.2705,0.29678981,0.12250814,0.041793124,0.14490691,-0.72271677,0.15958499,0.6566697,0.016172952,-0.014426994,0.012876223
17.2805,0.29695289,0.12235398,0.041918472,0.14493244,-0.72263759,0.15956611,0.65675578,0.016836651,-0.016414348,0.01195959
17.2905,0.29712444,0.12221436,0.04199345,0.14510836,-0.72198999,0.15939757,0.65746972,0.019132601,-0.01331228,0.0041354723
17.3005,0.29730027,0.12210487,0.042009659,0.14545296,-0.72064905,0.15907742,0.65894063,0.020220588,-0.010727972,3.1467253e-05
17.3105,0.29747191,0.12202444,0.041997144,0.14586905,-0.71898199,0.15868951,0.66076074,0.019619736,-0.0082846248,-0.0018730605
17.3205,0.29764037,0.1219869,0.04196866,0.14639263,-0.71678743,0.15818767,0.66314526,0.02102019,-0.0038308455,-0.0047717568
17.3305,0.29779621,0.12197425,0.041865586,0.146908,-0.71420923,0.15751361,0.66596747,0.020866141,-0.0019258656,-0.0081797724
17.3405,0.29795329,0.12198699,0.041781929,0.14750948,-0.71140124,0.15680297,0.66900079,0.020410899,-0.0014980547,-0.009659028
17.3505,0.29811863,0.12202374,0.041689997,0.14803098,-0.70860748,0.15609305,0.67200984,0.022272736,0.0021441273,-0.011946862
17.3605,0.29834006,0.12205278,0.041554824,0.14846338,-0.70609351,0.15541064,0.67471336,0.03112349,-0.00012921099,-0.0095555701
17.3705,0.29862452,0.1220691,0.041482145,0.14896121,-0.70368666,0.15482312,0.67724844,0.033628662,-0.00040426594,-0.0057163543
17.3805,0.29893551,0.12206833,0.041418122,0.14946227,-0.7013819,0.15428638,0.6796471,0.036160877,-0.0026195206,-0.011803612
17.3905,0.2992611,0.12205508,0.041326391,0.14993836,-0.69919897,0.15378441,0.68190149,0.036368373,-0.003235749,-0.0074909735
17.4005,0.29958498,0.12204218,0.041255975,0.15040231,-0.69708292,0.15330372,0.68407055,0.035667707,-0.0026268058,-0.0086715169
17.4105,0.29990318,0.12203167,0.041173298,0.15077101,-0.69504159,0.15291553,0.68615023,0.034722451,-0.0022026173,-0.0077263693
17.4205,0.30019003,0.12202412,0.041103836,0.15094767,-0.69296975,0.15272266,0.6882467,0.026959765,-0.0015934847,-0.0052030465
17.4305,0.30036212,0.12203639,0.041031673,0.1513393,-0.6908722,0.15230846,0.69035799,0.016091168,0.0013208239,-0.0087640645
17.4405,0.30045738,0.12207669,0.040960898,0.1518582,-0.68878274,0.15178677,0.69244365,0.01119514,0.0029225905,-0.0096096464
17.4505,0.30052513,0.12212174,0.040900724,0.15239844,-0.68679724,0.15126602,0.69440828,0.0092882633,0.002566029,-0.0050038111
17.4605,0.30054423,0.1221332,0.040925839,0.15275402,-0.68516137,0.15071111,0.69606485,0.0020935489,-0.0026074872,0.0062001312
17.4705,0.30050611,0.12212289,0.041003619,0.15290883,-0.6840534,0.15016337,0.69723798,-0.0032788786,-0.0028506237,0.0076430569
17.4805,0.30045293,0.12209319,0.041096384,0.15309508,-0.68334186,0.14960003,0.69801549,-0.0040289822,-0.0032200505,0.0058963003
17.4905,0.30038501,0.12208709,0.041124062,0.15309935,-0.68293717,0.14924544,0.69848637,-0.0059279048,-0.00031801214,-0.00060776195
17.5005,0.30032001,0.12210964,0.04116598,0.15316457,-0.68253581,0.14910388,0.69889449,-0.0050473245,0.0040831424,0.007910162
17.5105,0.30027412,0.1221697,0.041275711,0.15341707,-0.68195157,0.1491187,0.69940608,-0.0038032417,0.0071387634,0.013002587
17.5205,0.30024748,0.12225635,0.041394662,0.1536706,-0.68128473,0.14932127,0.69995687,-0.0018219301,0.010521788,0.011105914
17.5305,0.30023059,0.12238915,0.04172613,0.15422376,-0.68008174,0.14922408,0.70102499,0.00023906027,0.015943654,0.049668788
17.5405,0.30022173,0.12259143,0.042293151,0.15473906,-0.67808942,0.14907963,0.70286971,0.0022287921,0.021393556,0.064567476
17.5505,0.30020784,0.12281445,0.043069728,0.15554771,-0.67564812,0.14857905,0.70514452,0.001860998,0.020839804,0.08420855
17.5605,0.30020345,0.1230471,0.043807684,0.15597814,-0.67368124,0.14823618,0.70700102,0.0036357717,0.02311893,0.066352283
17.5705,0.30022158,0.1232797,0.044455736,0.15603605,-0.67256654,0.14803503,0.70809084,0.0038635115,0.019017089,0.06624228
17.5805,0.30024988,0.12347334,0.045081124,0.15618339,-0.67196546,0.14763606,0.70871204,0.0049325594,0.019292789,0.054829407
17.5905,0.30030888,0.12363142,0.045563063,0.15576862,-0.67222878,0.14760819,0.7085594,0.0078944402,0.012005414,0.042442823
17.6005,0.30040014,0.12371731,0.04590874,0.15514022,-0.67348443,0.14759115,0.70750766,0.0097692034,0.0063241141,0.027437773
17.6105,0.30051678,0.12375267,0.046149139,0.15441748,-0.67528389,0.14761608,0.70594363,0.011510716,0.0022168942,0.021430299
17.6205,0.30067057,0.12372093,0.046343415,0.15352288,-0.67762879,0.14767399,0.70387666,0.015982303,-0.0066732592,0.017356746
17.6305,0.30086486,0.12361059,0.046468001,0.15242615,-0.68052472,0.14776114,0.70129809,0.018693663,-0.01265997,0.0084850617
17.6405,0.3010768,0.12346082,0.046515572,0.15125167,-0.6836517,0.1478756,0.69848127,0.019187443,-0.014684788,0.0024195541
17.6505,0.30128611,0.12329327,0.046526463,0.15001,-0.68676852,0.14791608,0.69567725,0.019077387,-0.016785414,0.000550376
17.6605,0.30148354,0.12311638,0.04652642,0.14872457,-0.68974058,0.14784549,0.69302283,0.018247268,-0.017304187,-9.4882664e-05
17.6705,0.30166705,0.12294193,0.046525934,0.14746516,-0.69249785,0.1477079,0.69056726,0.017287196,-0.016897089,0.00036610423
17.6805,0.3018437,0.1227694,0.046533375,0.14627941,-0.69500302,0.1475355,0.68833598,0.017402573,-0.017254631,0.0010293304
17.6905,0.30202301,0.12259521,0.046539153,0.14516262,-0.69727306,0.14737594,0.68630782,0.018914018,-0.016666244,-0.00074805264
17.7005,0.30221249,0.12242179,0.04652875,0.14416579,-0.69933261,0.14719338,0.68445908,0.018514471,-0.017614255,0.00036485731
17.7105,0.30242364,0.12226816,0.046617596,0.14344802,-0.70084902,0.14718178,0.68305991,0.022687536,-0.013857111,0.018609067
17.7205,0.30266781,0.12212848,0.046872254,0.14321899,-0.70164539,0.14724882,0.6822755,0.024062558,-0.012980998,0.030216093
17.7305,0.30289415,0.12201807,0.047057964,0.1431801,-0.7024512,0.14749179,0.68140145,0.016906283,-0.0058267044,-0.00026206002
17.7405,0.30310227,0.12199605,0.047011994,0.14327227,-0.70379694,0.14819818,0.67983838,0.016104105,0.0039914845,-0.0093813211
17.7505,0.30332718,0.12203984,0.046862083,0.14356916,-0.70528085,0.14924923,0.67800552,0.016298737,0.0097430893,-0.020109855
17.7605,0.30356226,0.12212465,0.046609452,0.14398645,-0.70679606,0.15048414,0.67606343,0.016246653,0.013426921,-0.029669311
17.7705,0.30383093,0.12221538,0.046210973,0.14450192,-0.70844236,0.15192611,0.67390435,0.020343003,0.012567634,-0.047852984
17.7805,0.30414037,0.1222944,0.045672511,0.14508698,-0.71023935,0.15354486,0.67151605,0.022885802,0.011971376,-0.057564888
17.7905,0.30446936,0.1223686,0.045060566,0.14569729,-0.71206087,0.15521343,0.66906682,0.02370758,0.011972855,-0.063908136
17.8005,0.3048152,0.12242822,0.044303503,0.14632504,-0.71403534,0.156985,0.66640695,0.024972349,0.0099210974,-0.085014569
17.8105,0.30516146,0.12247461,0.043524302,0.14698784,-0.71600753,0.15879616,0.66371046,0.023364279,0.00947659,-0.062282885
17.8205,0.30548647,0.12251808,0.043021775,0.14772585,-0.71751503,0.16044127,0.66151935,0.023420393,0.0081042059,-0.042553109
17.8305,0.30580559,0.12254469,0.042467062,0.14842098,-0.71906437,0.16196879,0.65930551,0.022545635,0.0069496676,-0.060238997
17.8405,0.30610905,0.12254777,0.04184974,0.14890341,-0.72074232,0.16337165,0.65701445,0.020236648,-0.00075239302,-0.046075823
17.8505,0.30632343,0.1224833,0.04163804,0.14895531,-0.72151369,0.16410039,0.65597361,0.016106289,-0.0085859199,-0.0046684851
17.8605,0.30647852,0.12236793,0.04168213,0.14908729,-0.72174166,0.16425356,0.65565443,0.012466107,-0.01308277,0.0099497015
17.8705,0.30661725,0.12223008,0.041807867,0.1492814,-0.7217378,0.16415641,0.65563883,0.014725322,-0.014780408,0.012628996
17.8805,0.30677056,0.12207958,0.0419321,0.14934364,-0.7216809,0.16410805,0.6556994,0.015898116,-0.015426374,0.011500897
17.8905,0.30693608,0.12194741,0.042002647,0.14950031,-0.7210338,0.1639591,0.65641247,0.018809268,-0.012732564,0.0039350239
17.9005,0.30710961,0.1218421,0.042015784,0.14981965,-0.71968514,0.16366289,0.65789196,0.020067891,-0.010463415,-6.3381298e-06
17.9105,0.30727964,0.12176391,0.042001668,0.15021877,-0.71800486,0.16329072,0.65972683,0.019585242,-0.0082309475,-0.0018584601
17.9205,0.30744788,0.12172592,0.041972905,0.1507385,-0.71580001,0.16279482,0.66212242,0.021292126,-0.003637717,-0.0030516296
17.9305,0.30760217,0.12171357,0.041863909,0.1512096,-0.71320136,0.16215708,0.66496959,0.020577781,-0.0021950138,-0.010285122
17.9405,0.30775835,0.12172355,0.041784681,0.15182151,-0.7103679,0.16143958,0.66803064,0.020367572,-0.0012972179,-0.010260768
17.9505,0.30792626,0.12176074,0.041688432,0.15237992,-0.70759713,0.16071119,0.6710131,0.023727585,0.0030810172,-0.0067593702
17.9605,0.30816198,0.12179541,0.041571824,0.15294919,-0.70508102,0.1599922,0.67369859,0.032036825,5.3207497e-05,-0.009138951
17.9705,0.3084559,0.12181255,0.041501303,0.15349117,-0.70268817,0.15939347,0.67621263,0.034367495,-0.00042273465,-0.0057625355
17.9805,0.30877491,0.12181521,0.041424579,0.15399639,-0.7004095,0.15885949,0.6785833,0.036832516,-0.0021859621,-0.010728538
17.9905,0.30910763,0.12180768,0.041338824,0.15447634,-0.69821849,0.15835812,0.68084558,0.037051915,-0.0026692747,-0.0071118667
18.0005,0.30943907,0.12180169,0.041259224,0.15493424,-0.69611567,0.15788033,0.68300231,0.036378812,-0.0019406945,-0.0073178079
18.0105,0.30976187,0.12179768,0.041173974,0.15526312,-0.69406309,0.15753728,0.68509255,0.034953481,-0.0018222901,-0.0056402744
18.0205,0.31003952,0.12179228,0.041114017,0.15547369,-0.69196064,0.15731271,0.68721984,0.025294836,-0.001555649,-0.0050402818
18.0305,0.31020294,0.12180457,0.041033142,0.15590616,-0.68986714,0.15685861,0.68932719,0.015598286,0.00089513918,-0.0072928122
18.0405,0.31029712,0.12184179,0.040949514,0.15644415,-0.68779833,0.15632279,0.69139126,0.010968585,0.0023619729,-0.00648105
18.0505,0.31036418,0.12188258,0.040898272,0.15699858,-0.68580384,0.15578613,0.69336514,0.009440549,0.0022735417,-0.008497816
18.0605,0.31038885,0.12189575,0.040903022,0.15739524,-0.68419629,0.15527077,0.6949771,0.0022974248,-0.0022362902,0.0051215732
18.0705,0.31035432,0.12188626,0.040977717,0.15758978,-0.68310176,0.1547389,0.69612737,-0.0023798872,-0.0037648682,0.0078390939
18.0805,0.31030904,0.12185197,0.041072592,0.15778922,-0.6823981,0.15418579,0.69689464,-0.0038199361,-0.0031249826,0.005741023
18.0905,0.31024239,0.12184661,0.041100079,0.15778451,-0.68199884,0.15384115,0.69736256,-0.0058833306,-0.00026223896,-0.00044892045
18.1005,0.31017729,0.12187004,0.041143772,0.15784091,-0.68159876,0.15369615,0.69777279,-0.0050459457,0.004117726,0.00815812
18.1105,0.31013066,0.12193018,0.041256063,0.15808513,-0.68101301,0.1536995,0.69828851,-0.0038324187,0.0070849384,0.013285518
18.1205,0.31010184,0.12201368,0.041384645,0.15836068,-0.68034361,0.15385651,0.69884379,-0.0020032969,0.01004279,0.011993352
18.1305,0.31007821,0.12214992,0.041688311,0.15873403,-0.67912453,0.15390611,0.69993306,-0.0015040387,0.01462569,0.048967428
18.1405,0.31004974,0.12233359,0.042318737,0.15957028,-0.67716565,0.1534078,0.70174786,0.00040906537,0.019396732,0.06996561
18.1505,0.31002773,0.12256296,0.043015771,0.16003637,-0.67470874,0.1532213,0.70404525,0.0013362578,0.022746025,0.077470392
18.1605,0.31001384,0.1227777,0.043815292,0.16070636,-0.67275283,0.15260861,0.70589496,0.002169635,0.01900734,0.078413725
18.1705,0.31001885,0.1229908,0.044460143,0.16072766,-0.67161556,0.15240993,0.70701511,0.0041126313,0.021922577,0.05878263
18.1805,0.31004046,0.12318274,0.045070891,0.16075879,-0.67101355,0.1521034,0.70764538,0.0040302523,0.017292312,0.057908782
18.1905,0.31009524,0.12333836,0.045524573,0.16037418,-0.6713083,0.15202543,0.70746983,0.0076829527,0.012022898,0.03949264
18.2005,0.3101859,0.1234143,0.045903867,0.15984825,-0.67256669,0.15188615,0.7064228,0.0098417513,0.0030816658,0.033714026
18.2105,0.31030902,0.12344242,0.046179567,0.15924659,-0.67436684,0.15177144,0.70486546,0.012676285,0.0033367401,0.020053409
18.2205,0.31047333,0.12342879,0.046332414,0.15813748,-0.67669551,0.1520248,0.70282585,0.016749101,-0.0052083122,0.01526858
18.2305,0.31067157,0.12332474,0.046447344,0.15693554,-0.67956598,0.15220622,0.70028179,0.018988895,-0.012372787,0.0087281325
18.2405,0.3108836,0.12317448,0.046497019,0.15571628,-0.68267711,0.15235875,0.69748923,0.019144362,-0.014857682,0.0028302617
18.2505,0.31109117,0.12300444,0.04651164,0.15445262,-0.68578916,0.1524163,0.69469914,0.018866159,-0.017078851,0.00091529569
18.2605,0.31128582,0.1228242,0.046515361,0.15315555,-0.68876184,0.15235366,0.69205409,0.017960613,-0.017670526,0.00019990442
18.2705,0.31146566,0.12264646,0.046515429,0.1518864,-0.69152917,0.15222282,0.68959853,0.016795867,-0.017182806,-4.7358134e-05
18.2805,0.31163692,0.12247223,0.046520707,0.15069009,-0.69404949,0.152058,0.68736174,0.016790225,-0.017326284,0.00086213606
18.2905,0.3118089,0.1222962,0.046534255,0.14958853,-0.69631728,0.15188092,0.68534495,0.017264458,-0.017784134,0.0012285991
18.3005,0.31198807,0.12212115,0.046510059,0.14854942,-0.69837328,0.15174128,0.68350744,0.017764604,-0.017368449,-0.0021597845
18.3105,0.31218904,0.12196383,0.046591897,0.1478503,-0.69990294,0.15171263,0.68209929,0.021754195,-0.014387807,0.018489592
18.3205,0.31242826,0.12182402,0.046850811,0.1475943,-0.70069653,0.15180329,0.68131935,0.02380885,-0.012857916,0.030873483
18.3305,0.3126439,0.12170814,0.047031382,0.14752688,-0.70153995,0.15204681,0.68041112,0.015182801,-0.0078379289,0.0013027768
18.3405,0.31283654,0.1216678,0.046996988,0.14757528,-0.70288263,0.15271231,0.67886412,0.015128862,0.0022389967,-0.0085674407
18.3505,0.31305194,0.12169599,0.046853363,0.14783691,-0.70435705,0.15373384,0.67704602,0.015747086,0.008332303,-0.019659211
18.3605,0.31328122,0.12176823,0.046604407,0.14822532,-0.70586047,0.15494867,0.67511566,0.015960203,0.012338304,-0.029399619
18.3705,0.31354631,0.12184873,0.046208222,0.14871571,-0.70749379,0.15637919,0.67296488,0.020193403,0.011696183,-0.047683053
18.3805,0.31385337,0.12191933,0.045670422,0.14927794,-0.7092781,0.15799397,0.67058078,0.02283548,0.011277695,-0.057431701
18.3905,0.31418125,0.1219865,0.045059551,0.14986826,-0.71108629,0.15966361,0.66813421,0.023735149,0.011433716,-0.06383031
18.4005,0.31452673,0.12204018,0.044303437,0.15047712,-0.71304705,0.161441,0.66547528,0.025063396,0.0094757565,-0.084878006
18.4105,0.31487426,0.12208072,0.043508134,0.15111788,-0.71502988,0.16326796,0.66275126,0.023480199,0.0090702264,-0.063945528
18.4205,0.31519902,0.12211952,0.042995963,0.15183887,-0.71654184,0.16492504,0.66053954,0.023352477,0.007819745,-0.043061543
18.4305,0.31550917,0.12215589,0.042493755,0.15258627,-0.71801333,0.16642104,0.65839071,0.022718507,0.0066605084,-0.062796393
18.4405,0.31582517,0.12215363,0.041840119,0.15295862,-0.71971413,0.16792596,0.65606105,0.020832697,-0.0012730124,-0.046816536
18.4505,0.31603568,0.12207133,0.041618562,0.15309036,-0.72054536,0.16858451,0.65494808,0.01508654,-0.010634335,-0.0049813814
18.4605,0.31618792,0.12194694,0.041667418,0.1532854,-0.72077586,0.16867798,0.65462469,0.014512593,-0.011472137,0.009351269
18.4705,0.31634162,0.12181938,0.041784974,0.15330341,-0.72070441,0.16873901,0.65468341,0.01578188,-0.014145623,0.012984366
18.4805,0.31650077,0.12166892,0.04191114,0.15332414,-0.72062064,0.16872763,0.65477369,0.016446479,-0.015974311,0.012094382
18.4905,0.31666894,0.12153112,0.041987126,0.15350005,-0.71996698,0.16856061,0.65549416,0.018862326,-0.013354709,0.0043296448
18.5005,0.31684263,0.12142062,0.042004753,0.15385526,-0.71862022,0.1682314,0.65697164,0.020001124,-0.010974833,0.00023844709
18.5105,0.31701207,0.12133759,0.041993745,0.15428864,-0.71694695,0.16782779,0.65879885,0.019388863,-0.0086828829,-0.0016911888
18.5205,0.31717859,0.12129507,0.041967282,0.15484,-0.71474715,0.16730243,0.66118906,0.021077535,-0.0042007092,-0.0029346116
18.5305,0.31733335,0.12127714,0.041869508,0.15539464,-0.71216069,0.1666004,0.66402106,0.020625034,-0.0028113821,-0.0086556996
18.5405,0.31748994,0.12128342,0.041783829,0.15605085,-0.70936567,0.16583379,0.66704395,0.020291778,-0.0019487437,-0.010544439
18.5505,0.31766325,0.12132395,0.041693842,0.1566556,-0.70656035,0.16511712,0.67005062,0.023331053,0.0028382389,-0.0098173635
18.5605,0.31789566,0.12135654,0.04157557,0.15722885,-0.70403867,0.16439444,0.67274297,0.031663231,-0.00024515964,-0.0088969153
18.5705,0.31818559,0.12137073,0.041505301,0.15777979,-0.70163601,0.1637889,0.6752671,0.033966791,-0.00075673484,-0.0058080911
18.5805,0.31850088,0.12137012,0.041416616,0.15828959,-0.69936683,0.16324822,0.67762856,0.036376012,-0.0027702222,-0.0095835542
18.5905,0.3188289,0.12135615,0.041337456,0.15878587,-0.69716022,0.16273421,0.67990606,0.03661508,-0.0033575467,-0.0067489367
18.6005,0.31915644,0.12134407,0.041259364,0.15925771,-0.69505044,0.16224409,0.68206944,0.03601752,-0.0025629503,-0.007280498
18.6105,0.31947774,0.12133438,0.041173854,0.15963276,-0.69300462,0.16185576,0.68415254,0.034828355,-0.0024474564,-0.0055956929
18.6205,0.31976838,0.12132424,0.041116283,0.15981759,-0.6909116,0.16165804,0.68626975,0.027607959,-0.0020603925,-0.0044271503
18.6305,0.31994464,0.12133359,0.041033836,0.16021883,-0.68883393,0.16123738,0.68836055,0.016051367,0.00073956698,-0.0067633358
18.6405,0.32004063,0.12136885,0.040952525,0.16076273,-0.68676575,0.16069602,0.69042374,0.01093468,0.0020869199,-0.0063740151
18.6505,0.32010664,0.12140731,0.040899494,0.16133368,-0.68477775,0.16014309,0.69239083,0.0092244876,0.0019725128,-0.0083046567
18.6605,0.32012836,0.12141904,0.040905209,0.16174131,-0.68317479,0.15960263,0.69400213,0.0019877644,-0.0023418106,0.005081947
18.6705,0.32009036,0.12141149,0.040977826,0.16193518,-0.68208626,0.15905797,0.69515171,-0.0034349309,-0.0026217644,0.0074278525
18.6805,0.32003155,0.12138893,0.041070404,0.16213746,-0.68138289,0.15849131,0.69592334,-0.00441106,-0.0029824944,0.0061954924
18.6905,0.31996146,0.12138499,0.041101588,0.16215336,-0.68098716,0.15812154,0.69639095,-0.0060860575,-0.00020482093,-0.00031934069
18.7005,0.31989519,0.12140922,0.041147392,0.16221921,-0.68058896,0.15796461,0.69680038,-0.0051027901,0.0041533369,0.0083435217
18.7105,0.31984842,0.12146959,0.041261713,0.16246979,-0.68000145,0.15796014,0.69731642,-0.003812325,0.0070785577,0.013463231
18.7205,0.31981966,0.12155209,0.041394135,0.1627597,-0.67932905,0.15810199,0.69787183,-0.0019890099,0.0098689719,0.012370244
18.7305,0.31979666,0.12168543,0.041701508,0.16315698,-0.67810781,0.15812727,0.6989602,-0.0012387539,0.015109298,0.050370563
18.7405,0.3197692,0.12186674,0.042316541,0.16396688,-0.67614884,0.15765372,0.70077309,0.00090924263,0.019301932,0.068961736
18.7505,0.31975212,0.12209502,0.043033845,0.16451783,-0.67369211,0.15739075,0.70306541,0.0013234117,0.021968073,0.078519585
18.7605,0.3197391,0.12231497,0.043814952,0.1651458,-0.67173952,0.15683029,0.70490931,0.0023816075,0.019984747,0.074705076
18.7705,0.31974561,0.12252844,0.044458159,0.16512295,-0.67058869,0.15668824,0.70604109,0.0031924082,0.019317133,0.066287995
18.7805,0.31976482,0.12270102,0.045131086,0.16541214,-0.67000353,0.15612493,0.70665345,0.004121794,0.015751554,0.065227033
18.7905,0.31982157,0.12285219,0.045594927,0.165023,-0.670288,0.15606073,0.70648882,0.0091846664,0.014078831,0.040124123
18.8005,0.31992679,0.12295701,0.04589092,0.16419635,-0.67153959,0.15623387,0.70545383,0.011008692,0.006604263,0.03056502
18.8105,0.32005332,0.12298306,0.046179711,0.16360613,-0.67332778,0.15611108,0.70391197,0.012721936,0.0014401774,0.02563932
18.8205,0.32021476,0.12295287,0.046346748,0.16264556,-0.67567597,0.15622354,0.70185655,0.016453139,-0.0067213652,0.015708238
18.8305,0.32041073,0.12283949,0.046459987,0.16147635,-0.67857474,0.15637851,0.6992907,0.0187389,-0.012934973,0.0080825457
18.8405,0.32062127,0.12268594,0.046505859,0.16023734,-0.68169988,0.15655535,0.69649099,0.019032426,-0.014964857,0.0026138282
18.8505,0.3208278,0.12251513,0.046518594,0.15893889,-0.68481446,0.15665147,0.69370592,0.018787317,-0.017050758,0.00090089237
18.8605,0.32102154,0.12233488,0.04652144,0.15760541,-0.68778556,0.15662869,0.69107091,0.017885383,-0.017618072,0.00025320272
18.8705,0.32120043,0.12215718,0.046521106,0.15630326,-0.69055036,0.15653402,0.6886266,0.016712861,-0.017151241,2.0898849e-05
18.8805,0.32137083,0.12198276,0.046527977,0.1550799,-0.69306313,0.15639906,0.6864059,0.016818515,-0.017403884,0.0013871711
18.8905,0.32154265,0.1218052,0.046539899,0.15395406,-0.69533492,0.15624918,0.68439294,0.01719647,-0.017885652,0.0010966022
18.9005,0.32172547,0.12163147,0.04653327,0.15283212,-0.69736872,0.15618548,0.68258721,0.018097231,-0.017367035,-1.9068533e-05
18.9105,0.32192136,0.12146303,0.046616891,0.15219837,-0.69892068,0.1560921,0.68116136,0.021094264,-0.015636123,0.017651139
18.9205,0.32215663,0.12131549,0.046871762,0.15197922,-0.69972801,0.15614707,0.68036837,0.023546913,-0.013395302,0.030371148
18.9305,0.3223758,0.12119991,0.047055137,0.15186744,-0.70051979,0.15643366,0.67951219,0.01575405,-0.0074302923,0.0012499757
18.9405,0.32257255,0.12116079,0.047020933,0.15188814,-0.70183939,0.15713425,0.67798252,0.015487788,0.002294242,-0.0082662298
18.9505,0.32279037,0.12118711,0.046880316,0.15213097,-0.7033011,0.1581748,0.67616896,0.01597447,0.0081173012,-0.019281195
18.9605,0.32302091,0.12125532,0.046634805,0.15250278,-0.70479629,0.15939964,0.67423798,0.01610818,0.01194409,-0.029065932
18.9705,0.32328623,0.12133008,0.046241479,0.15297492,-0.70642272,0.16083586,0.6720844,0.020247594,0.01114572,-0.047442576
18.9805,0.32359261,0.12139369,0.045705596,0.15351632,-0.70820041,0.16245457,0.66969652,0.022825238,0.01063326,-0.057289581
18.9905,0.32391923,0.12145322,0.045095655,0.15408437,-0.71000245,0.16412702,0.66724573,0.023688593,0.010753038,-0.0637903
19.0005,0.32426296,0.12149895,0.04433934,0.15466878,-0.71195722,0.16590776,0.66458189,0.025010619,0.0087544315,-0.084795491
19.0105,0.3246113,0.12153051,0.043511367,0.15527603,-0.71397929,0.16775349,0.66180186,0.023604238,0.008409895,-0.067976898
19.0205,0.32493527,0.12156254,0.042973483,0.15596972,-0.71552378,0.16942639,0.65954065,0.023143398,0.0073752614,-0.0446537
19.0305,0.3252384,0.12159854,0.042480031,0.15667561,-0.71696571,0.17095643,0.65740918,0.020820981,0.0083217098,-0.054292224
19.0405,0.32552833,0.12160551,0.041889492,0.15719949,-0.71859171,0.17236255,0.65513771,0.018191828,-2.9749156e-05,-0.042678555
19.0505,0.32572766,0.121542,0.041698798,0.15724269,-0.71941849,0.17314609,0.65401238,0.014970561,-0.0074785152,-0.003149407
19.0605,0.32587671,0.12144187,0.041730134,0.15724512,-0.71964131,0.1734348,0.65369009,0.013067462,-0.010513682,0.0075222312
19.0705,0.32600153,0.12131356,0.041848386,0.1574692,-0.71963735,0.17332182,0.65367047,0.012971588,-0.013829658,0.011561207
19.0805,0.32614041,0.12116993,0.041964353,0.15756459,-0.7195984,0.17324909,0.65370964,0.014387377,-0.014773591,0.01049329
19.0905,0.32629426,0.12104153,0.042027044,0.15775063,-0.71896771,0.17307624,0.65440415,0.017916049,-0.012679059,0.003163886
19.1005,0.32646173,0.1209366,0.042034277,0.15809896,-0.7176295,0.17275464,0.65587228,0.019578099,-0.010599916,-0.00056168133
19.1105,0.32662748,0.12085701,0.04201585,0.1585252,-0.7159533,0.17235787,0.65770312,0.01902294,-0.0083707608,-0.0021872391
19.1205,0.32679148,0.12081487,0.041982542,0.15907358,-0.71375215,0.17182946,0.66009704,0.020615525,-0.0050742231,-0.005303203
19.1305,0.32694366,0.12079566,0.041876546,0.159626,-0.71117051,0.17111481,0.66292968,0.02073624,-0.002719829,-0.0080558838
19.1405,0.32709781,0.12080476,0.041778669,0.16020547,-0.70835175,0.17041383,0.66598133,0.019895226,-0.0017919154,-0.0096207834
19.1505,0.32726449,0.12083646,0.041683932,0.16081822,-0.70557543,0.16963383,0.66897322,0.022968485,0.0021408272,-0.0094987162
19.1605,0.32749807,0.12086408,0.041601213,0.16145697,-0.70300524,0.16886344,0.67171453,0.031907432,-0.00065583191,-0.0073783842
19.1705,0.3277909,0.12087691,0.041515179,0.16202122,-0.70062999,0.16822947,0.67421479,0.034261893,-0.00087902007,-0.0096391681
19.1805,0.32810857,0.12087459,0.041426134,0.16254514,-0.69836187,0.16766365,0.67657865,0.036639588,-0.0029384754,-0.0098108682
19.1905,0.32843984,0.12086153,0.041345024,0.1630534,-0.69615664,0.167133,0.67885645,0.036972921,-0.003214438,-0.0068771536
19.2005,0.32877067,0.12085071,0.041260278,0.16353533,-0.69405541,0.16662887,0.68101256,0.036335953,-0.0024808389,-0.010164426
19.2105,0.3290924,0.12084011,0.041180547,0.16391163,-0.69199501,0.16623004,0.68311306,0.03488522,-0.0026258073,-0.0050982431
19.2205,0.32937818,0.12082858,0.041106658,0.1641248,-0.68992086,0.16599893,0.68521283,0.026443959,-0.0023070771,-0.0068253736
19.2305,0.32954666,0.120833,0.04103078,0.16456591,-0.68783211,0.1655336,0.68731628,0.015815048,0.00024940015,-0.0099573064
19.2405,0.32963984,0.12086267,0.040963185,0.16512674,-0.685748,0.16496633,0.68939752,0.010821222,0.0015080714,-0.0053331583
19.2505,0.3297069,0.12089698,0.040896777,0.16570041,-0.68378411,0.16441028,0.69134067,0.0091649443,0.0014283398,-0.0059030662
19.2605,0.32972842,0.1209047,0.040917292,0.16610901,-0.68216148,0.16385189,0.69297625,0.0021293467,-0.0027101772,0.0059975308
19.2705,0.32969174,0.12089476,0.040995377,0.16630386,-0.68106436,0.16329558,0.69413898,-0.0030626612,-0.0031519775,0.0078123503
19.2805,0.3296422,0.12086329,0.04108978,0.16650921,-0.68036515,0.16272352,0.69490934,-0.0039815265,-0.0031337837,0.0058228533
19.2905,0.32957452,0.12085894,0.041116978,0.1665133,-0.6799699,0.16236461,0.69537903,-0.0059612781,-0.00018117586,-0.0006243475
19.3005,0.32950989,0.12088384,0.04115912,0.16657718,-0.67957351,0.16221006,0.69578717,-0.0049759852,0.0041999234,0.0079997317
19.3105,0.32946412,0.12094432,0.041270138,0.16682909,-0.67898836,0.16220531,0.696299,-0.0037465605,0.0070696951,0.013171102
19.3205,0.32943714,0.12102893,0.04139365,0.16709415,-0.6783159,0.16237334,0.69685148,-0.0017646131,0.010206607,0.011565685
19.3305,0.32941241,0.12116106,0.041699039,0.1675238,-0.67710364,0.16236544,0.6979283,-0.0015909973,0.014127664,0.049850277
19.3405,0.32938284,0.1213436,0.042316731,0.1682769,-0.67513421,0.16195293,0.69974848,0.00011232121,0.019519836,0.064978532
19.3505,0.3293636,0.12157324,0.043038945,0.16886806,-0.6726789,0.16164705,0.70203769,0.0010887568,0.021335785,0.079169291
19.3605,0.32935012,0.12179398,0.043819165,0.16951032,-0.67072368,0.16107193,0.70388339,0.0024176467,0.020673187,0.074761625
19.3705,0.32935599,0.12201106,0.044468478,0.16958206,-0.66960398,0.16083003,0.70498662,0.0031730702,0.0183077,0.065602059
19.3805,0.32937858,0.122204,0.045085611,0.16963849,-0.66900866,0.16051295,0.70561022,0.0048185866,0.019125829,0.054876016
19.3905,0.32943852,0.12235634,0.045566771,0.16934952,-0.66930756,0.16034755,0.70543376,0.0084779906,0.012106284,0.038094482
19.4005,0.32953542,0.12243759,0.045918605,0.1686791,-0.67052668,0.16037143,0.70443051,0.009967473,0.0053923883,0.029043473
19.4105,0.32965003,0.12246233,0.046163221,0.16790964,-0.6723041,0.16043986,0.70290298,0.011264275,0.0010506254,0.022760172
19.4205,0.3297994,0.12241717,0.046366883,0.16696124,-0.67464104,0.16054735,0.7008623,0.015473971,-0.0078891904,0.017880737
19.4305,0.32998743,0.1222952,0.046493008,0.16580365,-0.67753502,0.16069272,0.69830745,0.018103963,-0.01364582,0.0084803508
19.4405,0.33019259,0.12213577,0.046539388,0.16456585,-0.68066067,0.16086888,0.69551444,0.018568138,-0.015476261,0.0022665713
19.4505,0.33039486,0.12196042,0.046548055,0.16326273,-0.68377879,0.1609703,0.69273401,0.018391747,-0.017462429,0.00033704533
19.4605,0.33058494,0.12177656,0.046545726,0.16192127,-0.686755,0.16095654,0.69010294,0.017540327,-0.017942886,-0.00030877432
19.4705,0.33076065,0.12159595,0.046540535,0.16060949,-0.68952527,0.16087282,0.68766229,0.016407707,-0.017419254,-0.00046489813
19.4805,0.33092867,0.12141865,0.046544201,0.15937665,-0.69204108,0.16074891,0.68544731,0.016603085,-0.017714595,0.00085613954
19.4905,0.33110092,0.12124024,0.046546182,0.15821198,-0.69431865,0.16063838,0.68343683,0.018344708,-0.017000659,-0.0013368916
19.5005,0.33128286,0.12106172,0.046533951,0.15719347,-0.69639469,0.16047953,0.68159443,0.017822498,-0.018090479,9.9387256e-05
19.5105,0.33148998,0.12090205,0.046617218,0.15643304,-0.69792071,0.16051063,0.68019977,0.02218755,-0.01466777,0.018386951
19.5205,0.33172879,0.12075314,0.046869783,0.15619115,-0.69872391,0.16058974,0.67941163,0.023511217,-0.013934757,0.029931923
19.5305,0.33195031,0.12063289,0.047052885,0.15613383,-0.69953288,0.1608414,0.67853225,0.016554579,-0.0068500843,-0.00054672829
19.5405,0.33215448,0.12059801,0.047003905,0.15618167,-0.70087326,0.16156081,0.67696533,0.015923707,0.0027411768,-0.0096956462
19.5505,0.33237625,0.12062647,0.04685069,0.15642435,-0.70234562,0.162625,0.67512603,0.016230708,0.0083461655,-0.020439411
19.5605,0.33260891,0.12069463,0.046594665,0.15678319,-0.70384616,0.16387152,0.67317586,0.016271985,0.011963153,-0.030000696
19.5705,0.33287505,0.12076712,0.046192806,0.15723543,-0.70547405,0.16532611,0.6710072,0.020317893,0.010939049,-0.04818447
19.5805,0.33318123,0.12082652,0.045650207,0.15775308,-0.70725013,0.16695994,0.66860721,0.022837761,0.010259294,-0.057862025
19.5905,0.33350706,0.12088055,0.045035164,0.15829612,-0.7090486,0.16864402,0.66614684,0.023670861,0.010271439,-0.064216671
19.6005,0.33384953,0.12091979,0.044275237,0.15885409,-0.71099756,0.17043444,0.66347566,0.024977772,0.0081768398,-0.085033961
19.6105,0.33419332,0.12094566,0.043515999,0.15945753,-0.71291129,0.17225807,0.66080099,0.023521305,0.0076878078,-0.060470057
19.6205,0.33451704,0.12096825,0.043023641,0.16014633,-0.71437353,0.17391498,0.65861764,0.023589733,0.0063037868,-0.042053333
19.6305,0.33483954,0.12097121,0.042451401,0.16082991,-0.71593985,0.17543049,0.65634443,0.024675257,0.0053924504,-0.065482848
19.6405,0.33515702,0.12097536,0.041845156,0.16121424,-0.71754669,0.1768812,0.65410225,0.020636794,0.00034391428,-0.040962659
19.6505,0.33537128,0.12090927,0.041668825,0.16131439,-0.71833008,0.17753257,0.65304039,0.016364129,-0.0077997074,-0.0027677908
19.6605,0.33553153,0.12080153,0.041712402,0.16135901,-0.71853329,0.17775733,0.6527446,0.013258319,-0.012031438,0.0092783153
19.6705,0.33567134,0.12066616,0.041834263,0.16158012,-0.71846788,0.17764984,0.65279116,0.014694104,-0.014788217,0.012148609
19.6805,0.33582497,0.12051338,0.041954259,0.16165875,-0.71840067,0.1775997,0.6528593,0.015992552,-0.015738022,0.011067116
19.6905,0.33599123,0.12037498,0.04202086,0.16182652,-0.71776587,0.17744455,0.65355778,0.01862714,-0.01338697,0.0034902199
19.7005,0.33616276,0.12026343,0.04202935,0.16216487,-0.71643842,0.17713234,0.65501349,0.01970724,-0.011131895,-0.00042404119
19.7105,0.33632984,0.12017814,0.042011216,0.16259165,-0.71478189,0.17673555,0.65682217,0.01911011,-0.0089551586,-0.0021881654
19.7205,0.33649388,0.12013108,0.041978479,0.16314939,-0.71259858,0.17620284,0.65919503,0.020499675,-0.0051830113,-0.0050104494
19.7305,0.33664525,0.12010621,0.04187216,0.16371618,-0.71003616,0.17547881,0.66200669,0.020455986,-0.0034591381,-0.008286823
19.7405,0.33679951,0.12010649,0.041784198,0.16435638,-0.70724706,0.17472255,0.66502677,0.019763828,-0.0025581227,-0.01132205
19.7505,0.33696717,0.12013398,0.041685072,0.16495472,-0.7044975,0.17395427,0.66799186,0.023195493,0.0015324577,-0.010173482
19.7605,0.33720099,0.12016409,0.041589875,0.16552202,-0.70194126,0.17324843,0.67072044,0.031923712,-0.00060507284,-0.0080088091
19.7705,0.33749455,0.12017423,0.041495769,0.1660753,-0.69959403,0.17262068,0.67319335,0.034225224,-0.0014287584,-0.0091468415
19.7805,0.3378111,0.1201656,0.04141988,0.16662742,-0.69732729,0.17203246,0.67555517,0.036437153,-0.003784609,-0.0065890372
19.7905,0.33814142,0.12014535,0.041324595,0.16715682,-0.69515979,0.17147646,0.6777959,0.036709984,-0.0040916038,-0.0089033125
19.8005,0.33846857,0.12012525,0.041252971,0.16767531,-0.69304754,0.17094086,0.67996274,0.035848647,-0.0035882414,-0.0061307572
19.8105,0.33878585,0.12010567,0.041179342,0.16806271,-0.69097744,0.17053884,0.68207155,0.034453528,-0.0034605797,-0.0057374372
19.8205,0.33906663,0.12008673,0.041119292,0.16829319,-0.68887714,0.17029437,0.68419698,0.025979,-0.0029125787,-0.0048667505
19.8305,0.33923334,0.12008756,0.041035962,0.16874852,-0.68679819,0.16981852,0.68628991,0.015507768,-0.00032540113,-0.0071293665
19.8405,0.3393261,0.1201139,0.040952771,0.16932883,-0.68473997,0.16924017,0.68834344,0.010665162,0.0011508074,-0.0065499051
19.8505,0.33939041,0.12014443,0.040900948,0.16992895,-0.68275795,0.16865692,0.6903047,0.0090746348,0.0011594418,-0.0086292259
19.8605,0.33941183,0.1201517,0.040904295,0.1703583,-0.68116531,0.16809616,0.69190719,0.0019558598,-0.0026273866,0.0048902517
19.8705,0.33937394,0.12014288,0.04097681,0.17057411,-0.68008411,0.16753413,0.69305295,-0.0035026836,-0.0027530798,0.0074870823
19.8805,0.33931749,0.12011728,0.041071169,0.17079861,-0.67938947,0.16695036,0.69381941,-0.0043760479,-0.0030529364,0.0062408906
19.8905,0.33924798,0.12011405,0.041102349,0.17082164,-0.67899481,0.16657693,0.69428967,-0.0060482899,-0.00010738393,-0.0003433687
19.9005,0.33918265,0.12013896,0.041147297,0.17089134,-0.67859558,0.16641818,0.69470078,-0.005005453,0.004134555,0.0082354445
19.9105,0.33913696,0.1201989,0.041260544,0.17114607,-0.67800571,0.16641012,0.69521576,-0.0037017307,0.0070124675,0.013392852
19.9205,0.33911012,0.12028196,0.041388417,0.1714236,-0.67732749,0.16656383,0.69577145,-0.0017312911,0.0099934647,0.011984369
19.9305,0.33908834,0.12041413,0.041692258,0.17181869,-0.67610167,0.16659087,0.69685892,-0.0012785515,0.01471625,0.050292434
19.9405,0.33905894,0.12058994,0.042325116,0.17267493,-0.67414126,0.16607285,0.69866783,0.00017846169,0.018411725,0.070227847
19.9505,0.33903965,0.12081354,0.043034261,0.17323534,-0.67168349,0.16579703,0.70095803,0.0014894854,0.022030641,0.075975336
19.9605,0.33902532,0.12102408,0.043823928,0.17390313,-0.66973287,0.16519157,0.70279963,0.0015109773,0.018332604,0.071659632
19.9705,0.33902951,0.12122585,0.044471613,0.17394413,-0.66859199,0.16497645,0.7039254,0.0035384495,0.016979185,0.064583447
19.9805,0.33905312,0.12140164,0.045100125,0.17409106,-0.66800315,0.16455511,0.70454646,0.004271353,0.017398009,0.052587178
19.9905,0.33910898,0.12154252,0.045572207,0.17369052,-0.66828243,0.16449168,0.70439526,0.0075160461,0.008079368,0.043610959
20.0005,0.33920563,0.12161626,0.045920066,0.17306948,-0.66954449,0.1644484,0.70335898,0.011365314,0.0073017929,0.027463987
20.0105,0.33933411,0.12164704,0.0461698,0.17229085,-0.67131922,0.16451694,0.70184083,0.012467188,0.0020807407,0.017447233
20.0205,0.33949129,0.12160886,0.046332409,0.17127029,-0.67366589,0.16468464,0.69979978,0.015963194,-0.0076251777,0.01576226
20.0305,0.33968177,0.12148628,0.046447248,0.17007293,-0.67656586,0.16486711,0.6972465,0.018206964,-0.013797314,0.008246347
20.0405,0.33988683,0.12132435,0.046495723,0.16881124,-0.67969206,0.16506748,0.69445965,0.018525461,-0.01572881,0.0027890611
20.0505,0.34008802,0.12114611,0.04651102,0.16749125,-0.68280818,0.16518703,0.69168845,0.018263129,-0.017744694,0.0010618778
20.0605,0.3402765,0.12095937,0.046515962,0.1661362,-0.68578172,0.16518851,0.68906818,0.017378462,-0.018220979,0.00037651304
20.0705,0.34045045,0.12077607,0.046517194,0.16481246,-0.68854938,0.16511843,0.68663856,0.016238816,-0.017677869,0.00010720683
20.0805,0.34061618,0.12059674,0.046525146,0.16356816,-0.69106528,0.16500737,0.68443174,0.016363125,-0.017879996,0.0013719557
20.0905,0.34078355,0.12041484,0.046536864,0.16242139,-0.69334277,0.16488117,0.68242896,0.016752814,-0.018297287,0.00094738392
20.1005,0.34096226,0.12023732,0.046508395,0.16129494,-0.69540005,0.16483013,0.68061277,0.017955395,-0.017343287,-0.0042336685
20.1105,0.34116248,0.12007629,0.046575927,0.16053205,-0.69693683,0.16486757,0.67921072,0.021523243,-0.014936474,0.017840453
20.1205,0.34139826,0.11992818,0.046831402,0.16025607,-0.69773361,0.16497951,0.67843023,0.023400784,-0.013788233,0.030752824
20.1305,0.34161056,0.11980346,0.047012035,0.16017939,-0.69857733,0.1652314,0.67751816,0.014838186,-0.0087915112,0.0020089119
20.1405,0.34179814,0.11974876,0.046984624,0.16020039,-0.69990548,0.16589385,0.67597884,0.014878757,0.00082615555,-0.0080168465
20.1505,0.34201023,0.11976102,0.046846445,0.1604277,-0.70136041,0.16691471,0.67416319,0.015685705,0.0068973573,-0.019249613
20.1605,0.34223765,0.11981706,0.046601521,0.16077712,-0.70284186,0.16813159,0.67223196,0.01604683,0.010940087,-0.029109403
20.1705,0.34250127,0.11988061,0.046208084,0.16122191,-0.7044501,0.16956918,0.67007749,0.020266677,0.010216193,-0.047505443
20.1805,0.34280648,0.11993351,0.045671041,0.16173227,-0.70620761,0.17119682,0.66768641,0.022905115,0.0097725697,-0.057331648
20.1905,0.34313275,0.11998281,0.045060901,0.16226893,-0.70798767,0.17288233,0.66523226,0.023829616,0.0099746326,-0.063828407
20.2005,0.34347635,0.12001875,0.044304071,0.16281969,-0.70991951,0.17468093,0.66256367,0.025185282,0.0080006415,-0.084708707
20.2105,0.34382382,0.12004057,0.043511427,0.16340391,-0.71186818,0.17653188,0.65983282,0.023779725,0.0074738613,-0.063862199
20.2205,0.3441486,0.12006032,0.042998247,0.16407829,-0.71335237,0.17820885,0.65760802,0.023535998,0.0062257421,-0.043288541
20.2305,0.34445486,0.1200803,0.042495183,0.16480258,-0.71479033,0.17970187,0.65545567,0.021926704,0.007139714,-0.056010425
20.2405,0.34476389,0.12007381,0.041858102,0.16516375,-0.71644167,0.18123753,0.65313492,0.020725281,-0.00079130314,-0.047639687
20.2505,0.34497274,0.11999233,0.041631061,0.1652666,-0.71730886,0.18195652,0.65195612,0.015149347,-0.0093978151,-0.0062105618
20.2605,0.3451202,0.11987263,0.041673299,0.1654397,-0.7175566,0.18208359,0.65160402,0.013236581,-0.011730245,0.0093709723
20.2705,0.34526275,0.11974645,0.041788901,0.16550844,-0.71748733,0.18211267,0.65165471,0.015064818,-0.0140763,0.012767822
20.2805,0.34541522,0.11959934,0.041913148,0.16553677,-0.7174101,0.18210201,0.65173551,0.015531332,-0.015259738,0.011802911
20.2905,0.34557572,0.11946447,0.041987007,0.16572113,-0.7167564,0.18193074,0.65245534,0.01823124,-0.013418705,0.0042559958
20.3005,0.3457444,0.11935213,0.04200402,0.16609605,-0.71541028,0.1815848,0.6539321,0.019499997,-0.011390455,0.00028132997
20.3105,0.34590959,0.11926444,0.041993143,0.16655647,-0.71373789,0.1811568,0.65575863,0.018886452,-0.0092679049,-0.001601529
20.3205,0.34607236,0.11921433,0.041967069,0.16714754,-0.71154062,0.18059497,0.65814671,0.020772565,-0.0052720562,-0.0028538938
20.3305,0.34622573,0.119189,0.04187293,0.16775855,-0.70895553,0.17985347,0.66097795,0.020305276,-0.0040091116,-0.0091382046
20.3405,0.34637905,0.11918737,0.041782849,0.16842142,-0.70617046,0.17907223,0.66399597,0.019821619,-0.0025695399,-0.0110898
20.3505,0.34655007,0.11921626,0.041687259,0.16907593,-0.70339522,0.17829165,0.6669787,0.023686595,0.0016170067,-0.0087733141
20.3605,0.34678832,0.11923741,0.041598348,0.16975344,-0.70084893,0.17751011,0.66969001,0.032194301,-0.0015341373,-0.0072787303
20.3705,0.34708554,0.11924122,0.041515462,0.17034932,-0.69849118,0.17686138,0.67216906,0.034585965,-0.0018903882,-0.0099396084
20.3805,0.34740655,0.11923237,0.04142953,0.17089992,-0.6962363,0.17627454,0.67451873,0.036923266,-0.0034701415,-0.010285887
20.3905,0.34774108,0.11921576,0.04134568,0.17143187,-0.69404343,0.17572073,0.67678435,0.037224959,-0.0036001523,-0.006993954
20.4005,0.34807461,0.11920209,0.041260441,0.17193881,-0.691946,0.17519192,0.67893709,0.036545977,-0.0028483289,-0.010151332
20.4105,0.34840051,0.11918772,0.041180553,0.17238516,-0.68990531,0.17472292,0.68101829,0.035321211,-0.0031552996,-0.0053941762
20.4205,0.34867856,0.11917418,0.041100125,0.17268389,-0.68783909,0.17440448,0.68311108,0.024827352,-0.0024744435,-0.0063240291
20.4305,0.34883822,0.11917671,0.041023482,0.17316871,-0.68574418,0.17389516,0.68522112,0.015358149,-0.00026730537,-0.0090133407
20.4405,0.3489292,0.11920208,0.040958785,0.17374301,-0.68365822,0.17331514,0.68730391,0.010902046,0.0012999597,-0.010301774
20.4505,0.34899598,0.11923184,0.040893246,0.17431979,-0.68169756,0.17275621,0.68924331,0.0091183691,0.00091919937,-0.0051853338
20.4605,0.34901663,0.11923661,0.040917575,0.17471307,-0.68007922,0.17218407,0.69088367,0.0021573524,-0.0028800955,0.0063611143
20.4705,0.34898191,0.11922937,0.040991609,0.17487144,-0.6789872,0.17164868,0.69204992,-0.0024047202,-0.0026964438,0.0070198862
20.4805,0.3489345,0.11920055,0.041075594,0.17504566,-0.6783181,0.1711059,0.69279603,-0.0041668484,-0.0030310877,0.0052614433
20.4905,0.34886619,0.1191976,0.041100563,0.17505207,-0.67794298,0.17074963,0.69324934,-0.006159344,-0.0001376917,-0.00022806719
20.5005,0.34880263,0.11923104,0.041154231,0.17513134,-0.67751879,0.1705849,0.69368444,-0.0049080489,0.0050386851,0.0093595158
20.5105,0.34875627,0.11929837,0.041277979,0.1754036,-0.67689938,0.17056605,0.69422477,-0.0038219572,0.0075790221,0.014310468
20.5205,0.348729,0.119388,0.041408825,0.17567642,-0.67619523,0.17073344,0.69480062,-0.0017069001,0.010645445,0.012172877
20.5305,0.34870306,0.119521,0.041729111,0.17617538,-0.67496565,0.17066722,0.69588527,-0.0018892163,0.013704366,0.050818655
20.5405,0.34867517,0.11970183,0.042348939,0.17692483,-0.67296198,0.17026979,0.69773059,0.00070785497,0.019298018,0.070632517
20.5505,0.34864114,0.11991716,0.043072519,0.17755518,-0.67050824,0.16991985,0.70001436,-0.00048125173,0.020102204,0.083930076
20.5605,0.34861529,0.12011327,0.043887458,0.17843283,-0.66859018,0.16910128,0.70182167,0.00046857047,0.017681085,0.068619063
20.5705,0.34861312,0.12031081,0.044543482,0.17853828,-0.66747143,0.16882573,0.70292521,0.0031493393,0.019787475,0.057158588
20.5805,0.34863893,0.12051444,0.045085059,0.17821884,-0.66684106,0.16889445,0.70358774,0.0044431006,0.017552679,0.056546474
20.5905,0.34868967,0.12063657,0.045606305,0.17808497,-0.66714347,0.16856802,0.70341322,0.0073258659,0.0090649873,0.042085972
20.6005,0.34877999,0.12070589,0.04594099,0.17737947,-0.66838812,0.16862496,0.70239552,0.009805693,0.0043066245,0.031918887
20.6105,0.34889137,0.12071922,0.046189756,0.17657452,-0.67016949,0.16873208,0.70087359,0.010645527,0.00018666098,0.017744157
20.6205,0.34903562,0.12066389,0.046362236,0.17559066,-0.67253366,0.16887593,0.69881852,0.01500293,-0.0088716746,0.016060675
20.6305,0.3492193,0.12053219,0.046478837,0.17440197,-0.67544482,0.16905648,0.69626013,0.017663799,-0.014476252,0.0081357285
20.6405,0.34942021,0.12036493,0.046526078,0.17313434,-0.67857766,0.16926733,0.69347345,0.018193038,-0.016144767,0.0025497785
20.6505,0.34961839,0.12018279,0.046539321,0.17180243,-0.68169827,0.16940303,0.69070544,0.017980557,-0.018078624,0.00082530627
20.6605,0.34980431,0.11999308,0.046542128,0.17043291,-0.68467535,0.16942326,0.68809015,0.017134161,-0.018465228,0.00016914743
20.6705,0.34997644,0.11980728,0.046543339,0.16909579,-0.68744082,0.16937077,0.68567141,0.016217377,-0.017971294,0.00062297464
20.6805,0.35014207,0.11962443,0.046551727,0.16783955,-0.68995532,0.16927611,0.68347432,0.016300649,-0.01821554,0.00097703725
20.6905,0.35030847,0.11943965,0.046559906,0.1666785,-0.69224289,0.16916826,0.68146912,0.016601754,-0.018522416,0.00062497128
20.7005,0.35048692,0.11926104,0.046520306,0.16552901,-0.69431101,0.16914432,0.67964886,0.017591245,-0.017677508,-0.0035572142
20.7105,0.35068309,0.11909755,0.046587644,0.16476399,-0.69586525,0.16918635,0.67823326,0.021123166,-0.015135313,0.017512699
20.7205,0.35091571,0.1189471,0.046839816,0.16448216,-0.696676,0.16930556,0.67743915,0.023100222,-0.014004753,0.03039439
20.7305,0.35112593,0.11882041,0.047016521,0.16439675,-0.69752808,0.1695666,0.67651715,0.014700038,-0.0088978746,0.001663412
20.7405,0.35131254,0.11876415,0.046984648,0.16440577,-0.69885901,0.17024091,0.67497026,0.014802694,0.00066631415,-0.0085166623
20.7505,0.35152355,0.11877332,0.046841046,0.16461684,-0.7003154,0.1712718,0.67314606,0.015619759,0.0066054167,-0.019808504
20.7605,0.35174987,0.11882512,0.046590434,0.16494746,-0.70179791,0.17249669,0.67120557,0.015997825,0.010560752,-0.029671531
20.7705,0.3520122,0.11888339,0.046191491,0.16537099,-0.70340624,0.17394146,0.66904145,0.02019637,0.0097347368,-0.04803613
20.7805,0.35231558,0.11893034,0.04564775,0.16585771,-0.7051643,0.17557651,0.6666389,0.022711118,0.0092984518,-0.058338606
20.7905,0.35264034,0.11897301,0.045033366,0.16637084,-0.70694223,0.17726854,0.66417565,0.023770465,0.0094042581,-0.064220451
20.8005,0.35298227,0.11900218,0.044272138,0.1668969,-0.70887122,0.17907427,0.66149787,0.025105065,0.0074207087,-0.085088101
20.8105,0.35332671,0.11901778,0.043513998,0.16747047,-0.71076187,0.18091601,0.65881758,0.023724546,0.0068607491,-0.060432749
20.8205,0.3536499,0.11903006,0.043021281,0.16813347,-0.7122046,0.18258734,0.65662593,0.023687737,0.005442566,-0.042141331
20.8305,0.35396631,0.11902845,0.042481386,0.1688386,-0.71371438,0.18408333,0.65438417,0.023120535,0.0051534808,-0.059327952
20.8405,0.35427232,0.11900129,0.041830415,0.16907493,-0.71533291,0.18569387,0.65209684,0.017829698,-0.005524052,-0.046632176
20.8505,0.35445709,0.1188825,0.041634256,0.16934792,-0.71619191,0.18621333,0.65093397,0.014108287,-0.011713737,-0.0037647607
20.8605,0.35460906,0.11876479,0.041675194,0.16933979,-0.71631768,0.18649087,0.6507182,0.014901116,-0.011126702,0.010233896
20.8705,0.35475918,0.11863349,0.041789937,0.16931389,-0.71622956,0.1866105,0.65078763,0.015061738,-0.01427944,0.012739992
20.8805,0.35491116,0.11848193,0.041913044,0.16935056,-0.71615017,0.18660536,0.65086693,0.015412482,-0.015812343,0.011627101
20.8905,0.35507151,0.11834095,0.041986632,0.16956749,-0.71551095,0.18640895,0.65156937,0.018131441,-0.014088427,0.0040573542
20.9005,0.35523883,0.11822289,0.042003372,0.16998261,-0.71418349,0.18602741,0.653025,0.019246049,-0.012031181,6.3627304e-05
20.9105,0.35540118,0.11813046,0.041992304,0.17048292,-0.71252456,0.18556276,0.65483646,0.018666565,-0.0099474419,-0.001811295
20.9205,0.35556209,0.11807435,0.041965754,0.17111013,-0.71034455,0.18496747,0.65720544,0.020507737,-0.0058679563,-0.0029771577
20.9305,0.35571142,0.11804284,0.041860852,0.17174013,-0.70779394,0.18418738,0.66000612,0.020151749,-0.0043010453,-0.0085568935
20.9405,0.35586541,0.1180349,0.041786568,0.17248861,-0.70500531,0.18333742,0.66302533,0.019389407,-0.0045814633,-0.011331694
20.9505,0.35603114,0.11805207,0.041694812,0.17315229,-0.70226909,0.18247916,0.66598631,0.02312949,0.00061112984,-0.008881853
20.9605,0.35626077,0.11807343,0.041566161,0.17363333,-0.69974287,0.18178218,0.66870518,0.03172645,-0.0014833026,-0.0093207566
20.9705,0.35655323,0.11807591,0.041492559,0.17420034,-0.69736647,0.18113683,0.67121062,0.034275448,-0.0022486321,-0.0057842192
20.9805,0.35687067,0.11806274,0.041415016,0.17477959,-0.69511676,0.18052275,0.67355498,0.036418962,-0.0041659174,-0.010286439
20.9905,0.35720021,0.11803779,0.041333442,0.1753518,-0.69293997,0.17992955,0.67580419,0.036625723,-0.0046769378,-0.0069000252
21.0005,0.35752816,0.11801359,0.041245637,0.17589659,-0.69086191,0.17936265,0.6779375,0.035837774,-0.0041079642,-0.0096014715
21.0105,0.35784382,0.11798772,0.041171449,0.17631569,-0.6887962,0.17892408,0.6800432,0.03422626,-0.0042797035,-0.0047476988
21.0205,0.3581228,0.11796163,0.041117654,0.17658468,-0.68669148,0.17864004,0.68217329,0.025763213,-0.0037724144,-0.0046139568
21.0305,0.3582876,0.11795568,0.041035434,0.17707407,-0.68462255,0.17813001,0.68425612,0.015228796,-0.0010901999,-0.0069786777
21.0405,0.3583788,0.11797496,0.040952838,0.17768178,-0.6825778,0.1775239,0.68629585,0.010467815,0.00033919946,-0.0063822831
21.0505,0.35844221,0.11799844,0.040897477,0.17830383,-0.6806164,0.17691828,0.68823614,0.0088931337,0.00037950243,-0.0081582736
21.0605,0.35846372,0.11800198,0.040904557,0.17875862,-0.67903033,0.17634411,0.68983036,0.0019425644,-0.0028247593,0.0051732965
21.0705,0.35842647,0.11799285,0.04097914,0.1789928,-0.67795745,0.17577477,0.69096925,-0.0035302391,-0.0027540692,0.0076412121
21.0805,0.35837012,0.11796782,0.041074563,0.17922792,-0.67727323,0.17518527,0.69172859,-0.004427,-0.003013233,0.0063065711
21.0905,0.35830043,0.11796563,0.04110598,0.17925534,-0.67688772,0.17480847,0.69219401,-0.0060896228,-1.896281e-05,-0.00034626758
21.1005,0.35823545,0.11799157,0.041150909,0.17932762,-0.67649462,0.17464492,0.69260074,-0.0049598576,0.0041797008,0.0082399383
21.1105,0.35819024,0.11805146,0.041264191,0.17958578,-0.67590821,0.17462896,0.69311021,-0.003650659,0.0069526265,0.013396857
21.1205,0.35816396,0.11813351,0.041392268,0.1798678,-0.67523105,0.17477259,0.69366068,-0.0016417956,0.0098555934,0.012020426
21.1305,0.35814849,0.1182601,0.041722565,0.18048543,-0.67403908,0.17457727,0.69470793,-5.6037803e-05,0.014101501,0.049300882
21.1405,0.35813663,0.11844373,0.042312125,0.1811144,-0.67204237,0.17429223,0.6965478,0.0020361508,0.019663463,0.061941913
21.1505,0.35812072,0.1186561,0.043057542,0.18182766,-0.66959351,0.17386165,0.69882427,0.00049835499,0.018161209,0.076542879
21.1605,0.35810836,0.11886041,0.04384976,0.18253385,-0.66765243,0.17321731,0.70065497,0.0024923304,0.018945496,0.077051583
21.1705,0.35811536,0.11906835,0.04447091,0.18247842,-0.66651803,0.1731018,0.7017771,0.0041703359,0.020546006,0.059978285
21.1805,0.35813753,0.11923933,0.045107545,0.18261424,-0.66592442,0.1726926,0.70240584,0.00410679,0.014187204,0.064396131
21.1905,0.35819233,0.11937205,0.045578336,0.18223454,-0.66619581,0.17261635,0.70226584,0.0087407046,0.012048385,0.038772519
21.2005,0.3582857,0.11943474,0.045937158,0.18164757,-0.66746067,0.17254136,0.70123455,0.010299737,0.0038936837,0.032165249
21.2105,0.3584079,0.11946001,0.046166121,0.18077411,-0.66924108,0.1727104,0.6997201,0.011760541,-0.00023536317,0.020450231
21.2205,0.35855846,0.11940297,0.046363806,0.17990391,-0.67161726,0.17272618,0.69766074,0.015382759,-0.0090572368,0.017145404
21.2305,0.35874473,0.11927171,0.04648776,0.17871687,-0.67451882,0.17290115,0.69511858,0.01790015,-0.014317643,0.0084597521
21.2405,0.3589477,0.119107,0.046535418,0.17740208,-0.67763359,0.17315828,0.69235643,0.01849469,-0.015729592,0.0026838617
21.2505,0.35914723,0.11892806,0.046546252,0.17601353,-0.68073775,0.17335047,0.68961219,0.01809906,-0.017726627,0.00074463847
21.2605,0.35933385,0.11874143,0.046546547,0.17458829,-0.6837003,0.17342621,0.68701978,0.017216234,-0.018132376,0.00012446961
21.2705,0.35950516,0.11855756,0.046543136,0.17320616,-0.68646221,0.17341876,0.68461317,0.01596103,-0.017736692,-0.00021115558
21.2805,0.35966819,0.11837627,0.046547787,0.17191824,-0.6889753,0.17335573,0.68242578,0.016078127,-0.018095492,0.00088363955
21.2905,0.35983359,0.11819308,0.046551372,0.17071992,-0.69125788,0.17328446,0.6804335,0.017375708,-0.017675097,-0.00087469801
21.3005,0.36000837,0.11801256,0.046538074,0.1695538,-0.69330844,0.17326938,0.67864028,0.016848937,-0.01842395,-0.0001198801
21.3105,0.3601936,0.1178348,0.046619576,0.16890353,-0.69487797,0.173195,0.67721466,0.020239214,-0.016206125,0.016655188
21.3205,0.36042103,0.1176784,0.04686649,0.16864157,-0.6956891,0.17329181,0.67642194,0.022846788,-0.014342302,0.029895637
21.3305,0.36063469,0.1175504,0.0470526,0.16853463,-0.69648689,0.17357083,0.67555552,0.015269212,-0.0088727574,0.0026521377
21.3405,0.36082681,0.11749547,0.047030006,0.16851572,-0.69777931,0.17427722,0.67404298,0.015382116,0.00083204736,-0.0073600294
21.3505,0.36104225,0.11750467,0.046896398,0.16869884,-0.6992064,0.17533643,0.67224122,0.016089885,0.0066412442,-0.018718937
21.3605,0.361272,0.11755525,0.046654782,0.16900363,-0.70066542,0.17658425,0.67031615,0.016376593,0.010484911,-0.028755868
21.3705,0.36153668,0.11761108,0.046263103,0.16940257,-0.70225389,0.17804786,0.66816256,0.020460296,0.0095392836,-0.047335288
21.3805,0.3618415,0.11765444,0.045725455,0.16986552,-0.70399399,0.17969875,0.66576762,0.022975188,0.0089603931,-0.057406356
21.3905,0.36216675,0.11769298,0.045114374,0.17035575,-0.70575764,0.18140431,0.66330803,0.023872425,0.0090786364,-0.063948134
21.4005,0.36250838,0.1177176,0.044354563,0.17085855,-0.70767463,0.18322282,0.66063104,0.025124958,0.0070629465,-0.084999281
21.4105,0.36285649,0.11772654,0.043527506,0.17138583,-0.70965272,0.18510888,0.65784087,0.023981111,0.0065010471,-0.068069393
21.4205,0.36317993,0.11773447,0.042985998,0.17201204,-0.7111623,0.18681371,0.65556134,0.023352969,0.0053419529,-0.045156677
21.4305,0.36348623,0.11774509,0.042477385,0.17266584,-0.71260682,0.18836656,0.65337284,0.022178433,0.0058108168,-0.059584463
21.4405,0.36378594,0.11772586,0.041859676,0.17301799,-0.71422549,0.18987617,0.65107124,0.018975439,-0.0019987359,-0.042147967
21.4505,0.36397869,0.11764022,0.041663547,0.17312066,-0.71501761,0.19055745,0.64997454,0.014236814,-0.01027096,-0.004290942
21.4605,0.3641217,0.11752085,0.041701625,0.17324065,-0.71523868,0.1907251,0.6496501,0.012927233,-0.012014855,0.0080573046
21.4705,0.36426207,0.11738609,0.04180891,0.17332094,-0.7152338,0.19076052,0.64962365,0.01427305,-0.014201914,0.011766171
21.4805,0.3644103,0.11723755,0.041926189,0.17337245,-0.71517779,0.19075765,0.64967242,0.015176206,-0.015320171,0.011182349
21.4905,0.36456824,0.11710034,0.041995553,0.17357445,-0.7145348,0.19058478,0.65037634,0.018014575,-0.013775992,0.0038960718
21.5005,0.36473469,0.11698538,0.042009855,0.17397166,-0.71319245,0.19022333,0.65184774,0.019196145,-0.011740763,6.4995191e-05
21.5105,0.36489708,0.11689414,0.041997339,0.17445701,-0.71152092,0.18977402,0.65367313,0.018550507,-0.0097112415,-0.0017279102
21.5205,0.3650569,0.11683891,0.041970225,0.17507934,-0.7093246,0.18918381,0.65606046,0.02034138,-0.0059042704,-0.0029225607
21.5305,0.36520748,0.11680745,0.041872137,0.17572024,-0.70675157,0.18840683,0.65888351,0.020346983,-0.0046462256,-0.0091652213
21.5405,0.36536019,0.11680034,0.041782244,0.17640947,-0.70395691,0.18760634,0.66191255,0.019314509,-0.0038445819,-0.012762938
21.5505,0.36552804,0.11682027,0.041689435,0.17707737,-0.70119157,0.18678929,0.66489378,0.022926212,0.00058433616,-0.0091210926
21.5605,0.36575887,0.11683054,0.041579921,0.17774184,-0.6986868,0.18597351,0.66757655,0.031396537,-0.0028252284,-0.0085291238
21.5705,0.36604854,0.11682226,0.041511232,0.17837874,-0.69630961,0.18528414,0.67007741,0.033895403,-0.0031909239,-0.0058677124
21.5805,0.36636369,0.11680317,0.041419136,0.17896788,-0.69406354,0.18466408,0.67241764,0.036227528,-0.0047248366,-0.009261072
21.5905,0.36669142,0.11677401,0.041342061,0.17954485,-0.69185759,0.18407104,0.67469592,0.036532859,-0.004976312,-0.0066640372
21.6005,0.36701911,0.11674863,0.041255608,0.18008801,-0.68975742,0.18350737,0.67685157,0.035958423,-0.0040739741,-0.0098300885
21.6105,0.36733756,0.11672285,0.041178232,0.18053597,-0.68769427,0.18303902,0.67895513,0.034511483,-0.0043588714,-0.0050953957
21.6205,0.36762651,0.11669681,0.04110435,0.18078617,-0.68561988,0.18277208,0.68105514,0.027265429,-0.0037757859,-0.0063259461
21.6305,0.36779854,0.11668757,0.041031789,0.18125615,-0.68354115,0.18227884,0.68314869,0.015788733,-0.0012513298,-0.010101089
21.6405,0.36789038,0.11670377,0.040962573,0.18186385,-0.68147834,0.18166432,0.68520864,0.010440527,3.1690497e-05,-0.0054787568
21.6505,0.36795383,0.11672543,0.040897355,0.18248872,-0.67953151,0.18105505,0.68713453,0.0086898885,9.0053949e-05,-0.0063122404
21.6605,0.36797221,0.11672707,0.040915362,0.18294145,-0.67793159,0.18045299,0.68875097,0.0017509578,-0.0030266426,0.005785452
21.6705,0.36793325,0.11671811,0.040991873,0.18316597,-0.67685482,0.17986814,0.68990234,-0.0035807117,-0.0027047676,0.0076200967
21.6805,0.36786976,0.11670085,0.041084186,0.18338574,-0.67616461,0.17927757,0.69067405,-0.0048636238,-0.0025798209,0.0063009638
21.6905,0.36779733,0.11670162,0.041115044,0.18341315,-0.67577818,0.17889213,0.69114476,-0.0062359876,0.0001375399,-0.00043621378
21.7005,0.36773159,0.11672985,0.041160555,0.1834893,-0.67538397,0.17871972,0.69155436,-0.0049958234,0.0043678798,0.0083880455
21.7105,0.36768601,0.11679103,0.041275717,0.18375409,-0.67479338,0.17869424,0.69206697,-0.0036711573,0.0070060626,0.013568428
21.7205,0.3676592,0.11687251,0.041407618,0.18405231,-0.67411248,0.17882015,0.69261855,-0.0016822749,0.0097194351,0.012355005
21.7305,0.36763704,0.1170009,0.041720732,0.18452078,-0.67289319,0.1787703,0.69369158,-0.0016631465,0.01315099,0.04956887
21.7405,0.36760916,0.11717473,0.042339875,0.18530656,-0.67092001,0.17832149,0.69550648,0.00085352786,0.018456611,0.069574009
21.7505,0.36759015,0.1173904,0.043075314,0.1860159,-0.66847436,0.1778901,0.69777879,0.0014907918,0.020325413,0.08078895
21.7605,0.36758122,0.11760926,0.043814838,0.18652183,-0.66651737,0.17745337,0.69962454,0.0018929264,0.018743076,0.073106494
21.7705,0.36758365,0.11779581,0.044511472,0.18682767,-0.6654235,0.17697412,0.70070475,0.00285762,0.017672064,0.059631572
21.7805,0.36760302,0.1179766,0.045087896,0.18670941,-0.66481391,0.17683209,0.70135046,0.0035460575,0.015410988,0.06074775
21.7905,0.36764959,0.1180859,0.045616491,0.18659545,-0.66511437,0.17648083,0.70118438,0.0073343775,0.0086116471,0.041334504
21.8005,0.36774263,0.11815748,0.045929166,0.18576486,-0.66634318,0.17666057,0.70019228,0.010325916,0.0052821737,0.029001431
21.8105,0.36785706,0.11816541,0.046185139,0.18503731,-0.66814374,0.17668114,0.69866223,0.011139537,2.2045831e-05,0.018983262
21.8205,0.36800141,0.11810634,0.046366521,0.18403078,-0.67050044,0.17683896,0.69662746,0.014915432,-0.0092419073,0.016608914
21.8305,0.36818281,0.11797095,0.046485765,0.18279739,-0.67340074,0.1770619,0.6940934,0.017449025,-0.014765894,0.0083127714
21.8405,0.36838061,0.11780041,0.046532794,0.18147914,-0.67652395,0.17732336,0.69132994,0.01792823,-0.016374934,0.0025341184
21.8505,0.36857532,0.11761565,0.046544712,0.18009817,-0.67963805,0.17750919,0.68858351,0.017649077,-0.018274419,0.00076038648
21.8605,0.36875752,0.11742336,0.046546842,0.17868526,-0.68260939,0.17757464,0.68599071,0.01697635,-0.018793568,0.00089728003
21.8705,0.36892644,0.11723457,0.046549641,0.17731195,-0.68536529,0.17756053,0.68359868,0.015731242,-0.018162832,9.3694029e-05
21.8805,0.36908655,0.11705028,0.046553389,0.17601974,-0.68788886,0.17750372,0.68140913,0.015693193,-0.018271614,0.00062247502
21.8905,0.36924659,0.11686534,0.046557966,0.17482631,-0.69018206,0.1774295,0.67941391,0.016143516,-0.018327982,5.1644619e-05
21.9005,0.36941805,0.11668583,0.046542668,0.17363999,-0.69223508,0.17743566,0.67762551,0.016683992,-0.018158796,-0.00047225917
21.9105,0.36960015,0.11650927,0.046619197,0.17296744,-0.69381655,0.17738412,0.67619208,0.019735125,-0.016666963,0.016763999
21.9205,0.36982422,0.11635025,0.046865134,0.17271204,-0.69464042,0.17747564,0.67538703,0.022653033,-0.01424315,0.029228141
21.9305,0.37003581,0.11622214,0.0470446,0.17257838,-0.69543958,0.17778002,0.67451817,0.015087082,-0.0088294264,0.0022964326
21.9405,0.3702261,0.11616574,0.047017761,0.17254383,-0.6967316,0.17849864,0.67300219,0.015246853,0.00064102578,-0.0077873582
21.9505,0.37043996,0.11617159,0.046879865,0.17271379,-0.69815862,0.17956393,0.67119392,0.015986229,0.0063123261,-0.019159773
21.9605,0.37066831,0.11621775,0.046634134,0.17300515,-0.69961746,0.18081508,0.66926119,0.016301961,0.010081355,-0.029173141
21.9705,0.37093151,0.11626827,0.046238688,0.17338848,-0.70120457,0.18228162,0.66709969,0.020372684,0.0090527512,-0.047712937
21.9805,0.37123444,0.11630581,0.045696306,0.17383301,-0.7029433,0.18393637,0.66469558,0.022709233,0.0085450953,-0.058608404
21.9905,0.37155804,0.11633804,0.045082295,0.17430412,-0.70470339,0.18564587,0.66222867,0.023803982,0.0085317083,-0.06420293
22.0005,0.37189799,0.11635623,0.044319773,0.17478612,-0.70661552,0.18746944,0.65954495,0.02490998,0.0066149546,-0.085988618
22.0105,0.37224306,0.11635931,0.043524144,0.17530478,-0.70854008,0.18934635,0.6568007,0.023898066,0.0058890065,-0.064180015
22.0205,0.37256492,0.11636007,0.043006352,0.17592348,-0.71000386,0.19104305,0.65455939,0.023505122,0.0045797664,-0.043788961
22.0305,0.37287554,0.11635545,0.042476923,0.17656481,-0.71147391,0.19258411,0.65233512,0.022173172,0.0048460488,-0.058882785
22.0405,0.37318015,0.11632899,0.041843715,0.1768627,-0.71309067,0.19412617,0.65002793,0.019791219,-0.0015901679,-0.045175899
22.0505,0.37337903,0.11623708,0.041637417,0.17696061,-0.71389185,0.19480366,0.64891825,0.01319428,-0.011969858,-0.0034625166
22.0605,0.37351524,0.11610786,0.04169183,0.17715365,-0.71411189,0.19489514,0.64859592,0.012827258,-0.011764736,0.0092108276
22.0705,0.37365419,0.11597964,0.041808506,0.17712876,-0.71398162,0.19499747,0.64871538,0.014417229,-0.014022153,0.012855992
22.0805,0.37380196,0.11583019,0.04192978,0.17714837,-0.71388892,0.19501656,0.64880629,0.015197392,-0.015629147,0.011501295
22.0905,0.37395915,0.11568897,0.042000249,0.17735756,-0.71324855,0.19483945,0.64950626,0.017813769,-0.014235988,0.0038286006
22.1005,0.37412332,0.11556927,0.042013736,0.17777354,-0.711926,0.19446145,0.6509552,0.018891131,-0.012256593,-0.00015732397
22.1105,0.37428322,0.11547345,0.041999784,0.1782808,-0.71027746,0.19399216,0.65275488,0.018264599,-0.010224464,-0.0019710008
22.1205,0.3744398,0.11541255,0.041966421,0.17891827,-0.708114,0.19337624,0.65510949,0.019222482,-0.0074252311,-0.007966242
22.1305,0.37459078,0.11537821,0.041877251,0.17959984,-0.70554121,0.19258384,0.65792626,0.019839066,-0.0051279794,-0.0096336071
22.1405,0.37474253,0.11536681,0.04178122,0.18031459,-0.70279469,0.19174505,0.66090855,0.019997336,-0.0032994029,-0.0092539905
22.1505,0.37490832,0.11537988,0.041687173,0.1809827,-0.70006726,0.19088657,0.6638625,0.023320293,6.2361357e-05,-0.0083249713
22.1605,0.37513747,0.11538451,0.041575917,0.1817659,-0.69760579,0.18995201,0.66650248,0.031323547,-0.0036609754,-0.009245238
22.1705,0.37542907,0.11536946,0.041504842,0.18243461,-0.69526041,0.18923104,0.66897099,0.03413127,-0.0038235995,-0.0060048149
22.1805,0.37574714,0.11534731,0.041445909,0.18303839,-0.69298014,0.18860868,0.67134361,0.036613855,-0.0046869936,-0.0056868668
22.1905,0.37608091,0.11532221,0.041346399,0.18358731,-0.69081392,0.18803708,0.67358287,0.037075911,-0.004471444,-0.0079513798
22.2005,0.37641349,0.1153015,0.041267048,0.18412192,-0.68870265,0.18748501,0.67574932,0.036421897,-0.0036354903,-0.0084267683
22.2105,0.37674153,0.11527926,0.041178483,0.18463476,-0.68669046,0.18695566,0.67780071,0.035824808,-0.0045803078,-0.0081828545
22.2205,0.37702878,0.11525347,0.041097928,0.18516435,-0.68470261,0.18641225,0.67981392,0.024879907,-0.0035814145,-0.0095726046
22.2305,0.37718111,0.11526051,0.041020992,0.18575721,-0.68261064,0.1857988,0.68192065,0.014646931,0.00040586859,-0.010443076
22.2405,0.37726855,0.11529149,0.040952318,0.18631902,-0.68052314,0.18520516,0.68401209,0.010641087,0.0013296798,-0.0047114986
22.2505,0.37733494,0.11532431,0.040893821,0.18684462,-0.67855046,0.18465156,0.68597533,0.0093472461,0.0011447646,-0.0055767376
22.2605,0.37736049,0.11533602,0.040914571,0.18721161,-0.67693008,0.18412466,0.68761588,0.0025712621,-0.0020257949,0.0065051263
22.2705,0.3773314,0.11533715,0.040985902,0.18734801,-0.67583413,0.18364478,0.68878411,-0.0012938144,-0.0017286043,0.0063180365
22.2805,0.37730662,0.11532235,0.041039345,0.18732527,-0.67515835,0.18333231,0.68953586,-0.002156262,-0.0014936669,0.0046021077
22.2905,0.37725165,0.11532472,0.041069741,0.18726763,-0.67472591,0.18307207,0.69004377,-0.0050547085,-3.8514696e-05,0.0019156489
22.3005,0.37719643,0.11534859,0.041139107,0.18737736,-0.67425377,0.18290499,0.69051962,-0.0040721275,0.0037955279,0.010802208
22.3105,0.37715629,0.11540565,0.041278624,0.18770914,-0.6735996,0.18284726,0.69108302,-0.0035230995,0.0067144302,0.015682883
22.3205,0.37712595,0.11547871,0.041447214,0.18820304,-0.67289121,0.18280566,0.69164957,-0.0029771883,0.0066379943,0.014913913
22.3305,0.37710611,0.11559238,0.04179217,0.18877417,-0.67161014,0.18268135,0.692771,-0.00012734981,0.014292974,0.046730686
22.3405,0.37708113,0.11576206,0.042378802,0.18940702,-0.66958696,0.18239951,0.69462847,-0.0006728483,0.015574941,0.071614723
22.3505,0.37704994,0.11595466,0.043153931,0.19033544,-0.66717061,0.18176189,0.69686327,-0.0003789906,0.018807563,0.070497285
22.3605,0.37702933,0.11615384,0.043884418,0.19082306,-0.66521413,0.18134316,0.69870693,0.0010607457,0.016124295,0.068871441
22.3705,0.37703341,0.11633247,0.044549481,0.19099872,-0.66408719,0.18100874,0.69981679,0.0027761259,0.016421831,0.058597146
22.3805,0.37704332,0.11648186,0.04517125,0.1910202,-0.66348009,0.18073481,0.70045726,0.0020145079,0.01258127,0.051779406
22.3905,0.37707554,0.11657445,0.045629739,0.19076515,-0.6638171,0.18053181,0.70025979,0.0057754709,0.0054270698,0.044658189
22.4005,0.37715076,0.11660586,0.045984021,0.19010665,-0.66508584,0.1805424,0.69923152,0.0086732737,0.0018192465,0.02702967
22.4105,0.37725598,0.11659554,0.046230964,0.18927177,-0.66688264,0.1806827,0.69770875,0.010364297,-0.001934132,0.019869973
22.4205,0.37739857,0.11651861,0.0464158,0.18823456,-0.66926649,0.18088266,0.69565191,0.014826178,-0.010650185,0.016264039
22.4305,0.37757973,0.11637113,0.046528537,0.18698292,-0.67219393,0.18113182,0.69309737,0.017334196,-0.015662775,0.0076620978
22.4405,0.37777643,0.11619333,0.046570469,0.18565271,-0.67533211,0.18141132,0.69032568,0.017805733,-0.016934826,0.0020682662
22.4505,0.37796955,0.11600315,0.046578991,0.18426215,-0.67845437,0.18161265,0.68757834,0.01744575,-0.01876102,0.00044826771
22.4605,0.37815022,0.11580637,0.046580807,0.18284164,-0.68142509,0.18169174,0.68499409,0.01673369,-0.019146924,0.00052726368
22.4705,0.37831704,0.11561431,0.046581118,0.18145904,-0.68418699,0.18169286,0.68260419,0.015518847,-0.018453895,-0.00011347707
22.4805,0.37847503,0.11542744,0.046582759,0.18015765,-0.686716,0.18165087,0.68041702,0.015461125,-0.018494626,0.00037025587
22.4905,0.3786333,0.1152413,0.046582782,0.17893944,-0.68901075,0.18160619,0.67842764,0.016325303,-0.01748812,-0.0011671041
22.5005,0.37879391,0.11505731,0.046573361,0.177768,-0.69105589,0.18160325,0.67665394,0.015732691,-0.018714214,-5.829572e-05
22.5105,0.37897408,0.11488234,0.046658568,0.17703071,-0.69260898,0.1816156,0.67525455,0.019766214,-0.016491503,0.017754712
22.5205,0.37919493,0.11471716,0.046861692,0.17676818,-0.69344977,0.18172429,0.67443065,0.022165358,-0.015142896,0.027086869
22.5305,0.37939163,0.11458608,0.046981985,0.17663373,-0.69441724,0.18203421,0.67338604,0.013535935,-0.008701612,-0.0018448637
22.5405,0.37956476,0.1145215,0.046916093,0.1765627,-0.69580488,0.18274819,0.67177696,0.013539029,-0.00048946103,-0.011623612
22.5505,0.37976453,0.11451806,0.046742601,0.17668632,-0.6972956,0.18381126,0.66990612,0.01491269,0.0056478608,-0.022494411
22.5605,0.37998432,0.1145587,0.046466871,0.17693955,-0.69879603,0.18507002,0.66792634,0.015697502,0.0097722612,-0.031871565
22.5705,0.38024288,0.11460609,0.046047793,0.17729291,-0.70040831,0.18655095,0.6657283,0.020077011,0.0089356067,-0.049772579
22.5805,0.38054403,0.11464183,0.045488518,0.17771456,-0.7021588,0.18822437,0.66329642,0.022738261,0.0085013015,-0.059652521
22.5905,0.38086789,0.11467327,0.044862666,0.17816897,-0.7039215,0.1899545,0.66080832,0.023921027,0.0086309057,-0.065172072
22.6005,0.38120758,0.11469094,0.044154536,0.17865946,-0.7057421,0.1917722,0.65820385,0.02513863,0.0062038163,-0.062955951
22.6105,0.381546,0.11469001,0.043633857,0.17927153,-0.70725191,0.19353149,0.65589787,0.024827614,0.0048620632,-0.045283284
22.6205,0.38188542,0.11468012,0.04306942,0.17988222,-0.70873242,0.19526473,0.6536149,0.025026542,0.0042856757,-0.064980444
22.6305,0.38219591,0.11468114,0.04247101,0.18044873,-0.71027688,0.19692869,0.65127882,0.02017928,0.0050443387,-0.061466342
22.6405,0.38247545,0.11468045,0.04188674,0.18086999,-0.71183045,0.19844153,0.64900263,0.017677181,0.00013086586,-0.042901413
22.6505,0.38265389,0.11460901,0.041682395,0.18095875,-0.71262809,0.1991846,0.64787393,0.012222752,-0.0087911184,-0.0050746708
22.6605,0.38277305,0.11449746,0.041727153,0.18112349,-0.712875,0.1993214,0.64751409,0.010680551,-0.010498665,0.0090599821
22.6705,0.38289024,0.11437796,0.041835624,0.18115258,-0.71284306,0.19939216,0.64751933,0.012222346,-0.012936305,0.011662418
22.6805,0.383017,0.11424382,0.041946806,0.18118858,-0.71279282,0.19940588,0.64756034,0.012955805,-0.013666942,0.010381939
22.6905,0.38315649,0.11411644,0.042009273,0.18140068,-0.71216188,0.19923219,0.64824824,0.016542558,-0.013277324,0.0033103472
22.7005,0.38331355,0.11400215,0.042019326,0.18181874,-0.71083433,0.19885448,0.64970255,0.018433933,-0.011940132,-0.00029703914
22.7105,0.38346939,0.11390945,0.042004349,0.18233329,-0.70916489,0.19837889,0.65152556,0.017966059,-0.010036511,-0.0019596364
22.7205,0.38362631,0.11385055,0.041974868,0.18298805,-0.70697681,0.19775662,0.65390479,0.019965601,-0.0067533291,-0.004761232
22.7305,0.38377491,0.11381477,0.04187773,0.18369643,-0.70441107,0.1969225,0.65672079,0.020242632,-0.0052635764,-0.0071696594
22.7405,0.38392461,0.11380253,0.041778197,0.18438922,-0.70163588,0.19608561,0.65974097,0.019646552,-0.0038738133,-0.010376063
22.7505,0.38409267,0.11381768,0.041684736,0.18507089,-0.6988896,0.19523156,0.66271165,0.022592868,-0.00055570248,-0.011295753
22.7605,0.38432353,0.1138235,0.041595696,0.18577556,-0.69638279,0.1943744,0.66539991,0.031665722,-0.0034858348,-0.0072723921
22.7705,0.38461849,0.11380962,0.041512328,0.1864228,-0.69406484,0.19365877,0.6678449,0.03441519,-0.0038737255,-0.0098495196
22.7805,0.38493846,0.11378623,0.041426461,0.18703123,-0.69183817,0.19301003,0.67016894,0.036660957,-0.0049571062,-0.0099903518
22.7905,0.3852716,0.1137576,0.041343381,0.18762396,-0.68965751,0.19239489,0.67242395,0.037091696,-0.0049010213,-0.010196705
22.8005,0.38560343,0.11373173,0.041257405,0.18819053,-0.68756362,0.19180653,0.67457457,0.036235934,-0.0043324608,-0.0097396948
22.8105,0.38591913,0.11370213,0.041181308,0.18858995,-0.68547186,0.19138713,0.67670757,0.034133434,-0.0049307286,-0.0047042427
22.8205,0.38619014,0.11367095,0.041111739,0.18889598,-0.68336959,0.19106617,0.6788358,0.024566845,-0.0041321364,-0.0087141052
22.8305,0.38634488,0.1136574,0.041036134,0.18943709,-0.68128396,0.19050334,0.68093629,0.014555602,-0.0021741584,-0.0066606624
22.8405,0.38643191,0.11366677,0.040954681,0.19008487,-0.67924629,0.18985598,0.6829692,0.010086611,-0.00081093108,-0.0062117868
22.8505,0.38649305,0.11368011,0.040897909,0.19074115,-0.67730034,0.18921474,0.68489404,0.0086184342,-0.00073091433,-0.0079585538
22.8605,0.38651318,0.11367713,0.040906264,0.1912176,-0.6757274,0.18860566,0.68648104,0.0018606448,-0.0033045261,0.0052586327
22.8705,0.38647486,0.11366459,0.040986084,0.19148638,-0.67466705,0.18799239,0.68761631,-0.0037191943,-0.0031635224,0.0081971997
22.8805,0.3864215,0.11363689,0.041083059,0.19173317,-0.67399384,0.18738619,0.6883728,-0.004302312,-0.0027484347,0.0058472751
22.8905,0.38635267,0.11363745,0.04111048,0.19174968,-0.67361562,0.1870168,0.68883871,-0.0060513768,0.00020364773,-0.00057562572
22.9005,0.38628958,0.11366677,0.04115282,0.19182142,-0.67322729,0.18685021,0.68924347,-0.0047800785,0.0043754426,0.0080289763
22.9105,0.38624583,0.1137274,0.041264586,0.1920848,-0.67264261,0.18682497,0.68974762,-0.0035345697,0.0069174252,0.013313867
22.9205,0.38622064,0.11380841,0.041392402,0.19237568,-0.67196296,0.18695521,0.6902935,-0.0014960437,0.0096991895,0.012045808
22.9305,0.38620435,0.11393221,0.041724509,0.19300615,-0.670772,0.18674303,0.69133248,-0.00043134374,0.013415337,0.049430046
22.9405,0.38618566,0.11410727,0.042311143,0.1936558,-0.66878577,0.18642745,0.69315787,0.0014764523,0.018771524,0.061987135
22.9505,0.38616231,0.11430571,0.043059934,0.19445367,-0.6663507,0.18589729,0.69541837,-8.6986428e-06,0.016724319,0.083022218
22.9605,0.38614017,0.1144966,0.043836723,0.19510977,-0.66440535,0.1852945,0.69725437,0.0014642022,0.017873014,0.070609457
22.9705,0.3861375,0.11468544,0.044461308,0.19508435,-0.66327181,0.18514163,0.6983804,0.0021288061,0.016183903,0.065202921
22.9805,0.38614452,0.11482757,0.04512836,0.19537863,-0.66271229,0.18456743,0.69898103,0.002819993,0.012236879,0.064852648
22.9905,0.38618893,0.11494444,0.045575768,0.19487261,-0.66296311,0.18461983,0.69887059,0.0075027685,0.0095592265,0.040177273
23.0005,0.38627107,0.11498645,0.045944484,0.19428372,-0.66422422,0.18454591,0.69785588,0.0092983018,0.0020593301,0.032983613
23.0105,0.38638521,0.11499598,0.046173885,0.19339741,-0.66600302,0.18472604,0.69635745,0.011237474,-0.0010739729,0.020471269
23.0205,0.38652867,0.11492895,0.046369424,0.19244874,-0.66836885,0.18482289,0.6943249,0.014679496,-0.0099710059,0.017156581
23.0305,0.38670706,0.11478804,0.046492735,0.19120324,-0.67126487,0.18505937,0.69180765,0.017159085,-0.015179269,0.0084402945
23.0405,0.3869027,0.11461493,0.04654054,0.18983395,-0.67437372,0.18537438,0.68907147,0.01774265,-0.016557755,0.0025843312
23.0505,0.38709455,0.11442789,0.04655134,0.18840169,-0.67747739,0.18561475,0.68635002,0.017497173,-0.018299426,0.00091613882
23.0605,0.38727365,0.11423437,0.046551261,0.18693251,-0.68044098,0.18573982,0.68378142,0.016444452,-0.018829242,-8.6425565e-07
23.0705,0.38743753,0.11404401,0.046547199,0.18551384,-0.68320747,0.1857749,0.68139552,0.015255074,-0.018331478,-0.00031252819
23.0805,0.38759392,0.11385695,0.046551368,0.18419026,-0.68572476,0.18575326,0.6792284,0.015403506,-0.018614096,0.00069081101
23.0905,0.38775217,0.1136687,0.046553989,0.18296188,-0.68801561,0.18571737,0.67725071,0.016505981,-0.018261937,-0.0008147873
23.1005,0.38792069,0.11348421,0.046538285,0.18176181,-0.69007271,0.18573979,0.67547245,0.016259461,-0.018783791,-0.00039872133
23.1105,0.38810379,0.11330778,0.046621629,0.18100436,-0.69162632,0.18576982,0.67407717,0.019923591,-0.016640858,0.017744073
23.1205,0.38832502,0.1131407,0.046823382,0.1807281,-0.69246531,0.18588983,0.67325636,0.022147475,-0.015351645,0.027311082
23.1305,0.38852978,0.1130053,0.046977468,0.18059943,-0.69332782,0.18619138,0.67231924,0.01444072,-0.0092480652,0.00067650597
23.1405,0.38871014,0.11293655,0.046937169,0.180537,-0.6946538,0.18690118,0.67076854,0.01430067,-0.00081647647,-0.0091005623
23.1505,0.38891475,0.11292795,0.046787934,0.18066655,-0.69609973,0.18795809,0.66893686,0.015343956,0.0050250036,-0.020238177
23.1605,0.38913643,0.11296102,0.046533088,0.18091711,-0.69756653,0.18920603,0.66698651,0.015901302,0.0089535941,-0.030003697
23.1705,0.38939454,0.11299907,0.046130838,0.18125926,-0.69915244,0.19067446,0.6648114,0.020080315,0.0079663649,-0.048309672
23.1805,0.38969332,0.11302439,0.045583773,0.18166241,-0.70088254,0.19233566,0.66239673,0.02251552,0.0075164116,-0.058998939
23.1905,0.39001371,0.11304487,0.044966925,0.182094,-0.70262927,0.1940541,0.65992188,0.023698169,0.0075704223,-0.0644232
23.2005,0.39035101,0.11305172,0.044203111,0.18253629,-0.70452343,0.19589007,0.65723232,0.024838292,0.0056995513,-0.086063655
23.2105,0.39068858,0.1130439,0.043537534,0.183066,-0.70624226,0.19771845,0.65468781,0.023928516,0.0045428551,-0.05381486
23.2205,0.39101144,0.11302875,0.043077223,0.18368014,-0.70759148,0.19939591,0.65254668,0.02407825,0.0032640463,-0.045746887
23.2305,0.39133558,0.11298047,0.042406093,0.18414558,-0.70923322,0.2010619,0.6501175,0.023075334,0.0015430449,-0.069174052
23.2405,0.39160178,0.11295061,0.041870747,0.18451775,-0.71069724,0.20247676,0.64797052,0.015442148,-0.0019570203,-0.03193799
23.2505,0.39176562,0.11286815,0.041738902,0.1845936,-0.71140136,0.20311382,0.64697611,0.011911404,-0.0094581749,-0.0011701683
23.2605,0.39188036,0.11275109,0.041796597,0.18476575,-0.7116133,0.20320735,0.64666445,0.010023672,-0.012301473,0.0083701819
23.2705,0.39199328,0.11261253,0.041900233,0.18486165,-0.71162698,0.20319367,0.64662627,0.011769261,-0.014616319,0.010617001
23.2805,0.39211772,0.11246101,0.042002889,0.18487618,-0.71160091,0.20318931,0.64665219,0.013040117,-0.015512578,0.0096546248
23.2905,0.39225764,0.1123223,0.042054954,0.18504597,-0.71098938,0.20302865,0.64732639,0.016638247,-0.013954704,0.0023161607
23.3005,0.39241392,0.11220448,0.042053652,0.18543738,-0.70967599,0.20266671,0.64876743,0.018318993,-0.01217218,-0.0012501956
23.3105,0.39256947,0.11210878,0.042028939,0.18593664,-0.70802758,0.20220267,0.6505679,0.017889059,-0.010301342,-0.0027504006
23.3205,0.3927189,0.11204305,0.041966405,0.18654445,-0.70590722,0.20156511,0.65289178,0.018673002,-0.0079296065,-0.010101277
23.3305,0.39287223,0.11201015,0.041886461,0.18727274,-0.70330188,0.20076973,0.65573386,0.020405745,-0.0050571606,-0.0069056644
23.3405,0.39301978,0.11199291,0.041782058,0.18796295,-0.70055557,0.19991321,0.658731,0.019968702,-0.0041305847,-0.0061864201
23.3505,0.39317693,0.11199302,0.041681105,0.1886379,-0.69783943,0.19897693,0.66169786,0.022340167,-0.0014910783,-0.0098075658
23.3605,0.39340488,0.11199126,0.041597004,0.18936004,-0.69532243,0.19808315,0.66440391,0.031446394,-0.0042098925,-0.0076519568
23.3705,0.39369776,0.11197134,0.041515023,0.19001877,-0.69299995,0.19735046,0.66685585,0.034243565,-0.0044801393,-0.0073020544
23.3805,0.39401598,0.11194333,0.041427307,0.19063872,-0.6907743,0.19669521,0.66917766,0.036376472,-0.0054967925,-0.0074113404
23.3905,0.39434697,0.11191037,0.041341844,0.19124083,-0.68859593,0.19607297,0.67142981,0.036770143,-0.0054249416,-0.0075613063
23.4005,0.39467667,0.11188049,0.041257478,0.19181892,-0.68649612,0.19547598,0.67358572,0.035869967,-0.0048554883,-0.0072076016
23.4105,0.39499138,0.1118475,0.04116833,0.19221863,-0.68441932,0.19506178,0.67570193,0.033938791,-0.0053649608,-0.0058196554
23.4205,0.39526322,0.1118103,0.041106598,0.19252815,-0.68230805,0.19473917,0.67783869,0.024691804,-0.0050060812,-0.0050087979
23.4305,0.39541932,0.1117915,0.041033404,0.19307553,-0.68023021,0.19417014,0.67993137,0.014649511,-0.0025300391,-0.0084245675
23.4405,0.3955053,0.11179679,0.040958288,0.19373566,-0.67819143,0.19350677,0.68196628,0.010092444,-0.0010813925,-0.0090080938
23.4505,0.39556536,0.11180717,0.04090117,0.19440499,-0.67625088,0.19285221,0.68388557,0.0083438807,-0.0011491208,-0.005014547
23.4605,0.39558054,0.11179992,0.040926887,0.19487071,-0.67466279,0.19219507,0.68550461,0.0016520541,-0.0037610944,0.006198921
23.4705,0.39554013,0.1117851,0.041012213,0.19513835,-0.67359816,0.19155221,0.68665442,-0.0038285277,-0.003386314,0.0084604651
23.4805,0.39548477,0.11175647,0.04111161,0.19540444,-0.67292655,0.19092269,0.68741217,-0.0043176738,-0.0029718056,0.0060209057
23.4905,0.39541646,0.11175666,0.041139004,0.19543793,-0.67254657,0.1905481,0.6878783,-0.0060238551,0.00027041576,-0.0007683052
23.5005,0.39535482,0.11178701,0.041178221,0.19552135,-0.6721575,0.19038998,0.68827854,-0.0046639343,0.0044922392,0.0076156373
23.5105,0.39531311,0.11184846,0.041285261,0.19579383,-0.6715735,0.19037982,0.68877379,-0.003276846,0.007249459,0.01252366
23.5205,0.39529299,0.11193516,0.041395755,0.19603685,-0.67088781,0.19058355,0.68931633,-0.0012471895,0.0099798371,0.011419856
23.5305,0.39526957,0.11205378,0.041720999,0.19667983,-0.66970289,0.19038089,0.69034064,-0.0013540419,0.013191024,0.048037206
23.5405,0.39524609,0.11222877,0.042306387,0.19738062,-0.66773253,0.19003916,0.69214108,0.00048552998,0.018665627,0.062113955
23.5505,0.39521622,0.11242943,0.043059133,0.19818767,-0.66530123,0.18952995,0.69438773,-0.00037595487,0.018951232,0.074059366
23.5605,0.39519116,0.1126283,0.043808187,0.19875397,-0.66334664,0.18904434,0.69622578,0.0010124171,0.01841094,0.064917751
23.5705,0.39518163,0.11280051,0.044487785,0.19906014,-0.66226136,0.18858008,0.69729657,0.0015090718,0.014181292,0.064585026
23.5805,0.39519141,0.11295703,0.045097119,0.19909722,-0.66166465,0.18829458,0.69792932,0.0028961664,0.01562329,0.04591391
23.5905,0.3952281,0.1130667,0.045550186,0.19864638,-0.66194249,0.18829753,0.69779352,0.0056823639,0.0063721035,0.045507494
23.6005,0.39529935,0.11308632,0.045965229,0.19827603,-0.66322389,0.18801043,0.69675876,0.008182577,-0.00081058159,0.035619627
23.6105,0.39540499,0.11307276,0.046254258,0.19756622,-0.66499552,0.18802567,0.69526606,0.01101163,-0.00074193989,0.020773355
23.6205,0.39555805,0.11303011,0.046388535,0.19623552,-0.66729965,0.18852371,0.69329763,0.015734017,-0.0072080128,0.013141866
23.6305,0.39573952,0.11290102,0.046475858,0.19481084,-0.67018014,0.18895134,0.69080005,0.017134684,-0.014573119,0.0067329317
23.6405,0.39593142,0.11272635,0.04651029,0.1934116,-0.67330374,0.18930575,0.68805331,0.0172503,-0.016944369,0.0018063179
23.6505,0.39611831,0.11253398,0.046518168,0.19199383,-0.67642542,0.18953987,0.68531865,0.016789411,-0.019064087,0.00047424736
23.6605,0.39629172,0.11233335,0.046519104,0.19055979,-0.67940851,0.18963784,0.68273606,0.015874262,-0.019531497,-2.6906364e-05
23.6705,0.39645107,0.11213704,0.04651782,0.18916634,-0.68218742,0.18965455,0.68034371,0.01480714,-0.018906299,-0.00019578335
23.6805,0.39660355,0.11194536,0.046524777,0.18785941,-0.6847131,0.18962205,0.67817423,0.015032046,-0.019060379,0.00089369177
23.6905,0.39675789,0.11175268,0.046532481,0.18665145,-0.687009,0.18957108,0.67619722,0.015426613,-0.019267539,0.00047467919
23.7005,0.39692395,0.1115642,0.04652083,0.18556319,-0.68909729,0.18949402,0.67439101,0.017998735,-0.017599205,-0.0026030191
23.7105,0.39712147,0.11139587,0.046594522,0.1847173,-0.69062495,0.18961705,0.67302456,0.0211267,-0.015853787,0.018169213
23.7205,0.39734896,0.11123142,0.046846338,0.18442656,-0.69142304,0.18974768,0.6722476,0.022456946,-0.01551384,0.030050149
23.7305,0.39755998,0.11109311,0.047031972,0.18433904,-0.69222164,0.19002221,0.67137164,0.015849511,-0.0085066757,-0.00036205606
23.7405,0.3977573,0.11103662,0.046984419,0.18432077,-0.69353465,0.19077315,0.66980679,0.015691604,0.00071542739,-0.009705745
23.7505,0.39797482,0.11103915,0.046830736,0.18447753,-0.6949678,0.19187331,0.6679614,0.016288977,0.006093045,-0.020597789
23.7605,0.39820512,0.11107915,0.046572873,0.18473994,-0.69642373,0.19315624,0.66599986,0.016545323,0.0096116108,-0.030262137
23.7705,0.39846854,0.11112033,0.046168173,0.18508269,-0.69799998,0.19465224,0.66381544,0.02046597,0.008251961,-0.048533056
23.7805,0.39877029,0.11114549,0.045620203,0.18547854,-0.69971988,0.19633452,0.6613944,0.022890734,0.0073971168,-0.058339737
23.7905,0.39909156,0.11116375,0.045001076,0.1858972,-0.7014589,0.19806879,0.65891304,0.023758458,0.0073803336,-0.064681338
23.8005,0.39942824,0.1111667,0.044235079,0.18632181,-0.70334584,0.19991723,0.65621788,0.024915492,0.0052508323,-0.08554987
23.8105,0.39976657,0.11115371,0.043531733,0.18682065,-0.70510699,0.20177308,0.65361288,0.023957336,0.0041062975,-0.056260403
23.8205,0.40008885,0.11113329,0.043060465,0.18741539,-0.70646556,0.2034631,0.65144812,0.02417991,0.002742821,-0.043145862
23.8305,0.40041127,0.11107894,0.042405983,0.18786789,-0.70807781,0.20513149,0.64903972,0.023046874,0.001047161,-0.068330829
23.8405,0.40067727,0.11104195,0.041875985,0.18824652,-0.7095243,0.20653516,0.64690165,0.015229513,-0.0030611392,-0.031432488
23.8505,0.40083982,0.11094733,0.041751473,0.18834608,-0.71023256,0.20714982,0.64589814,0.01231414,-0.0092664129,0.00033375097
23.8605,0.40096791,0.1108333,0.041797118,0.18832774,-0.71038789,0.20742066,0.6456457,0.011565242,-0.01192012,0.0080315747
23.8705,0.4010904,0.11069564,0.041893244,0.18836259,-0.71040887,0.20749045,0.64559004,0.012346531,-0.014717355,0.010319107
23.8805,0.4012187,0.11054212,0.041994141,0.18841816,-0.71038837,0.20749029,0.64559643,0.013128396,-0.015847483,0.0094248726
23.8905,0.40135894,0.11039809,0.04204755,0.18865465,-0.70978118,0.20729522,0.64625753,0.016360804,-0.01463167,0.0022411027
23.9005,0.40151305,0.11027375,0.042048218,0.18910239,-0.70847395,0.20689055,0.64768916,0.018013255,-0.012842305,-0.0012707319
23.9105,0.40166585,0.11017297,0.042025079,0.18964491,-0.70683002,0.2063895,0.64948403,0.01761605,-0.010876225,-0.0027648214
23.9205,0.40181019,0.11009986,0.041960764,0.19027662,-0.70472345,0.20570888,0.65180022,0.018562627,-0.0085385157,-0.0080045173
23.9305,0.40195456,0.11005321,0.041879945,0.19105604,-0.70214591,0.20481607,0.65462897,0.018933697,-0.0069191332,-0.010443732
23.9405,0.40210186,0.110033,0.041781075,0.19177781,-0.6993848,0.20395338,0.65763606,0.019297106,-0.0046680075,-0.011461566
23.9505,0.40227026,0.11004231,0.041693227,0.1924936,-0.69663197,0.20308918,0.66060948,0.023040966,-0.0014039873,-0.0078082264
23.9605,0.40249559,0.11003638,0.0415643,0.19317306,-0.69419183,0.20219906,0.66324762,0.031043769,-0.0048117568,-0.010315684
23.9705,0.40278523,0.11000962,0.041486487,0.19384977,-0.69187312,0.20144837,0.66569693,0.033887683,-0.0052979137,-0.0062169838
23.9805,0.40309979,0.1099736,0.041424041,0.19450828,-0.68962182,0.20076381,0.66804354,0.036145696,-0.0061631356,-0.012067897
23.9905,0.40342787,0.10993349,0.041331166,0.19512986,-0.68746443,0.20012022,0.67027523,0.036395091,-0.0062644058,-0.0074388275
24.0005,0.40375419,0.10989624,0.041257318,0.19573622,-0.6853539,0.19949791,0.67244178,0.035731123,-0.0054509761,-0.0081447772
24.0105,0.4040668,0.10985794,0.041174489,0.19616566,-0.68327162,0.19905191,0.67456449,0.033824417,-0.0058069774,-0.0067255748
24.0205,0.40433796,0.1098174,0.041107319,0.19649042,-0.68116988,0.19871295,0.67669215,0.024598091,-0.0053438513,-0.0053533419
24.0305,0.4044944,0.10979615,0.041015933,0.19704229,-0.67912231,0.19813882,0.67875491,0.014729679,-0.00268948,-0.012254807
24.0405,0.40457986,0.10979908,0.040936252,0.19771027,-0.67709265,0.19746428,0.68078194,0.009857567,-0.0014746025,-0.0059416378
24.0505,0.40463777,0.10980676,0.040898697,0.19839574,-0.67512749,0.19678911,0.68272692,0.0081946296,-0.0014496105,-0.0038197889
24.0605,0.40465304,0.10979845,0.040932006,0.19887898,-0.67352901,0.19612596,0.68435402,0.0016725364,-0.003850116,0.0066554975
24.0705,0.4046129,0.10978322,0.041020108,0.19915458,-0.67246185,0.19547509,0.68550857,-0.0038347346,-0.0034587561,0.0086279053
24.0805,0.40455502,0.10975704,0.041119589,0.19941787,-0.6717888,0.19483841,0.68627277,-0.0044795815,-0.0028399559,0.0059791819
24.0905,0.40448538,0.10975827,0.041146131,0.19944485,-0.67141214,0.19445569,0.68674193,-0.006095303,0.00029517724,-0.00086347536
24.1005,0.40442322,0.10978938,0.041184592,0.19952095,-0.67102681,0.1942874,0.68714396,-0.0046654328,0.0044963432,0.0075681253
24.1105,0.40438108,0.10985071,0.041290895,0.19978509,-0.67044543,0.19426699,0.6876403,-0.0032213583,0.0072647705,0.012311848
24.1205,0.40436093,0.10993709,0.041399514,0.20001478,-0.66976072,0.19446565,0.68818441,-0.0013085097,0.0097068187,0.011613038
24.1305,0.40433997,0.11005299,0.041744577,0.20069376,-0.66857642,0.19421476,0.6892084,-0.00077213485,0.013159199,0.050479902
24.1405,0.40431744,0.11022622,0.042313619,0.20133376,-0.66660334,0.19391225,0.69101573,0.00098698611,0.018631604,0.064550548
24.1505,0.40429197,0.11042012,0.043092305,0.20226447,-0.66419239,0.19326058,0.69324448,0.00030005973,0.01747114,0.083986563
24.1605,0.40427217,0.11061833,0.043819881,0.20275441,-0.66223731,0.19283305,0.69508834,0.0020518119,0.018879896,0.066032713
24.1705,0.40427222,0.11079549,0.044492932,0.20299445,-0.6611455,0.19242491,0.6961699,0.0023386909,0.015167725,0.063704466
24.1805,0.40428867,0.11095375,0.045094489,0.20297264,-0.66052647,0.19219534,0.69682699,0.00322459,0.012209273,0.059731974
24.1905,0.40433179,0.11105394,0.045593177,0.2027019,-0.66081167,0.19201459,0.6966852,0.0073388838,0.0082370035,0.041671382
24.2005,0.4044084,0.11109259,0.045940623,0.20195684,-0.66204706,0.19211491,0.69570036,0.0080533887,0.00043748715,0.032011949
24.2105,0.40450239,0.11107588,0.046160905,0.20118226,-0.66386766,0.19218749,0.69416814,0.0093674027,-0.0028755281,0.021862665
24.2205,0.40463505,0.11099588,0.046355191,0.20010629,-0.66622634,0.19242341,0.69215112,0.01381057,-0.010972697,0.017243956
24.2305,0.4048052,0.11084447,0.046476478,0.19881127,-0.6691311,0.19271516,0.68963651,0.016374718,-0.016102325,0.008260302
24.2405,0.40499224,0.11066119,0.046522124,0.19743407,-0.67225696,0.19304231,0.68689521,0.0169521,-0.017452952,0.0022640935
24.2505,0.40517672,0.11046582,0.046531762,0.19599634,-0.67537351,0.19329254,0.684174,0.016649335,-0.019209906,0.00047840465
24.2605,0.4053487,0.11026452,0.046530838,0.19452913,-0.67835045,0.19342106,0.68160646,0.015790612,-0.019509631,-0.00017406637
24.2705,0.405508,0.11006777,0.046531342,0.19310542,-0.68111128,0.1934664,0.6792411,0.014861463,-0.018926254,2.8113882e-05
24.2805,0.40565954,0.10987617,0.046534441,0.1917677,-0.68363644,0.19346385,0.67708058,0.014862766,-0.018956868,0.00050893246
24.2905,0.40581205,0.10968512,0.046536961,0.1905268,-0.68593239,0.19344483,0.67511139,0.01576499,-0.018612173,-0.00062923213
24.3005,0.40597694,0.10949976,0.046519466,0.18939481,-0.68801691,0.19341036,0.67331625,0.016147265,-0.018715956,-0.00068930369
24.3105,0.40616419,0.10932773,0.046601178,0.1885951,-0.68956116,0.19348984,0.67193674,0.020437063,-0.016093216,0.018156643
24.3205,0.40638714,0.10916355,0.046847603,0.18827714,-0.6903606,0.1936461,0.67115955,0.022155429,-0.015257727,0.029149953
24.3305,0.4065973,0.10902922,0.047021723,0.18815539,-0.69115926,0.19396401,0.67027934,0.01600583,-0.0076663045,-0.0015468044
24.3405,0.40679612,0.10897761,0.046961779,0.18812212,-0.69247568,0.1947488,0.66870053,0.015768172,0.0011203151,-0.010848129
24.3505,0.40701411,0.10898145,0.046796989,0.18826633,-0.69391328,0.19587019,0.66683957,0.016301947,0.0061853492,-0.021636979
24.3605,0.40724412,0.10902024,0.046529435,0.18851545,-0.69537366,0.19716678,0.66486289,0.016516754,0.0094902157,-0.03116831
24.3705,0.40750647,0.10905824,0.046116531,0.18884224,-0.69695295,0.19867231,0.6626647,0.020373695,0.0079408623,-0.049293917
24.3805,0.40780622,0.10907887,0.045560434,0.18921884,-0.6986754,0.20036219,0.66023019,0.022590945,0.0070862961,-0.059835726
24.3905,0.40812539,0.10909145,0.044935919,0.18961715,-0.70041415,0.2021019,0.65773869,0.023629538,0.006864523,-0.065138263
24.4005,0.40845961,0.10908819,0.044170211,0.19002117,-0.70229227,0.20395347,0.65504237,0.024641113,0.0048128687,-0.080459841
24.4105,0.40879344,0.10906778,0.043540658,0.19052961,-0.70394044,0.20577463,0.65255124,0.023942806,0.0032839513,-0.051671575
24.4205,0.40911573,0.10903884,0.043084628,0.19111627,-0.70526172,0.20745778,0.65041659,0.024211146,0.0021751859,-0.048492721
24.4305,0.40943443,0.1089762,0.042401843,0.19154699,-0.70690712,0.20914245,0.6479595,0.021337937,0.00067644547,-0.068292157
24.4405,0.40969104,0.10893892,0.041863578,0.19190253,-0.70835993,0.21056564,0.64580318,0.015054767,-0.002257598,-0.032358727
24.4505,0.40984827,0.10885392,0.041731954,0.19196807,-0.70905218,0.21120882,0.64481323,0.009820579,-0.010764417,-0.00010004956
24.4605,0.40995644,0.10873566,0.041791297,0.19205068,-0.70924672,0.21137777,0.64451925,0.0098378189,-0.011756222,0.0089735883
24.4705,0.41006377,0.10860318,0.041891322,0.19209714,-0.70921492,0.21142863,0.64452372,0.011149454,-0.014443461,0.010658679
24.4805,0.41018053,0.10845223,0.041993989,0.19214347,-0.70917648,0.21143288,0.64455081,0.01209486,-0.015661752,0.0096295501
24.4905,0.41031219,0.10830958,0.042048025,0.19236834,-0.70856721,0.21124569,0.64521484,0.015759123,-0.014563259,0.0023442794
24.5005,0.4104621,0.10818519,0.042048688,0.19281012,-0.70726299,0.21084565,0.6466432,0.017707194,-0.012913411,-0.0012239096
24.5105,0.41061257,0.10808358,0.042025346,0.19335141,-0.70562355,0.21034553,0.64843303,0.017429632,-0.011017155,-0.0027480034
24.5205,0.41075634,0.10800962,0.041963081,0.19399134,-0.70351836,0.20966362,0.65074607,0.018438962,-0.0087601256,-0.0082460202
24.5305,0.41090374,0.10796655,0.041879097,0.1947414,-0.70094099,0.20881555,0.65356987,0.01962227,-0.0062173495,-0.008557292
24.5405,0.41105112,0.10794303,0.041782808,0.19553863,-0.69821496,0.20788106,0.65654092,0.019435913,-0.0054889821,-0.010733907
24.5505,0.41122328,0.1079521,0.041695848,0.19633816,-0.69546273,0.20696792,0.65950527,0.023170609,-0.0011577943,-0.0085854132
24.5605,0.41145213,0.10795236,0.041552448,0.1969809,-0.69301014,0.20612525,0.66215395,0.03120914,-0.0042369696,-0.01088162
24.5705,0.41174176,0.10792978,0.041471385,0.19765039,-0.6906741,0.20538432,0.66462086,0.033815825,-0.0050246694,-0.0061386902
24.5805,0.41205464,0.10789407,0.041414952,0.19832132,-0.68840473,0.20468982,0.6669855,0.035795287,-0.0065278792,-0.0053325954
24.5905,0.41238069,0.1078514,0.04132752,0.19895939,-0.68623969,0.20403113,0.66922459,0.03619894,-0.0065774371,-0.0084353663
24.6005,0.41270482,0.10781084,0.041256243,0.1995834,-0.68412614,0.20339232,0.67139366,0.035520467,-0.0058704323,-0.0093876867
24.6105,0.41301764,0.10776775,0.041179111,0.20008307,-0.68205951,0.20287398,0.67350111,0.03398346,-0.0061749002,-0.0089693945
24.6205,0.41330039,0.1077234,0.041100334,0.20039609,-0.67998967,0.20254532,0.67559666,0.026578344,-0.0058154791,-0.0056826019
24.6305,0.41346592,0.10769857,0.041024861,0.20093322,-0.67793095,0.20198565,0.67767047,0.015247825,-0.0027619169,-0.014418147
24.6405,0.41355432,0.10769995,0.040931986,0.20159347,-0.67592966,0.20131704,0.67966949,0.0099105598,-0.0016646723,-0.0066456781
24.6505,0.41361203,0.10770588,0.040890592,0.20228401,-0.67397717,0.20063607,0.68160188,0.0080715515,-0.001644234,-0.0039588673
24.6605,0.41362531,0.10769781,0.040928404,0.20278437,-0.67239756,0.19998259,0.68320347,0.0014287291,-0.0036486211,0.0068142212
24.6705,0.4135855,0.10768656,0.041011743,0.20305327,-0.67134358,0.19936076,0.68434089,-0.0037988013,-0.0029224345,0.0080223747
24.6805,0.41351908,0.10767137,0.041101926,0.2033026,-0.67068655,0.19874759,0.68508905,-0.0053074124,-0.0023090305,0.0054758399
24.6905,0.41344495,0.10767578,0.041125903,0.2033356,-0.67032705,0.19836138,0.68554288,-0.0063670275,0.00046160732,-0.00099591916
24.7005,0.41338056,0.10771147,0.041171868,0.20342198,-0.66992925,0.19817771,0.68595911,-0.0048675333,0.0049807111,0.0087441654
24.7105,0.41333562,0.1077765,0.041290507,0.20370313,-0.66932255,0.19813127,0.68648115,-0.0035434214,0.0072686389,0.013724544
24.7205,0.41331269,0.10786376,0.041411414,0.20395603,-0.66861526,0.19829614,0.68704746,-0.0010871354,0.010358237,0.011492622
24.7305,0.41329503,0.107986,0.041743061,0.20456073,-0.66738778,0.19810516,0.6881154,-0.00044763544,0.01431453,0.046306772
24.7405,0.41326469,0.10815598,0.04232432,0.2053198,-0.66542239,0.19767359,0.68991447,-0.001452139,0.016039422,0.067970231
24.7505,0.41321925,0.10834416,0.043088346,0.20618084,-0.66301114,0.19708118,0.692145,-0.0018823237,0.018311795,0.068671511
24.7605,0.41317816,0.10852514,0.043841325,0.20674692,-0.66106838,0.19656248,0.69397947,-0.00060213619,0.014822427,0.077749676
24.7705,0.4131596,0.10868604,0.044501697,0.20706466,-0.66000531,0.19606838,0.69503554,0.0010002415,0.013421413,0.068061764
24.7805,0.41316336,0.1088325,0.045109695,0.20704997,-0.65939777,0.19582335,0.69568534,0.0028116409,0.014186227,0.050502474
24.7905,0.41319557,0.10892476,0.045604172,0.20671086,-0.65968286,0.19570937,0.69554798,0.0052431114,0.0047777356,0.0472654
24.8005,0.41326759,0.10895535,0.045947914,0.20606614,-0.66094661,0.19571285,0.69453784,0.008298798,0.00059508149,0.032137786
24.8105,0.4133708,0.10894504,0.046200229,0.20514468,-0.66268908,0.19594346,0.69308369,0.010786437,-0.0007854409,0.019621756
24.8205,0.4135066,0.10887007,0.046379613,0.20397446,-0.66502007,0.19627446,0.69109989,0.013899072,-0.010839685,0.016606836
24.8305,0.41367516,0.10871683,0.046495845,0.20264962,-0.66792024,0.19659507,0.68859717,0.016118884,-0.016422085,0.007992703
24.8405,0.41385897,0.10852955,0.046540421,0.20126556,-0.67104959,0.19692776,0.68586011,0.016616017,-0.017886092,0.0021532598
24.8505,0.41403979,0.10832988,0.046550423,0.19982767,-0.67417226,0.19717715,0.68314116,0.016264171,-0.019652148,0.00044169762
24.8605,0.41420801,0.10812455,0.04655027,0.19836107,-0.67715572,0.19730461,0.68057616,0.015417578,-0.019905038,-0.00018985922
24.8705,0.41436274,0.10792495,0.046546836,0.19693271,-0.67993537,0.19735449,0.678201,0.014392919,-0.019186226,-0.00040016689
24.8805,0.41450998,0.10773137,0.046549891,0.19559166,-0.68246634,0.19735507,0.67604332,0.01452124,-0.019194763,0.00073205679
24.8905,0.41465936,0.10753724,0.046554987,0.19435348,-0.68476469,0.19733381,0.67407967,0.014965719,-0.019401124,0.00019550976
24.9005,0.41481864,0.10734591,0.046521672,0.19325273,-0.68687202,0.1972815,0.67226499,0.015784045,-0.019077261,-0.0022768843
24.9105,0.41500061,0.10716854,0.046599958,0.19247748,-0.68843146,0.19734316,0.67087273,0.019883889,-0.016674374,0.018003664
24.9205,0.41522159,0.10700205,0.046853272,0.19215914,-0.6892325,0.19750026,0.67009482,0.022060496,-0.015490262,0.030241741
24.9305,0.41542867,0.10686269,0.047039516,0.19201018,-0.69002407,0.19782076,0.66922778,0.014937192,-0.0096017639,0.0026393319
24.9405,0.41561646,0.10679424,0.047015549,0.19193086,-0.69129633,0.19857095,0.66771364,0.015216098,-0.00048171933,-0.0075832449
24.9505,0.41582824,0.10678473,0.046878935,0.19204093,-0.69269354,0.19966905,0.66590405,0.01606526,0.0049911997,-0.019098011
24.9605,0.41605503,0.1068136,0.046633088,0.19226478,-0.69411844,0.20095146,0.66396713,0.016475185,0.0086490223,-0.029238413
24.9705,0.4163159,0.10684427,0.046236385,0.19257162,-0.69566695,0.20245105,0.66179849,0.020414325,0.0073483621,-0.047882884
24.9805,0.41661503,0.10685954,0.045691219,0.19293125,-0.69736371,0.20414224,0.65938406,0.022539124,0.0068001212,-0.059606099
24.9905,0.41693419,0.10686831,0.045073228,0.193315,-0.69908213,0.20588877,0.65690433,0.023762756,0.006615999,-0.064525301
25.0005,0.41726903,0.10686217,0.044307074,0.19370393,-0.7009492,0.20775335,0.65420758,0.024753006,0.0046689979,-0.086387099
25.0105,0.41760936,0.10683915,0.043507109,0.19412961,-0.7028272,0.20967329,0.65144818,0.024039535,0.0035405477,-0.064356182
25.0205,0.41792799,0.10681156,0.042987352,0.19467302,-0.70424556,0.21140136,0.64919186,0.023486082,0.0022442991,-0.044026693
25.0305,0.41823239,0.10677914,0.042469467,0.19527831,-0.70567275,0.21295458,0.64694876,0.021832807,0.0025909173,-0.060047098
25.0405,0.41852323,0.10673327,0.041850861,0.19543932,-0.70718148,0.21460752,0.64470259,0.018899436,-0.0043663297,-0.045130311
25.0505,0.41870459,0.1066183,0.041646912,0.195516,-0.70797935,0.21529389,0.64357382,0.011748284,-0.012545301,-0.0044006908
25.0605,0.4188241,0.10647462,0.041696004,0.19570794,-0.70819211,0.21538804,0.64324982,0.010784433,-0.01409051,0.0094037478
25.0705,0.41894024,0.10632448,0.041812972,0.19575018,-0.70813426,0.21543811,0.64328388,0.011989787,-0.015883559,0.012663035
25.0805,0.41906474,0.10616159,0.041934678,0.19579236,-0.70805047,0.21543367,0.64336476,0.012962484,-0.016719528,0.011505456
25.0905,0.41920374,0.1060112,0.042004698,0.19602318,-0.70740194,0.2152349,0.64407402,0.01644447,-0.015192263,0.003795406
25.1005,0.41935757,0.10588355,0.042017443,0.19647572,-0.70607243,0.21482299,0.64553086,0.01796332,-0.013198599,-0.00015074063
25.1105,0.41950958,0.10577951,0.042002965,0.19702915,-0.70441775,0.21431106,0.64733756,0.017471528,-0.011243184,-0.0019600122
25.1205,0.41966248,0.10571009,0.041972175,0.19773224,-0.70225257,0.21363989,0.64969322,0.019265752,-0.008224444,-0.006304177
25.1305,0.4198094,0.10566614,0.041873595,0.19848331,-0.69971345,0.21276449,0.65248505,0.019783307,-0.0065782214,-0.0064757607
25.1405,0.41995662,0.10564337,0.041769419,0.19922625,-0.69695927,0.21188864,0.65548446,0.019864009,-0.0047586996,-0.010260819
25.1505,0.42013121,0.1056527,0.0416941,0.2000031,-0.69419527,0.21100953,0.6584578,0.023745065,-0.0011424829,-0.0065856239
25.1605,0.42036258,0.10564772,0.041554177,0.20072453,-0.69178227,0.2101068,0.66106133,0.031335346,-0.0049355048,-0.011508779
25.1705,0.42065598,0.10561993,0.041471045,0.20143308,-0.68948581,0.20933162,0.66348648,0.03417241,-0.0054910412,-0.0063592344
25.1805,0.42097352,0.105583,0.041414856,0.20212586,-0.68723854,0.20861674,0.66582834,0.036215983,-0.0064876627,-0.0052672316
25.1905,0.42130425,0.10554223,0.041329043,0.20277847,-0.68508493,0.20794356,0.66805614,0.03664029,-0.0063508935,-0.0082659486
25.2005,0.42163347,0.10550477,0.04125311,0.20340989,-0.68298732,0.20729466,0.67021017,0.036037943,-0.0055392879,-0.012081636
25.2105,0.42194847,0.10546448,0.041163913,0.2038686,-0.68092633,0.20681184,0.67231376,0.033924669,-0.0061862844,-0.0054163579
25.2205,0.42222127,0.10542154,0.041105581,0.20422477,-0.67882025,0.20643917,0.67444657,0.024728176,-0.005747759,-0.0048504108
25.2305,0.42237898,0.10539686,0.04101307,0.20479854,-0.67678801,0.20584207,0.67649434,0.01466008,-0.0031940764,-0.011076947
25.2405,0.42246377,0.10539481,0.040940745,0.20548845,-0.67476325,0.20514484,0.67851651,0.0097168101,-0.0020785024,-0.0055621963
25.2505,0.42252103,0.10539725,0.040899416,0.20618919,-0.67281895,0.20445413,0.68044044,0.0082546194,-0.0018324802,-0.0088242001
25.2605,0.42253605,0.10538835,0.040906153,0.20667975,-0.67129837,0.2038121,0.68198432,0.0014007812,-0.0036059798,0.0049633693
25.2705,0.42249513,0.10537634,0.040982357,0.20695668,-0.67027734,0.20317808,0.68309288,-0.0039774583,-0.0030502262,0.0078384595
25.2805,0.42243248,0.10535644,0.041072568,0.20721015,-0.66964609,0.20255414,0.68382007,-0.0051090881,-0.0024105444,0.0051646342
25.2905,0.42235977,0.10536078,0.041095852,0.20723183,-0.6693,0.20217022,0.6842658,-0.006253197,0.00048508541,-0.00084637323
25.3005,0.42229635,0.10539732,0.041143801,0.20730922,-0.66890234,0.20198558,0.6846856,-0.0047777997,0.0050237966,0.0089907902
25.3105,0.42225167,0.10546259,0.041264668,0.20758409,-0.66829244,0.20193541,0.68521248,-0.0035726618,0.0071422454,0.014166528
25.3205,0.42222759,0.10554775,0.041392689,0.20785447,-0.66758213,0.202073,0.68578212,-0.0011807189,0.010085583,0.012093345
25.3305,0.42221266,0.10567245,0.041722772,0.20842677,-0.66634978,0.20190844,0.68685459,0.00027009525,0.014275001,0.049437278
25.3405,0.42218558,0.10583901,0.042323962,0.20918947,-0.66435801,0.20147058,0.6886783,-0.0012655847,0.015534298,0.06764955
25.3505,0.42215027,0.10603355,0.043064146,0.21000693,-0.66194224,0.20091422,0.69091463,-0.00053267682,0.018713348,0.073757728
25.3605,0.42211547,0.10621439,0.043815791,0.21069101,-0.66002798,0.20027589,0.69272068,-0.00071285766,0.01431043,0.069422632
25.3705,0.42210073,0.10637097,0.044521737,0.21095462,-0.65891849,0.1998383,0.69382218,0.0016317449,0.014615857,0.063260265
25.3805,0.42210668,0.10651789,0.045104948,0.21088847,-0.65831002,0.19963011,0.69447951,0.0021898212,0.010958394,0.061564343
25.3905,0.42214602,0.10661309,0.045598341,0.2105633,-0.65858785,0.19949812,0.69435268,0.006883398,0.0072505378,0.0423135
25.4005,0.4222195,0.10663981,0.045945316,0.2099648,-0.65987174,0.19943674,0.69333185,0.0080116681,6.1332596e-05,0.032782826
25.4105,0.42232261,0.10662985,0.046182697,0.20901052,-0.66163417,0.19969117,0.69186578,0.010317982,-0.0020895026,0.020048111
25.4205,0.42245656,0.10654999,0.046366977,0.20790984,-0.66398831,0.19994628,0.68986558,0.013682758,-0.01123004,0.016649061
25.4305,0.42262361,0.10639456,0.046485036,0.20658748,-0.66688888,0.20026287,0.68736862,0.016033938,-0.016545897,0.0080967473
25.4405,0.42280653,0.1062065,0.046530279,0.20517961,-0.6700099,0.2006191,0.68464592,0.016584846,-0.017895564,0.002274502
25.4505,0.42298749,0.10600567,0.04654482,0.20371431,-0.67311058,0.20089619,0.68195553,0.016350545,-0.019764781,0.0010268094
25.4605,0.42315547,0.10579947,0.04654736,0.20221988,-0.67607789,0.20105212,0.67941435,0.015386178,-0.01994004,1.2792746e-05
25.4705,0.42330918,0.10559946,0.046544082,0.20076498,-0.67884996,0.20112925,0.67705478,0.014287351,-0.019197836,-0.00038082298
25.4805,0.42345459,0.10540581,0.046543858,0.19939853,-0.6813847,0.20115593,0.67490103,0.014213501,-0.019081098,0.00022779056
25.4905,0.4236,0.1052136,0.046547652,0.19814016,-0.68368047,0.20115481,0.67294743,0.014603039,-0.019203072,0.00044968089
25.5005,0.423758,0.10502556,0.046534761,0.19691035,-0.68573454,0.20121207,0.67119904,0.015537665,-0.018992291,-0.00056434573
25.5105,0.42392986,0.10483814,0.046615768,0.19619535,-0.6873052,0.20120707,0.66980196,0.018858653,-0.01791247,0.01742748
25.5205,0.42414485,0.10466559,0.046862929,0.19589669,-0.68810986,0.20134121,0.66902244,0.021697144,-0.015901387,0.029634021
25.5305,0.42434928,0.10452341,0.047045027,0.19574486,-0.68889962,0.20166208,0.66815692,0.01490873,-0.0095162239,0.0015609466
25.5405,0.42453762,0.1044553,0.047012378,0.19565866,-0.69017794,0.20242717,0.66662984,0.015280926,-0.00040916863,-0.0083114383
25.5505,0.42475017,0.10444532,0.046869709,0.19575872,-0.69157778,0.20353987,0.66480841,0.016165209,0.0049968663,-0.019603394
25.5605,0.42497787,0.10447308,0.046619649,0.19597132,-0.69300234,0.20483562,0.6628615,0.01659856,0.0086019276,-0.029588475
25.5705,0.42523945,0.10450187,0.046220045,0.1962655,-0.69454747,0.20634782,0.66068468,0.020511121,0.0072199583,-0.048121676
25.5805,0.42553905,0.10451448,0.045673446,0.19661129,-0.69623768,0.20805109,0.65826426,0.022763357,0.0065062686,-0.059026306
25.5905,0.42585856,0.10452008,0.045055091,0.19698114,-0.69794742,0.20980858,0.6557806,0.023825481,0.0064036727,-0.064657184
25.6005,0.4261932,0.10451061,0.044287815,0.19735452,-0.69980563,0.2116846,0.65307955,0.0247853,0.004428407,-0.086483739
25.6105,0.4265327,0.10448347,0.043505507,0.19777198,-0.70164805,0.21360623,0.65034501,0.024089394,0.0030926273,-0.062599617
25.6205,0.42685219,0.10445006,0.042996584,0.19830844,-0.70303959,0.21533621,0.64810448,0.023667158,0.0016789267,-0.043404733
25.6305,0.42716076,0.10440753,0.042451472,0.19884778,-0.70447751,0.21693247,0.64584155,0.022833452,0.0011909877,-0.065172846
25.6405,0.42745356,0.10436213,0.041882682,0.19906329,-0.70593996,0.21850506,0.6436444,0.017991755,-0.0030141172,-0.036076245
25.6505,0.42762548,0.10425308,0.041734527,0.19921521,-0.70666923,0.21909814,0.64259467,0.010330809,-0.013590959,-0.00083821942
25.6605,0.42774548,0.10413043,0.041809129,0.1992336,-0.70676148,0.21933529,0.64240658,0.0098238604,-0.012661619,0.012562245
25.6705,0.4278512,0.10398564,0.041936851,0.19939506,-0.70671943,0.2192847,0.64242002,0.010882339,-0.015683911,0.011622843
25.6805,0.42796621,0.10382364,0.042043613,0.1994696,-0.70667534,0.21925888,0.64245419,0.012005596,-0.016717778,0.0094390631
25.6905,0.42809765,0.10367372,0.042091921,0.19969082,-0.70606794,0.21906576,0.64311883,0.015776644,-0.01506501,0.001594267
25.7005,0.42824675,0.10354713,0.042083472,0.20012951,-0.70477378,0.21866551,0.64453665,0.017516063,-0.013104699,-0.0020633041
25.7105,0.42839251,0.10344156,0.042038343,0.20065709,-0.70317192,0.21815719,0.64629206,0.016658367,-0.011606251,-0.0057714848
25.7205,0.42853502,0.10336651,0.041966177,0.2013089,-0.70108489,0.21746593,0.64858559,0.018432623,-0.0087626473,-0.008800956
25.7305,0.4286843,0.10332429,0.041877592,0.2020782,-0.69852375,0.21659845,0.65139395,0.01911244,-0.0068396086,-0.012090774
25.7405,0.42883722,0.1033052,0.041782835,0.2028673,-0.69578612,0.21569096,0.65437294,0.020001691,-0.0040305356,-0.010410585
25.7505,0.42901345,0.10331519,0.041689705,0.2037132,-0.69307056,0.21472996,0.65730143,0.023110019,-0.0012687886,-0.010658912
25.7605,0.42924474,0.10331167,0.041601597,0.20449999,-0.69058234,0.21378124,0.65997982,0.031508627,-0.0046446759,-0.0094051144
25.7705,0.42954027,0.10328929,0.041517695,0.20520823,-0.68827488,0.2130015,0.66241802,0.0344244,-0.0048765231,-0.0087306506
25.7805,0.42986067,0.10325818,0.041426641,0.20587,-0.68606204,0.21230092,0.66472907,0.036460751,-0.0059904582,-0.0084666306
25.7905,0.43019284,0.10322134,0.041342212,0.20651687,-0.68388805,0.21163292,0.66697783,0.036840292,-0.0059880685,-0.0087019592
25.8005,0.43052417,0.10318734,0.041254825,0.20713747,-0.68179563,0.21099169,0.66912727,0.036112631,-0.0053194874,-0.0081916483
25.8105,0.43084822,0.10314727,0.041171067,0.20773874,-0.67978407,0.21037459,0.67117864,0.035158156,-0.0069085002,-0.0082560591
25.8205,0.43114756,0.10309651,0.041088718,0.20832544,-0.67784555,0.20977431,0.67314238,0.027491358,-0.0064679193,-0.0097669292
25.8305,0.43132111,0.10307084,0.041014592,0.20894597,-0.67582555,0.20913548,0.67517684,0.015410044,-0.0029398487,-0.0060382992
25.8405,0.43141433,0.10307665,0.040938243,0.20957293,-0.67380755,0.2084914,0.67719562,0.010419963,-0.0010570909,-0.0050651884
25.8505,0.4314767,0.10308993,0.040888907,0.21017628,-0.67186362,0.20786297,0.67913046,0.0087107357,-0.00070779713,-0.0066722662
25.8605,0.43150204,0.1030933,0.04089743,0.21062741,-0.670265,0.20728284,0.68074573,0.0023650374,-0.0024449956,0.0056942753
25.8705,0.43147203,0.10309595,0.04096512,0.21082525,-0.66917989,0.20676287,0.68190916,-0.0025340693,-0.00057819257,0.0062320221
25.8805,0.43141336,0.10311012,0.04101831,0.21089111,-0.66849032,0.20635924,0.68268697,-0.0041330931,8.6135346e-05,0.0062881833
25.8905,0.43134664,0.10312773,0.041050835,0.21088175,-0.66805831,0.20604298,0.68320807,-0.0058321952,0.0011910537,0.00038576691
25.9005,0.43128556,0.10316588,0.041109152,0.21098881,-0.6676367,0.20586554,0.68364051,-0.004740466,0.0049426331,0.010012011
25.9105,0.43124175,0.10322912,0.041241812,0.21131297,-0.66701929,0.20579915,0.68416285,-0.0036079946,0.0068575637,0.015147563
25.9205,0.43121253,0.10330117,0.041405329,0.21174488,-0.66632235,0.20580417,0.6847067,-0.0025654213,0.0073626707,0.016596146
25.9305,0.43117693,0.10340504,0.041727354,0.21230032,-0.6650948,0.20566333,0.68576969,-0.0027953867,0.011569995,0.049310169
25.9405,0.43112762,0.10355172,0.042335872,0.21315206,-0.66314131,0.20514313,0.6875508,-0.0028888128,0.014091417,0.070200654
25.9505,0.43108109,0.10373466,0.043088958,0.21399929,-0.66071925,0.20457369,0.68978546,-0.00062810513,0.018264064,0.075115614
25.9605,0.43104814,0.10391319,0.043842397,0.21460989,-0.65876672,0.2040249,0.69162334,5.1315142e-06,0.01473667,0.07207587
25.9705,0.43103236,0.1040693,0.044498821,0.21476553,-0.65765791,0.20369616,0.69272629,0.00056272783,0.012603135,0.065782983
25.9805,0.43102488,0.10418846,0.045137598,0.21492273,-0.65708988,0.20326933,0.69334168,0.0017587802,0.010702159,0.060657046
25.9905,0.43105904,0.10427964,0.045592107,0.21449461,-0.65738027,0.20324889,0.69320497,0.005588803,0.0054521279,0.040514049
26.0005,0.43112536,0.10429153,0.045969891,0.21392052,-0.65866006,0.20317606,0.69218815,0.0077751063,-0.00088060752,0.033336774
26.0105,0.43122794,0.10427639,0.046196167,0.2129908,-0.66044254,0.203412,0.69070553,0.010625537,-0.0024983521,0.019200571
26.0205,0.43136478,0.10419104,0.046388813,0.21196448,-0.66280208,0.20359922,0.688703,0.013881776,-0.011693805,0.016756475
26.0305,0.43153378,0.10403285,0.046507076,0.21064207,-0.66570253,0.2039264,0.68620995,0.016172562,-0.016638377,0.0080258299
26.0405,0.43171768,0.10384444,0.04655071,0.20920734,-0.66881978,0.2043202,0.68349517,0.016672673,-0.017796998,0.0021978461
26.0505,0.431898,0.10364502,0.046559072,0.20770522,-0.67192826,0.2046443,0.68080223,0.016221554,-0.019517832,0.00048936127
26.0605,0.43206499,0.10344012,0.04655724,0.20617667,-0.67489972,0.20484386,0.67826288,0.015299884,-0.019792795,-0.00015640709
26.0705,0.43221797,0.1032407,0.046552286,0.2046938,-0.67767035,0.20495764,0.67591102,0.014220589,-0.019128807,-0.00038580933
26.0805,0.43236274,0.10304713,0.04655338,0.20330625,-0.68019676,0.20501311,0.67377189,0.014245839,-0.019139633,0.00074594111
26.0905,0.43250939,0.10285317,0.046556619,0.20202674,-0.68249066,0.20504024,0.67182601,0.015055766,-0.019067403,-0.0003938255
26.1005,0.43267006,0.10266497,0.046536836,0.2007567,-0.68454986,0.20514415,0.67007769,0.015631573,-0.01905034,-0.00083548506
26.1105,0.43284109,0.10247692,0.046611234,0.2000209,-0.68613767,0.20516532,0.66866579,0.018585989,-0.018042415,0.016692109
26.1205,0.4330536,0.10230132,0.046855709,0.19972975,-0.68695951,0.20529637,0.66786829,0.021535203,-0.01597477,0.029071377
26.1305,0.43325663,0.10215783,0.047032551,0.19956191,-0.68775228,0.20563452,0.66699796,0.014814879,-0.0095989853,0.0012779765
26.1405,0.43344368,0.10208771,0.04699609,0.19946381,-0.68902881,0.20640959,0.66546869,0.015174762,-0.00061676206,-0.008742706
26.1505,0.43365475,0.10207455,0.046848814,0.19955142,-0.69042699,0.20752872,0.6636427,0.01606382,0.0046962803,-0.02009212
26.1605,0.43388097,0.10209832,0.046593951,0.19975019,-0.69185036,0.20882916,0.66168975,0.016513746,0.008242965,-0.0300766
26.1705,0.43414091,0.10212236,0.046189762,0.20002818,-0.69339379,0.2103459,0.65950616,0.020404637,0.0067852487,-0.048573155
26.1805,0.43443856,0.10212965,0.045638498,0.2003554,-0.69508187,0.21205435,0.65707828,0.022511569,0.0061448066,-0.060164513
26.1905,0.43475605,0.10212966,0.045015665,0.20070565,-0.69678941,0.21381732,0.65458683,0.023734303,0.0059063295,-0.06496595
26.2005,0.43508887,0.10211427,0.044245735,0.20105858,-0.69864272,0.21569925,0.65188007,0.024690508,0.0039252058,-0.086725446
26.2105,0.43542442,0.10208094,0.043511476,0.20147541,-0.70040912,0.21760167,0.64921817,0.023987392,0.0023864982,-0.05839673
26.2205,0.4357416,0.10203986,0.043027423,0.20200517,-0.70175325,0.2193202,0.64702005,0.023489926,0.0010361085,-0.042060913
26.2305,0.4360553,0.10197401,0.042423818,0.20239444,-0.70324822,0.22100708,0.64469707,0.022853743,-0.0012541315,-0.071070268
26.2405,0.43632346,0.10191177,0.041862376,0.20267918,-0.70470773,0.22245017,0.64251388,0.014191759,-0.005899534,-0.0328354
26.2505,0.43647216,0.10179032,0.041737819,0.20287799,-0.7054081,0.22295684,0.64150618,0.011515432,-0.011339477,0.0010524751
26.2605,0.43659016,0.10165974,0.041791746,0.20283425,-0.70554615,0.22324565,0.64126771,0.010802562,-0.012608505,0.0084747363
26.2705,0.43670388,0.10151138,0.041891485,0.20286458,-0.70550084,0.22331695,0.64128315,0.011462617,-0.01586732,0.010754599
26.2805,0.43682393,0.10134404,0.041996267,0.20291703,-0.70544965,0.22331916,0.64132209,0.012240442,-0.017076207,0.0097596729
26.2905,0.43695772,0.10118819,0.042051561,0.20316444,-0.70483649,0.22311465,0.64198878,0.015789684,-0.015696308,0.002333752
26.3005,0.43710648,0.10105528,0.042051821,0.20363924,-0.70354014,0.22268545,0.64340774,0.017417931,-0.013844847,-0.0013566591
26.3105,0.43725332,0.10094647,0.042027684,0.20421746,-0.70191302,0.22215166,0.64518368,0.01687837,-0.011731428,-0.0028543094
26.3205,0.43739486,0.10086688,0.041957574,0.20489314,-0.69984049,0.22143197,0.64746426,0.018644692,-0.0088972483,-0.0070512323
26.3305,0.43754351,0.10082029,0.04187263,0.20569686,-0.69728602,0.22054393,0.65026255,0.019558472,-0.0067990708,-0.0088731127
26.3405,0.43769436,0.10079456,0.04178185,0.20653712,-0.69456696,0.21959073,0.65322206,0.019423129,-0.0057908869,-0.0073447824
26.3505,0.4378556,0.10078627,0.041687003,0.2073231,-0.69187768,0.21858544,0.65615762,0.022876235,-0.0023974403,-0.0092214305
26.3605,0.43808259,0.10077314,0.041586734,0.20805429,-0.68940008,0.21767132,0.6588324,0.03115691,-0.0056942611,-0.0078645982
26.3705,0.43837462,0.10073923,0.041498355,0.20876205,-0.68711093,0.21688717,0.66125406,0.034013023,-0.0061206331,-0.0098992147
26.3805,0.43868989,0.10069588,0.041418482,0.20945327,-0.68489494,0.21615776,0.66356919,0.035853735,-0.0072712775,-0.0067178602
26.3905,0.43901685,0.10064774,0.041323981,0.210122,-0.68274913,0.21546488,0.6657907,0.036181389,-0.007214631,-0.0090782973
26.4005,0.43934134,0.10060177,0.041251109,0.2107806,-0.68064058,0.21479075,0.66795574,0.035416699,-0.0065851584,-0.0061711668
26.4105,0.43965338,0.10055319,0.041174733,0.21129917,-0.67856433,0.21425967,0.67007157,0.033615386,-0.0070784937,-0.0056150219
26.4205,0.43992729,0.10050248,0.041112053,0.21167375,-0.67646355,0.21387304,0.6721976,0.025372505,-0.0060462961,-0.0098833272
26.4305,0.44008477,0.10047216,0.041028098,0.21226062,-0.67441789,0.21326583,0.67425783,0.01422984,-0.0039801923,-0.0070772975
26.4405,0.44016792,0.10046425,0.040953373,0.21296811,-0.67240286,0.21255594,0.6762684,0.0095811621,-0.0026310091,-0.0077885572
26.4505,0.44022431,0.10046136,0.040897717,0.21368279,-0.67048883,0.21185434,0.67816085,0.0080557901,-0.0023919544,-0.0097207569
26.4605,0.44024025,0.10045088,0.040899678,0.21420238,-0.66898128,0.21121351,0.67968393,0.001407802,-0.0035574377,0.0047466627
26.4705,0.4402011,0.10044077,0.040973638,0.21449901,-0.66796745,0.21059129,0.68077968,-0.0039131736,-0.0027729381,0.0076945887
26.4805,0.44013699,0.10042868,0.041066642,0.21475771,-0.6673132,0.20998328,0.68152714,-0.0051922838,-0.0018082556,0.0058889383
26.4905,0.44006406,0.10043693,0.041094702,0.21479407,-0.66695371,0.20960069,0.6819852,-0.0063057556,0.00070601543,-0.00050009278
26.5005,0.44000081,0.10047244,0.041141283,0.21488358,-0.6665677,0.20941613,0.68239097,-0.0047722571,0.004789738,0.0086780196
26.5105,0.43995711,0.10053503,0.041259904,0.21516982,-0.66597274,0.20936224,0.68289802,-0.0035075018,0.0068743921,0.013956875
26.5205,0.43993074,0.10061146,0.041401298,0.21551697,-0.66528252,0.20942727,0.68344116,-0.0015953232,0.0089135548,0.013362434
26.5305,0.43990934,0.10073163,0.041712783,0.21600415,-0.66405249,0.20934712,0.68450733,-0.0019649608,0.011965125,0.048990526
26.5405,0.4398749,0.10088902,0.042330537,0.21685543,-0.66209531,0.20882141,0.68629232,-4.9623253e-05,0.016372762,0.069168604
26.5505,0.43984092,0.10107902,0.043075842,0.21770984,-0.65967387,0.20823044,0.68852951,-0.00086948718,0.016681859,0.082431248
26.5605,0.43980495,0.10125634,0.043819948,0.21830361,-0.65773577,0.20768311,0.69035854,-0.00085390093,0.013811434,0.076336318
26.5705,0.43977545,0.10139587,0.044501583,0.21857766,-0.65665094,0.20721829,0.69144337,-0.00052564896,0.010235042,0.068449982
26.5805,0.43976633,0.10151783,0.045116258,0.21864784,-0.65607293,0.20686474,0.69207544,0.0020656618,0.011979771,0.056695007
26.5905,0.43979413,0.1016021,0.045581111,0.21823952,-0.65636388,0.20680557,0.69194611,0.0044486861,0.0031297503,0.043747872
26.6005,0.43986009,0.10161794,0.04593512,0.217574,-0.65762021,0.20681522,0.69095925,0.0084016549,0.00054074826,0.030512684
26.6105,0.43995216,0.10158996,0.046186975,0.2166257,-0.65935929,0.20706616,0.6895232,0.0089299994,-0.0040079545,0.022631245
26.6205,0.44007321,0.10149429,0.046386539,0.2155076,-0.66168502,0.20734474,0.68755914,0.012676681,-0.012409665,0.01747253
26.6305,0.44023114,0.10132948,0.046508576,0.21416643,-0.66457474,0.20768271,0.68508471,0.015258358,-0.017301031,0.0081166235
26.6405,0.44040675,0.10113477,0.046552485,0.21273676,-0.66769414,0.20806281,0.68237634,0.015935602,-0.018452551,0.0019572172
26.6505,0.44058035,0.10092966,0.046559575,0.21124485,-0.67080953,0.20836933,0.67968553,0.015607186,-0.020085574,0.00016093728
26.6605,0.44074172,0.10071998,0.04655604,0.20972501,-0.673789,0.2085544,0.6771476,0.014779149,-0.020271481,-0.00047137522
26.6705,0.44088996,0.10051659,0.046549455,0.20824745,-0.676567,0.2086584,0.67479757,0.013781907,-0.019522569,-0.00065129574
26.6805,0.44103079,0.10031972,0.046549506,0.20686234,-0.67909864,0.20870798,0.67266186,0.013884331,-0.019474675,0.00052786144
26.6905,0.44117434,0.10012326,0.046551153,0.20557972,-0.6813968,0.20873541,0.67071969,0.01493091,-0.019172906,-0.00079599794
26.7005,0.44133135,0.099932486,0.046506906,0.20441357,-0.68350086,0.20875173,0.66892779,0.015331093,-0.019127819,-0.0022473427
26.7105,0.44150786,0.09975211,0.046584752,0.20360498,-0.68505763,0.20884816,0.66755037,0.019340079,-0.017159704,0.018027328
26.7205,0.44172326,0.099578917,0.046838755,0.20327486,-0.68585725,0.20901741,0.66677649,0.02152489,-0.016224358,0.030303339
26.7305,0.44192603,0.099432846,0.047025768,0.20311654,-0.68664494,0.20934599,0.6659104,0.014689072,-0.010069625,0.0027214399
26.7405,0.44211199,0.099358518,0.047002345,0.20301915,-0.68790465,0.21011193,0.66439701,0.015188604,-0.0010047877,-0.0076027472
26.7505,0.44232298,0.099341597,0.046865531,0.20310452,-0.68928409,0.21122758,0.66258502,0.016157485,0.004388433,-0.019175303
26.7605,0.44254976,0.09936221,0.046618943,0.20329935,-0.69068883,0.21252824,0.66064367,0.016657094,0.0080078664,-0.029356622
26.7705,0.4428104,0.099383346,0.046221114,0.2035713,-0.69221417,0.21404855,0.65846905,0.020535795,0.0065693963,-0.048028409
26.7805,0.44310864,0.099387794,0.045674502,0.20389038,-0.69388506,0.21576342,0.65604754,0.022632626,0.0059502636,-0.059778228
26.7905,0.4434265,0.09938515,0.045054105,0.20423115,-0.69557793,0.21753482,0.65355917,0.023850636,0.0057241724,-0.064703988
26.8005,0.44375965,0.099367044,0.044286125,0.20457304,-0.69741692,0.21942692,0.65085431,0.024774099,0.0037570567,-0.086589548
26.8105,0.4440968,0.099330469,0.043512989,0.20496025,-0.69922615,0.2213605,0.64813086,0.024113756,0.0021772169,-0.061669037
26.8205,0.44441389,0.099285941,0.043008212,0.20546861,-0.70059275,0.22309869,0.64589428,0.023343342,0.0008373588,-0.043352502
26.8305,0.44472364,0.099230593,0.042445307,0.20592521,-0.70203246,0.2247436,0.64361133,0.022722145,0.00067634604,-0.0645693
26.8405,0.44500414,0.09916893,0.041858408,0.20618047,-0.70352673,0.22629234,0.64135134,0.017183433,-0.0047420095,-0.04205542
26.8505,0.44517432,0.099047204,0.041671784,0.2062579,-0.70428449,0.2269778,0.6402516,0.011632046,-0.013335618,-0.0035853768
26.8605,0.44529595,0.098901625,0.041709919,0.20632935,-0.70448224,0.22718643,0.63993694,0.010818759,-0.014643532,0.0083731624
26.8705,0.44541025,0.09874188,0.041819912,0.2063891,-0.70445019,0.22723737,0.63993487,0.011646763,-0.016877551,0.012177856
26.8805,0.44553059,0.098568708,0.041939686,0.20645529,-0.70437123,0.22722741,0.64000397,0.012434342,-0.017818881,0.01139223
26.8905,0.44566478,0.098408721,0.042009098,0.20671134,-0.70372341,0.22701141,0.64071024,0.015894222,-0.016005622,0.0036565906
26.9005,0.4458141,0.09827373,0.042021006,0.20719579,-0.70239857,0.22657228,0.64216132,0.017439361,-0.013960496,-0.00025182759
26.9105,0.44596131,0.098163334,0.042005836,0.20778435,-0.70074935,0.22602868,0.64396199,0.016947111,-0.011977249,-0.0020427968
26.9205,0.44610989,0.098087303,0.041972402,0.20852578,-0.69859717,0.22531639,0.64630606,0.01848849,-0.0092456263,-0.0078596495
26.9305,0.44625504,0.098036986,0.041875711,0.20933037,-0.69607045,0.22439266,0.64908756,0.019503198,-0.0072218268,-0.0062245686
26.9405,0.44640304,0.098007922,0.041777131,0.21016214,-0.69335139,0.22341932,0.65205792,0.019933122,-0.0053163869,-0.0091827683
26.9505,0.44657204,0.098005996,0.041684251,0.21094717,-0.69065245,0.22245409,0.65499211,0.022162878,-0.0034430681,-0.011637189
26.9605,0.44679848,0.097989942,0.041593054,0.21172577,-0.68819685,0.22148039,0.65765016,0.031198462,-0.0059600538,-0.0073913099
26.9705,0.44709187,0.097955588,0.041500821,0.21244909,-0.68592806,0.22067114,0.66005479,0.03417235,-0.0061738681,-0.0089045338
26.9805,0.44740928,0.097912808,0.041426733,0.21315458,-0.68370795,0.21992957,0.66237417,0.036118124,-0.0071363766,-0.0064220456
26.9905,0.44773917,0.097867279,0.041338832,0.21383394,-0.68155051,0.21922776,0.66460751,0.036570681,-0.0068545031,-0.0097658327
27.0005,0.44806776,0.097825114,0.04125735,0.2144929,-0.67945271,0.21855029,0.66676276,0.035867846,-0.0061865801,-0.0097384866
27.0105,0.44838244,0.097778672,0.041180448,0.2150151,-0.67737403,0.2180093,0.6688833,0.033830046,-0.0069979719,-0.0049374211
27.0205,0.44866255,0.097728874,0.041102102,0.21537669,-0.67529805,0.21763217,0.67098559,0.025828312,-0.0065077773,-0.0061267709
27.0305,0.44882299,0.09769514,0.0410309,0.21597057,-0.67324455,0.2170161,0.67305461,0.014562461,-0.0041969215,-0.010153183
27.0405,0.44890589,0.097684421,0.040961533,0.2166881,-0.67123035,0.2162909,0.67506617,0.0093492243,-0.002999376,-0.0056208356
27.0505,0.44896153,0.097679776,0.04089508,0.21741029,-0.6693364,0.21558101,0.67693897,0.0077003483,-0.0027162471,-0.0064764941
27.0605,0.44897365,0.097666892,0.040916809,0.217938,-0.66780159,0.21490355,0.67849873,0.0012323613,-0.0038750996,0.0058414022
27.0705,0.44893403,0.097657283,0.040992058,0.21821674,-0.66677446,0.21427566,0.67961696,-0.0038003014,-0.0026008966,0.0074087786
27.0805,0.44886671,0.097650102,0.041080871,0.21845816,-0.66610991,0.21367161,0.68038082,-0.0053954692,-0.0016581439,0.00619303
27.0905,0.44879239,0.097659407,0.041110285,0.21850338,-0.66574064,0.213274,0.68085232,-0.0063875505,0.00070791635,-0.00055191657
27.1005,0.44872839,0.097694987,0.041157497,0.21860442,-0.66535135,0.21307547,0.68126245,-0.0048401139,0.0047370183,0.008703663
27.1105,0.4486842,0.097757036,0.041276667,0.21890216,-0.66475425,0.21300946,0.6817702,-0.0035462308,0.006783971,0.013950236
27.1205,0.4486581,0.097833157,0.041416544,0.21925226,-0.66406197,0.21307199,0.68231259,-0.0015194386,0.0089149318,0.01314414
27.1305,0.44863465,0.097949699,0.041730526,0.21977787,-0.66284006,0.21295377,0.68336771,-0.0022580635,0.011446869,0.049678615
27.1405,0.44859949,0.098103631,0.042347233,0.22062853,-0.66087572,0.21243056,0.68515662,-0.00037347002,0.015949417,0.069675901
27.1505,0.44856457,0.09829191,0.043092208,0.22149755,-0.65846565,0.21182682,0.68737997,-0.00085361835,0.016703553,0.081868163
27.1605,0.44853111,0.098473104,0.043805361,0.22204616,-0.65653914,0.21132341,0.68919829,-0.00076548004,0.014347655,0.069673105
27.1705,0.44850371,0.098603537,0.044533916,0.22252506,-0.65549247,0.2106573,0.69024323,-0.00055805092,0.0090456534,0.070431187
27.1805,0.44849306,0.098712273,0.045188674,0.22276967,-0.65494269,0.21013348,0.69084561,0.0013809056,0.010241894,0.057677879
27.1905,0.44852678,0.098805851,0.045595913,0.22213721,-0.65519374,0.21030966,0.69075761,0.007515014,0.0090995244,0.032323011
27.2005,0.44859718,0.098830453,0.045910351,0.22126176,-0.65642018,0.2105319,0.68980585,0.0069952993,-0.0022630695,0.030268468
27.2105,0.44868537,0.098786991,0.046206184,0.22057863,-0.65823659,0.21051079,0.68829853,0.0090558714,-0.0047907896,0.025776467
27.2205,0.44881266,0.098694334,0.046411604,0.21941793,-0.66056155,0.21083523,0.68634008,0.013176836,-0.012073482,0.017596533
27.2305,0.44897364,0.098531197,0.046530352,0.21802774,-0.6634449,0.21122768,0.68387692,0.015474796,-0.017104727,0.0078784479
27.2405,0.4491503,0.09833741,0.04656984,0.21655681,-0.66655651,0.21165451,0.68118128,0.016028793,-0.018321522,0.0016552535
27.2505,0.44932393,0.09813276,0.046572898,0.21503087,-0.66966492,0.21200019,0.67850316,0.015587865,-0.020017499,-0.00010127226
27.2605,0.4494851,0.097922745,0.04656874,0.21348559,-0.67263173,0.21221551,0.67598449,0.014864518,-0.020369156,-3.8688529e-05
27.2705,0.44963322,0.097718407,0.046563386,0.21198911,-0.67539585,0.21234284,0.67365539,0.013738139,-0.019588183,-0.00063924089
27.2805,0.44977311,0.097520633,0.046560018,0.21058447,-0.67792983,0.21241594,0.67152423,0.013681255,-0.019478489,-9.3800493e-05
27.2905,0.44991767,0.097327625,0.046549344,0.20924446,-0.6802266,0.21250202,0.66959049,0.014940346,-0.01869347,-0.0009559472
27.3005,0.45006958,0.097136511,0.046535211,0.20810106,-0.68231881,0.2124874,0.6678204,0.015597852,-0.018843035,-0.0011172255
27.3105,0.45024831,0.096956285,0.046620934,0.20725891,-0.68384876,0.2126132,0.66647599,0.019561433,-0.017228076,0.018672781
27.3205,0.45046179,0.09677855,0.046834658,0.2069241,-0.68465611,0.21279323,0.66569323,0.021240831,-0.016653659,0.026658597
27.3305,0.45065458,0.09663206,0.046968851,0.20674526,-0.68555085,0.21314439,0.6647149,0.013568972,-0.0097605458,-0.0008479999
27.3405,0.45082719,0.096552844,0.046913291,0.20660972,-0.68687724,0.21391533,0.66313823,0.013870744,-0.0017518693,-0.010574775
27.3505,0.45102699,0.096529029,0.046749856,0.2066528,-0.68830335,0.21503329,0.66128194,0.015302225,0.0038311211,-0.021572934
27.3605,0.45124649,0.096544347,0.046482345,0.20681227,-0.68973878,0.21633985,0.65930734,0.016137933,0.0076146645,-0.031181278
27.3705,0.45150248,0.096561198,0.046069038,0.20705503,-0.69128191,0.21786869,0.65710788,0.020225165,0.0062551632,-0.049335391
27.3805,0.45179799,0.096561858,0.04551231,0.20735018,-0.69295967,0.21959377,0.6546689,0.022626419,0.0055807973,-0.059894771
27.3905,0.45211474,0.09655576,0.044886996,0.2076723,-0.69465025,0.22137536,0.65217037,0.023813958,0.0055276468,-0.065233457
27.4005,0.45244698,0.096534466,0.044146007,0.20801091,-0.69643992,0.2232648,0.64950422,0.024951975,0.0031284956,-0.069733999
27.4105,0.45278155,0.096488933,0.043582872,0.20848384,-0.69793554,0.22509361,0.64711154,0.024920075,0.00082113834,-0.047822641
27.4205,0.45311294,0.096433341,0.043095555,0.20900788,-0.69924153,0.22683064,0.64492236,0.025175697,0.00039023309,-0.058057752
27.4305,0.45342694,0.096365956,0.042422114,0.20937921,-0.70082665,0.22858665,0.64245661,0.019285199,0.0014656353,-0.059792777
27.4405,0.45366982,0.096319004,0.041900625,0.20972447,-0.70222028,0.23010062,0.64027809,0.013649691,-0.0041156255,-0.035465658
27.4505,0.45380701,0.096212564,0.041743338,0.2098099,-0.70294086,0.23079812,0.63920747,0.0085214351,-0.011699417,-0.0027390188
27.4605,0.45390017,0.096078063,0.04177984,0.20986632,-0.7031633,0.23102623,0.63886179,0.0079447874,-0.013331106,0.0073302182
27.4705,0.45398983,0.095928942,0.041877176,0.20990923,-0.70316254,0.23109165,0.63882487,0.0091467493,-0.015533986,0.010634894
27.4805,0.45408709,0.095766981,0.041982338,0.20996021,-0.70311617,0.2310895,0.63885993,0.010002184,-0.016495366,0.0099023639
27.4905,0.45420334,0.095615971,0.04203941,0.21020847,-0.70249591,0.23087601,0.63953746,0.014653865,-0.01545113,0.0026441743
27.5005,0.45434418,0.095484563,0.042042845,0.21069614,-0.70118546,0.23043236,0.64097349,0.016844658,-0.0138925,-0.00096596551
27.5105,0.45448624,0.095375099,0.042022047,0.21129428,-0.69954046,0.2298792,0.64277012,0.016467217,-0.011933324,-0.0024994417
27.5205,0.45462609,0.095294486,0.041963855,0.2120068,-0.69743641,0.22913519,0.64508344,0.017514435,-0.010035458,-0.010577471
27.5305,0.45477191,0.095244061,0.041885311,0.21286129,-0.69486098,0.22819647,0.64790791,0.01982923,-0.0066553489,-0.0079864558
27.5405,0.45492102,0.095216747,0.041783845,0.21368567,-0.69213967,0.22723777,0.65087949,0.019563953,-0.0061293077,-0.0095661557
27.5505,0.45508497,0.095208876,0.041686637,0.2144688,-0.68946378,0.22623024,0.65380632,0.022526868,-0.003398845,-0.0090193241
27.5605,0.45531146,0.095190044,0.041595031,0.21526259,-0.68700708,0.22524562,0.65646607,0.031104577,-0.0063587435,-0.0075781484
27.5705,0.45560428,0.095151983,0.041511853,0.21600961,-0.6847262,0.22442089,0.65888174,0.034209114,-0.0065441709,-0.0069776982
27.5805,0.45592297,0.095107576,0.041427114,0.21672684,-0.68252219,0.22366994,0.66118431,0.036147551,-0.0073399806,-0.0071950348
27.5905,0.45625204,0.095059203,0.041341363,0.21742617,-0.68036075,0.22295106,0.66342138,0.036321209,-0.0072977135,-0.0070894735
27.6005,0.45657922,0.095013369,0.04125666,0.21810015,-0.67826849,0.22225849,0.66557144,0.035676719,-0.0066584047,-0.010304472
27.6105,0.45689161,0.094962099,0.041176572,0.21863679,-0.67619368,0.22170258,0.66768858,0.033558334,-0.0075452671,-0.0051320979
27.6205,0.45716891,0.094908216,0.041108151,0.21901688,-0.67409663,0.22130929,0.66981157,0.025878664,-0.0065036459,-0.0086082216
27.6305,0.45732931,0.094872627,0.041031112,0.21961891,-0.67204825,0.22068806,0.67187459,0.014307953,-0.004674856,-0.0067029572
27.6405,0.45741241,0.094859401,0.04095151,0.2203472,-0.67005023,0.21995923,0.67386775,0.0092924229,-0.0032362735,-0.0068960921
27.6505,0.45746595,0.094851906,0.040898965,0.22108868,-0.66813977,0.21923026,0.67575672,0.0076789372,-0.0029089983,-0.0091716836
27.6605,0.45748189,0.094839296,0.040899911,0.22163926,-0.66661432,0.21856052,0.67729807,0.0013762812,-0.0037456182,0.0047973272
27.6705,0.4574441,0.0948314,0.040969665,0.22192946,-0.66558797,0.21794101,0.67841114,-0.0036705068,-0.0023577224,0.0071596569
27.6805,0.45737719,0.09482577,0.041058518,0.22217532,-0.66492719,0.21734054,0.67917085,-0.0054016936,-0.0019288524,0.0072793631
27.6905,0.45730331,0.094833587,0.041097549,0.22224233,-0.66455185,0.2169226,0.67964974,-0.0063378963,0.00057723865,0.00015116373
27.7005,0.45723979,0.094867972,0.041150342,0.22235072,-0.66416038,0.21671416,0.68006332,-0.0048011721,0.0045798553,0.0090678727
27.7105,0.45719586,0.094928849,0.041272538,0.22264985,-0.66356399,0.21664173,0.68057053,-0.003515549,0.0066704901,0.014195741
27.7205,0.45716846,0.095001596,0.04142029,0.22302571,-0.66287676,0.21667223,0.68110724,-0.0017854454,0.0083122137,0.014082553
27.7305,0.45714406,0.095117795,0.041710135,0.22353024,-0.66166637,0.21656403,0.68215238,-0.0021364061,0.012113032,0.047444816
27.7405,0.45709754,0.095263092,0.042331692,0.22436593,-0.65970969,0.2160506,0.68393362,-0.0027299363,0.014307768,0.065713467
27.7505,0.45704652,0.095437473,0.043076915,0.22524816,-0.65729937,0.21542632,0.68615764,-0.0024439269,0.016130291,0.075054078
27.7605,0.45699888,0.095601636,0.043834073,0.22587703,-0.65536515,0.2148439,0.68798124,-0.0012376245,0.014349233,0.066380134
27.7705,0.45696462,0.095735856,0.044497084,0.22609743,-0.65428321,0.21442928,0.68906713,-0.0015257996,0.010137093,0.061553348
27.7805,0.45693901,0.095839273,0.045105757,0.22616596,-0.65371994,0.21407167,0.68969016,-0.00054467684,0.0085934293,0.056373732
27.7905,0.45694354,0.095893432,0.045585204,0.22583078,-0.65403279,0.21393134,0.68954692,0.0027899339,0.002069001,0.039583579
27.8005,0.45698874,0.095886362,0.045937981,0.22515812,-0.6553079,0.21394478,0.68855139,0.0057119705,-0.0021245964,0.024454842
27.8105,0.45706763,0.095841783,0.04619172,0.22435077,-0.65711535,0.21405691,0.68705589,0.0084628377,-0.0048035641,0.023815842
27.8205,0.45718629,0.095742995,0.046393576,0.22318238,-0.65943679,0.21438858,0.68510603,0.012550675,-0.012555956,0.017703487
27.8305,0.45734253,0.095576511,0.046514928,0.22177672,-0.66231363,0.21479495,0.68265575,0.01516213,-0.017334467,0.0082266666
27.8405,0.45751707,0.095380262,0.046560389,0.22028598,-0.66541034,0.21524057,0.67998137,0.016070523,-0.018622208,0.0028063346
27.8505,0.45768993,0.095173551,0.046570949,0.2187404,-0.66849893,0.21560584,0.67733001,0.015508246,-0.02016973,0.00045586826
27.8605,0.45784907,0.094962586,0.046567583,0.21717349,-0.67146505,0.21584382,0.67481983,0.014542529,-0.020350732,-0.00043541269
27.8705,0.45799433,0.094757983,0.046559723,0.21565537,-0.67423723,0.21599435,0.67249042,0.013480003,-0.019611487,-0.00073677574
27.8805,0.45813138,0.094560116,0.046555554,0.21423351,-0.67677405,0.21608633,0.67036377,0.013372783,-0.019443135,-0.00012294411
27.8905,0.45827044,0.09436537,0.046552607,0.21290865,-0.67906894,0.21615995,0.66843859,0.014922534,-0.018687079,-0.0014484338
27.9005,0.45841978,0.094172808,0.046536155,0.2116462,-0.68113545,0.21625798,0.66670298,0.014439488,-0.019605763,-0.00067065315
27.9105,0.45858209,0.093976704,0.046579889,0.21090506,-0.68273533,0.21629075,0.66528929,0.017939117,-0.018872156,0.012962534
27.9205,0.45878862,0.093791813,0.046808283,0.21060986,-0.68356317,0.21642873,0.66448739,0.020889352,-0.017080799,0.028969958
27.9305,0.45898513,0.093643245,0.046968318,0.21041597,-0.68440904,0.21679032,0.6635596,0.014146598,-0.0099225072,0.001043344
27.9405,0.45916156,0.093561747,0.046929003,0.21025923,-0.68569945,0.21757734,0.66201768,0.014190172,-0.0021018926,-0.0089618052
27.9505,0.45936268,0.093533602,0.046779202,0.21027924,-0.68709606,0.21870434,0.66018941,0.015494022,0.0033958626,-0.02027194
27.9605,0.45958244,0.093543856,0.046522489,0.2104164,-0.68850736,0.22001633,0.65823656,0.016240884,0.0071230293,-0.030178502
27.9705,0.4598377,0.093554969,0.046117353,0.21063658,-0.69003045,0.22154871,0.65605364,0.020224534,0.005701661,-0.048595382
27.9805,0.46013154,0.093549438,0.04556609,0.21090836,-0.69169185,0.22327676,0.65362646,0.022476227,0.0050654586,-0.059800154
27.9905,0.46044609,0.093536931,0.044944272,0.2112073,-0.69336932,0.22506087,0.65113599,0.023703091,0.004938703,-0.064902768
28.0005,0.46077609,0.093509422,0.044179545,0.21151065,-0.69518382,0.2269659,0.64843596,0.024743934,0.0028933086,-0.080465159
28.0105,0.46110876,0.093460261,0.043548222,0.21192953,-0.69677085,0.22883761,0.64593312,0.024378462,0.00071535499,-0.051966119
28.0205,0.46143021,0.093400646,0.043087877,0.21243826,-0.69804042,0.23056186,0.64377853,0.024478331,-0.00025193134,-0.0488902
28.0305,0.46174016,0.093314549,0.042418796,0.21278105,-0.6996113,0.23229861,0.64133112,0.019510317,-0.00061857359,-0.063416843
28.0405,0.46198855,0.093253816,0.041889588,0.21307998,-0.70100235,0.23379426,0.63916576,0.014365849,-0.0037305281,-0.033860671
28.0505,0.46212889,0.093139643,0.041747306,0.213161,-0.70170494,0.23445311,0.63812562,0.0090560457,-0.012751885,-0.001726012
28.0605,0.46222563,0.092999355,0.041788714,0.21320677,-0.70190536,0.23467466,0.63780839,0.0084369143,-0.014232955,0.0078225496
28.0705,0.4623171,0.092842651,0.041886803,0.21326206,-0.70190899,0.23472971,0.63776565,0.0094295392,-0.016534399,0.010723161
28.0805,0.46241576,0.092673163,0.041991775,0.21331585,-0.70186192,0.23472629,0.63780072,0.010271192,-0.017457438,0.0099639519
28.0905,0.46253253,0.092515738,0.04204791,0.2135659,-0.70124142,0.23451126,0.6384783,0.01458473,-0.015913055,0.0024791662
28.1005,0.46267244,0.092380363,0.042049454,0.21405739,-0.69993509,0.23406418,0.63990957,0.016666738,-0.014131422,-0.0011377601
28.1105,0.46281359,0.09226816,0.042026624,0.21466061,-0.69829715,0.2335065,0.64169824,0.01640097,-0.012271066,-0.0026973814
28.1205,0.46295117,0.09218447,0.041965459,0.21537822,-0.69620309,0.23275251,0.64400291,0.017885122,-0.0099523136,-0.0080825246
28.1305,0.46309463,0.092130672,0.041879768,0.21622399,-0.69364607,0.23180555,0.64681412,0.019674493,-0.0072902249,-0.0086504808
28.1405,0.46324241,0.09209974,0.041779549,0.21706558,-0.69093303,0.23082567,0.64977965,0.019324366,-0.0060490681,-0.0097121717
28.1505,0.46341156,0.092094074,0.041685774,0.21789454,-0.68824953,0.22982948,0.65269669,0.022631851,-0.0030165801,-0.01044601
28.1605,0.4636441,0.092075886,0.041585822,0.21872585,-0.68581193,0.22885179,0.65532272,0.031358575,-0.0065555434,-0.008905812
28.1705,0.46394,0.092033607,0.041513969,0.21950417,-0.6835252,0.22802353,0.65773588,0.034378467,-0.0070638151,-0.0061593599
28.1805,0.46426058,0.091985076,0.041423318,0.22023144,-0.68133763,0.2272699,0.66001935,0.036232922,-0.0076925166,-0.0093535654
28.1905,0.46459011,0.091934243,0.041341221,0.22094393,-0.67917198,0.22654209,0.66225968,0.036432784,-0.0074532628,-0.0096614611
28.2005,0.46491804,0.091887047,0.041253005,0.22162461,-0.67708527,0.22584299,0.66440426,0.035682094,-0.0068317521,-0.0089861687
28.2105,0.46522992,0.091834233,0.041180923,0.22216574,-0.67499193,0.22528578,0.66653927,0.033500719,-0.0077594665,-0.0046405109
28.2205,0.46550019,0.091778574,0.041103393,0.22257522,-0.67290827,0.22486142,0.66864943,0.024305036,-0.0070619893,-0.0063101963
28.2305,0.46565172,0.091739924,0.041027758,0.22320918,-0.67086117,0.2242053,0.67071225,0.013948811,-0.0048815773,-0.0098227836
28.2405,0.46573093,0.091723264,0.040960502,0.22395168,-0.66885251,0.22345519,0.67271817,0.0090596952,-0.0036509323,-0.0055160815
28.2505,0.46578502,0.091712858,0.040893352,0.22468932,-0.66697116,0.22272928,0.67457828,0.00752712,-0.0033257425,-0.0063024863
28.2605,0.46579743,0.09169669,0.040916711,0.22522866,-0.66544504,0.2220404,0.67613091,0.0013072895,-0.0041046233,0.0060252842
28.2705,0.46575852,0.091685181,0.040995887,0.22552633,-0.66442611,0.22139502,0.67724446,-0.0038600315,-0.0028586633,0.0078877369
28.2805,0.46569308,0.091675574,0.041088281,0.22578402,-0.66377105,0.22077533,0.67800282,-0.0053121245,-0.0016100023,0.0057635905
28.2905,0.46561964,0.091686107,0.041114434,0.22582244,-0.6634145,0.22038401,0.67846615,-0.006330877,0.000852592,-0.00070759521
28.3005,0.46555653,0.091722929,0.041159743,0.22591842,-0.66303014,0.22018888,0.67887316,-0.0047662067,0.0047955259,0.0085636065
28.3105,0.46551296,0.09178498,0.041277261,0.22621463,-0.66243643,0.22012133,0.67937583,-0.0034943835,0.0067442821,0.013818669
28.3205,0.46548778,0.091861053,0.041414052,0.22655748,-0.66174482,0.22018725,0.67991402,-0.001378972,0.0089392638,0.012865878
28.3305,0.46546312,0.0919747,0.041728762,0.22709844,-0.66052814,0.22005006,0.68096024,-0.0025322331,0.011017908,0.04973237
28.3405,0.4654242,0.092124031,0.042348382,0.22799215,-0.6585844,0.21948006,0.68272591,-0.00065469909,0.015405219,0.069622226
28.3505,0.46538658,0.092311872,0.043063373,0.22875141,-0.65615508,0.21898338,0.68496685,-0.0016446078,0.016519391,0.079455064
28.3605,0.46534401,0.092474353,0.043838996,0.2295198,-0.65425799,0.21825972,0.68675311,-0.0011830646,0.013669429,0.067526886
28.3705,0.46531981,0.092617416,0.044491065,0.22969164,-0.6531675,0.21789887,0.6878474,-0.00063516971,0.009617964,0.064483963
28.3805,0.46530692,0.092724322,0.045132523,0.22992977,-0.65263416,0.2173777,0.68843873,0.00080095398,0.0098976334,0.053469367
28.3905,0.4653362,0.092804871,0.045588377,0.22944632,-0.65291393,0.21739484,0.68832933,0.0051662711,0.0036219359,0.040710892
28.4005,0.46540284,0.092816468,0.045940248,0.22873856,-0.65416296,0.21744315,0.68736306,0.0079680676,7.5649891e-05,0.028322761
28.4105,0.4654895,0.092780289,0.046184905,0.22780357,-0.65593178,0.21768025,0.68591132,0.0080280029,-0.0053790684,0.020116766
28.4205,0.46560353,0.092674217,0.046374323,0.22673207,-0.65829637,0.21791097,0.6839249,0.01203576,-0.013284174,0.016591939
28.4305,0.46575606,0.092502547,0.046492412,0.22535798,-0.66119265,0.21828782,0.68146055,0.014814177,-0.017759572,0.0079880417
28.4405,0.4659272,0.092303648,0.046535913,0.22386639,-0.6643037,0.21873735,0.67877714,0.015598742,-0.018698841,0.0021414851
28.4505,0.46609657,0.092095568,0.046544104,0.22230725,-0.6674067,0.21911926,0.67611725,0.015219934,-0.020278545,0.00044445138
28.4605,0.46625339,0.091883348,0.046542016,0.2207245,-0.67037495,0.21937583,0.67361144,0.014354479,-0.020461437,-0.00020552069
28.4705,0.46639754,0.091677089,0.046539593,0.21919374,-0.67313616,0.21954142,0.67129977,0.013500407,-0.019843174,0.00016232126
28.4805,0.4665352,0.091476274,0.04654223,0.21776221,-0.67565814,0.21964549,0.66919471,0.013526475,-0.019812589,0.00042318524
28.4905,0.46667453,0.091276882,0.04654264,0.21643619,-0.67795739,0.21972331,0.66727118,0.01448837,-0.019375906,-0.00084873063
28.5005,0.46682578,0.091083591,0.046524453,0.21514369,-0.68001872,0.21985339,0.66554656,0.014624666,-0.01958141,-0.00070274382
28.5105,0.46698787,0.090890438,0.046598694,0.21437771,-0.68160354,0.21990579,0.66415379,0.017939612,-0.018357043,0.016141035
28.5205,0.46719291,0.0907073,0.046841036,0.21405723,-0.68241836,0.2200646,0.66336736,0.020707274,-0.017079749,0.029372429
28.5305,0.46739256,0.090552832,0.047037362,0.213902,-0.68316206,0.22038744,0.66254427,0.014747872,-0.010692224,0.0036656099
28.5405,0.46757756,0.09047027,0.047023649,0.21378178,-0.68438317,0.22116402,0.66106241,0.015252055,-0.0018190929,-0.0066166385
28.5505,0.46778727,0.090443142,0.04689565,0.21382959,-0.68572989,0.22229438,0.65926978,0.016214115,0.0034470441,-0.018338606
28.5605,0.46801243,0.090452316,0.046655968,0.21398029,-0.68710617,0.22360954,0.65734034,0.016704749,0.0069918705,-0.028735638
28.5705,0.46827045,0.09046059,0.046262909,0.21420246,-0.68860446,0.2251451,0.65517241,0.020453304,0.0054111134,-0.047624325
28.5805,0.46856487,0.090450921,0.045719014,0.21446725,-0.69024874,0.22687675,0.65275372,0.022474905,0.0047282202,-0.059578067
28.5905,0.4688782,0.09043373,0.045098807,0.21475252,-0.69191754,0.22866532,0.65026429,0.023659692,0.0044773921,-0.064663407
28.6005,0.46920629,0.090400765,0.044330261,0.21503631,-0.6937317,0.23057684,0.64755698,0.024500167,0.0025230321,-0.086704433
28.6105,0.46954025,0.090349151,0.043504951,0.21534519,-0.69558608,0.23255723,0.6447508,0.024018337,0.00099090038,-0.06705427
28.6205,0.46985374,0.090289758,0.04296663,0.21579193,-0.69697906,0.23432967,0.64245128,0.022965503,-0.00023535332,-0.045394178
28.6305,0.47014764,0.090235764,0.042466362,0.21629011,-0.6983195,0.23595372,0.64022988,0.020613116,0.0010432316,-0.056750437
28.6405,0.47041952,0.090168565,0.0418851,0.21658124,-0.69979434,0.23747513,0.63795455,0.017824794,-0.0043876458,-0.041064201
28.6505,0.47059565,0.090057052,0.041698072,0.21646311,-0.70048851,0.23833869,0.63690992,0.01210874,-0.011541728,-0.0038537766
28.6605,0.4707013,0.089913538,0.041754286,0.21667124,-0.70067248,0.23841642,0.63660761,0.0091148144,-0.013562036,0.011021138
28.6705,0.47079843,0.089761757,0.041877556,0.21671193,-0.70055373,0.2384722,0.63670356,0.0098514726,-0.01641049,0.012456236
28.6805,0.4709001,0.089588167,0.041993685,0.2167613,-0.70046272,0.23846561,0.63678934,0.010655481,-0.018222175,0.010799735
28.6905,0.47101883,0.089424629,0.042054189,0.21701329,-0.69983587,0.23824291,0.63747572,0.01461252,-0.016388536,0.002634124
28.7005,0.4711579,0.089286507,0.042055716,0.21751309,-0.69853739,0.23778614,0.63889853,0.016492397,-0.014402981,-0.0012669457
28.7105,0.47129762,0.089171496,0.042031393,0.21812498,-0.69691793,0.23721983,0.64066656,0.016127643,-0.012485532,-0.0028778966
28.7205,0.47143303,0.089084922,0.041966085,0.21884448,-0.6948512,0.23644945,0.64294679,0.018392657,-0.0096090887,-0.0059144214
28.7305,0.47157668,0.089029579,0.041878278,0.21968326,-0.69232932,0.23549178,0.64572672,0.019987491,-0.0073198917,-0.0065912461
28.7405,0.4717247,0.088996883,0.041778804,0.22055522,-0.68965264,0.23447465,0.64865728,0.019418662,-0.0061366641,-0.0097544842
28.7505,0.4718901,0.088984706,0.041686354,0.22141989,-0.6869892,0.2334121,0.6515657,0.022898613,-0.0029377043,-0.0096978837
28.7605,0.47212205,0.088965172,0.041591026,0.22221386,-0.68452638,0.2324502,0.65422591,0.031554793,-0.006522856,-0.0075966617
28.7705,0.47241935,0.088924931,0.041495395,0.22296369,-0.68227166,0.23162259,0.65661522,0.03442641,-0.0069608081,-0.008761418
28.7805,0.47273896,0.088875734,0.041422816,0.22370821,-0.68006042,0.23084666,0.65892509,0.036127648,-0.0079160865,-0.0062888134
28.7905,0.47306884,0.088823615,0.041333192,0.22442764,-0.67791424,0.23010599,0.66114729,0.036358516,-0.0076570925,-0.0092727391
28.8005,0.47339554,0.088773544,0.041252546,0.22512798,-0.67582454,0.22938797,0.66329461,0.035551845,-0.0072350445,-0.0091386002
28.8105,0.47370707,0.08871731,0.04117954,0.22569283,-0.67374566,0.22880589,0.66541521,0.033433184,-0.0081007736,-0.004771655
28.8205,0.47398075,0.088658792,0.041100475,0.22610514,-0.67167245,0.22837847,0.66751469,0.024906522,-0.0073059954,-0.0060176426
28.8305,0.47413604,0.088618038,0.041026276,0.2267413,-0.66963418,0.22772028,0.66956846,0.014097496,-0.0051228675,-0.0097289268
28.8405,0.47421579,0.088599059,0.04096018,0.22749113,-0.66763512,0.22696283,0.67156459,0.0089938684,-0.0039055473,-0.0054512002
28.8505,0.47426913,0.088586504,0.040893333,0.22823727,-0.66576305,0.22622799,0.67341533,0.007391189,-0.0035525217,-0.0063005435
28.8605,0.47428071,0.0885694,0.04091682,0.22878384,-0.66424519,0.22553098,0.67496079,0.0012140406,-0.0041523322,0.0060332598
28.8705,0.47424197,0.088559083,0.040993612,0.22907457,-0.66323258,0.22489021,0.67607084,-0.0037944287,-0.0026417563,0.0075731238
28.8805,0.47417494,0.088552622,0.041083931,0.22932404,-0.66258108,0.22427557,0.67682883,-0.0054124438,-0.0016055673,0.0063241323
28.8905,0.47410103,0.088563321,0.041114182,0.22937161,-0.6622213,0.22387192,0.67729829,-0.0063576476,0.00081888509,-0.00048612326
28.9005,0.47403749,0.088599612,0.041161883,0.22947399,-0.66183792,0.22366664,0.67770605,-0.0048064802,0.0046987879,0.0087174597
28.9105,0.47399359,0.088660865,0.041280888,0.22977483,-0.66124567,0.22359048,0.67820719,-0.0035156561,0.0066482986,0.013921898
28.9205,0.47396781,0.088735287,0.041420458,0.23012942,-0.66055651,0.22364067,0.67874177,-0.0014514478,0.008704706,0.013130884
28.9305,0.47394343,0.088848075,0.041733703,0.23066111,-0.65933859,0.22350957,0.67978787,-0.0026991867,0.01055193,0.04829528
28.9405,0.4739027,0.088991894,0.042358535,0.23160574,-0.65740907,0.22288409,0.68153854,-0.002150388,0.014692074,0.059893812
28.9505,0.47385557,0.089166735,0.043080897,0.23241865,-0.65500853,0.22231917,0.68375404,-0.0026858097,0.014182939,0.081265109
28.9605,0.4738128,0.089328978,0.043838213,0.23311822,-0.6531087,0.22165774,0.6855456,-0.00044448576,0.014348566,0.068841649
28.9705,0.4737911,0.089474516,0.044469956,0.23328038,-0.6520292,0.22131237,0.68662873,-0.00040438226,0.01064256,0.065975036
28.9805,0.47377232,0.089573089,0.045112676,0.23351581,-0.6514834,0.22080308,0.68723049,-3.845733e-05,0.0075520685,0.057235403
28.9905,0.47379378,0.089634763,0.045617368,0.23319458,-0.65176742,0.22066743,0.68711382,0.0055288226,0.0042993959,0.043829491
29.0005,0.47385876,0.089653176,0.045912029,0.23222753,-0.65298111,0.22099096,0.6861844,0.0069273722,-0.0010187477,0.029222099
29.0105,0.47393831,0.089603587,0.046186092,0.23142119,-0.65478322,0.22109961,0.68470295,0.0076864021,-0.0065215668,0.025249012
29.0205,0.47404896,0.089489901,0.046407524,0.230362,-0.65713076,0.22132292,0.68273617,0.011772023,-0.013799782,0.018289247
29.0305,0.47419892,0.08931476,0.046533636,0.22897803,-0.6600145,0.221712,0.68028943,0.014610005,-0.017987898,0.0081869998
29.0405,0.47436792,0.089114068,0.046575183,0.22746826,-0.66311797,0.22218151,0.67761946,0.015429272,-0.018811032,0.0017509928
29.0505,0.47453529,0.088904883,0.046578152,0.22588904,-0.666217,0.22258546,0.6749702,0.01503366,-0.020350119,-8.9879348e-05
29.0605,0.47469101,0.088692569,0.046571258,0.22427893,-0.66917877,0.22287114,0.67247839,0.01424996,-0.020454217,-0.00061008728
29.0705,0.47483296,0.088486276,0.046561297,0.2227254,-0.67194588,0.22306166,0.67016836,0.013162757,-0.019779858,-0.00085886743
29.0805,0.47496821,0.088285135,0.046559874,0.22127913,-0.67446825,0.22318268,0.66807007,0.013315427,-0.019880719,8.7490362e-05
29.0905,0.47511087,0.088088516,0.04654618,0.2198887,-0.67675951,0.22332486,0.66616179,0.014437395,-0.019370685,-0.0013432048
29.1005,0.47525846,0.087892833,0.046527542,0.21870982,-0.67886591,0.22335066,0.66439564,0.01492134,-0.019321454,-0.0012276457
29.1105,0.47543075,0.087709755,0.046605548,0.21783324,-0.68041044,0.22351343,0.66304755,0.019001851,-0.017431693,0.01789591
29.1205,0.47563729,0.087525881,0.046852062,0.21751137,-0.68121904,0.22367638,0.66226754,0.020326524,-0.017644275,0.029048753
29.1305,0.47583114,0.087368224,0.04703289,0.2173827,-0.68201701,0.22397836,0.66138586,0.014528754,-0.010311566,0.0001559587
29.1405,0.47601533,0.087288384,0.046987135,0.21726103,-0.68329059,0.22477574,0.65983898,0.015051573,-0.0014643,-0.0097186887
29.1505,0.47622369,0.087263063,0.046830679,0.21729084,-0.68467162,0.22593148,0.65800033,0.016054083,0.003693247,-0.020963708
29.1605,0.4764476,0.087272957,0.046567139,0.21741812,-0.68607131,0.22727096,0.65603615,0.01659412,0.0071259282,-0.030870906
29.1705,0.47670432,0.087280668,0.046154942,0.21761548,-0.68758476,0.22882831,0.65384119,0.020346069,0.0054022516,-0.049298913
29.1805,0.47699734,0.087269214,0.04559633,0.21785572,-0.68923752,0.23057884,0.65140151,0.022383743,0.0046104168,-0.060836566
29.1905,0.47730945,0.087249239,0.044966083,0.21811841,-0.69090888,0.23238266,0.6488972,0.023584455,0.004279765,-0.065573705
29.2005,0.47763616,0.087212887,0.044191608,0.21838071,-0.69271951,0.23430687,0.64618096,0.024513745,0.0021836586,-0.084172322
29.2105,0.47796598,0.087153649,0.04353652,0.21875334,-0.694323,0.23620328,0.64363853,0.024234231,-0.00019262018,-0.053440048
29.2205,0.47828304,0.087083015,0.043077346,0.21922991,-0.69557825,0.23793434,0.64147985,0.024126208,-0.0013587133,-0.044374117
29.2305,0.4785906,0.086978959,0.042416035,0.21953248,-0.69712736,0.2396713,0.63904351,0.02027648,-0.002773694,-0.066400808
29.2405,0.47883839,0.086904319,0.04187352,0.21977983,-0.69852148,0.24118969,0.63686113,0.014396955,-0.0049844709,-0.034139285
29.2505,0.47897798,0.086783036,0.041729228,0.21985118,-0.69921812,0.24184856,0.63582132,0.0088957352,-0.013270968,-0.001729264
29.2605,0.47907156,0.086636569,0.04177305,0.21991394,-0.69941299,0.24205437,0.6355069,0.0079268452,-0.014659381,0.0079779312
29.2705,0.47915747,0.086474263,0.041874703,0.21998122,-0.69940178,0.2420981,0.63547929,0.0088038875,-0.017082447,0.011083086
29.2805,0.47924963,0.086297968,0.041983908,0.22003745,-0.69934261,0.24208705,0.63552914,0.0095495199,-0.018110577,0.010353097
29.2905,0.47936062,0.086134679,0.042043093,0.22029354,-0.69871567,0.24186206,0.6362153,0.014183934,-0.016501157,0.0027407928
29.3005,0.47949688,0.085995561,0.042046352,0.22079855,-0.69740854,0.24140104,0.63764792,0.016303126,-0.014534266,-0.00099851077
29.3105,0.47963507,0.085879458,0.042024398,0.22141809,-0.69577588,0.2408279,0.63943089,0.016007812,-0.012641414,-0.0026014089
29.3205,0.47977008,0.08579221,0.041959915,0.22215381,-0.69369722,0.24005388,0.64172111,0.017152261,-0.010650949,-0.01059228
29.3305,0.47991496,0.085736271,0.041881066,0.22304071,-0.6911405,0.23909355,0.64452457,0.019747262,-0.0074884261,-0.0058554769
29.3405,0.48005867,0.085698076,0.041770822,0.22390792,-0.68846344,0.23806915,0.64746152,0.019420806,-0.0062946843,-0.008611119
29.3505,0.48022882,0.085687783,0.041686448,0.22478163,-0.68577547,0.23704516,0.65038052,0.022013566,-0.0043740209,-0.011024649
29.3605,0.48045015,0.085658239,0.04158606,0.2256028,-0.68336181,0.23600885,0.65300829,0.030583296,-0.0075889909,-0.0079478258
29.3705,0.48073983,0.08560893,0.041509306,0.22638899,-0.68108958,0.23514676,0.65541667,0.033765534,-0.0078001358,-0.011254771
29.3805,0.4810534,0.085552611,0.041420593,0.22713345,-0.6788987,0.23435648,0.65771118,0.035476884,-0.0087386781,-0.0072526336
29.3905,0.48137701,0.085492821,0.041329152,0.22786133,-0.67674755,0.23360472,0.65994,0.035764627,-0.0084670392,-0.01024265
29.4005,0.48169758,0.085434926,0.041248627,0.22857255,-0.67464839,0.23287642,0.66209721,0.034884881,-0.0080860421,-0.0066063619
29.4105,0.48200629,0.085370587,0.041168168,0.22917422,-0.67259224,0.23226161,0.6641938,0.033166153,-0.0089369343,-0.0067438764
29.4205,0.48228221,0.085302802,0.041102954,0.2295907,-0.67050162,0.23183342,0.66630996,0.025945718,-0.0081604988,-0.0048692838
29.4305,0.48244319,0.085258255,0.041026215,0.23021387,-0.66846694,0.23119025,0.66835963,0.014178035,-0.0053408851,-0.0083797736
29.4405,0.48252335,0.085237607,0.040959666,0.23096741,-0.66646592,0.23043122,0.67035713,0.0091707688,-0.0039141825,-0.0099273615
29.4505,0.48257557,0.085223451,0.040896072,0.23172368,-0.66458855,0.22968691,0.67221285,0.0072041791,-0.003763922,-0.0053870935
29.4605,0.48258404,0.085204607,0.040924384,0.23226662,-0.6630688,0.22896473,0.67377084,0.0010156142,-0.0043410299,0.0062502523
29.4705,0.48254415,0.085194663,0.040999876,0.23254608,-0.66205678,0.22831574,0.67488893,-0.0037743751,-0.0025012703,0.007243305
29.4805,0.48247647,0.085190532,0.041085379,0.23277937,-0.66140659,0.22770854,0.67565073,-0.0052961666,-0.0017086882,0.0069666914
29.4905,0.48240339,0.085200697,0.041119779,0.23283714,-0.66103372,0.22729254,0.67613563,-0.0062791056,0.0007536117,-0.00027240738
29.5005,0.48234046,0.085236147,0.041168961,0.23294913,-0.66064569,0.2270791,0.67654789,-0.0047782013,0.0045621749,0.0087311466
29.5105,0.48229691,0.085296292,0.041288229,0.23325937,-0.66005245,0.2269966,0.67704754,-0.0034970494,0.0065443674,0.013912256
29.5205,0.48227105,0.085369023,0.041429573,0.23363064,-0.65936396,0.22703384,0.67757769,-0.0015003578,0.0084767942,0.013317737
29.5305,0.48224357,0.08547653,0.041742754,0.23418942,-0.65815445,0.22687255,0.67861394,-0.0027351602,0.010540657,0.050195373
29.5405,0.48220159,0.085621304,0.042354577,0.23507417,-0.65622074,0.22630966,0.68036638,-0.001794762,0.014935818,0.064063971
29.5505,0.48216121,0.085798208,0.043100274,0.23601827,-0.65383238,0.22562492,0.68256281,-0.0017830335,0.015068708,0.081864275
29.5605,0.48212455,0.08596669,0.04383974,0.23662539,-0.65190682,0.22506623,0.68437644,0.00026224538,0.014979522,0.069159979
29.5705,0.48210645,0.086107535,0.044511923,0.23690876,-0.65084301,0.22460217,0.68544254,0.00057469624,0.011363414,0.065871378
29.5805,0.4821028,0.086224677,0.045124133,0.23699621,-0.65028226,0.22425099,0.68605924,0.0014457475,0.0092423708,0.060306088
29.5905,0.48213495,0.086300836,0.045598348,0.23662302,-0.65058193,0.22417894,0.68592748,0.0054568297,0.0039214791,0.041251881
29.6005,0.48219531,0.086303401,0.045951941,0.23597108,-0.65185218,0.22419197,0.68494113,0.0069946822,-0.0016682751,0.031358721
29.6105,0.48228169,0.086269396,0.046156492,0.23494688,-0.6536223,0.2245312,0.68349366,0.0085849976,-0.0043410647,0.018248186
29.6205,0.48239916,0.086166334,0.046322761,0.23367948,-0.65597356,0.22497134,0.68152805,0.012022184,-0.013332901,0.015746841
29.6305,0.48254838,0.085988933,0.046434404,0.23224264,-0.65888053,0.22541812,0.67906294,0.014281765,-0.018458959,0.0078579387
29.6405,0.4827134,0.08578181,0.046479973,0.23074029,-0.66200378,0.22588297,0.6763777,0.01493852,-0.019544927,0.0023714942
29.6505,0.48287598,0.085565456,0.046493437,0.2291871,-0.66511628,0.22626302,0.67372001,0.014503329,-0.021107572,0.00081179722
29.6605,0.48302604,0.085345689,0.046497176,0.22761266,-0.6680911,0.22651563,0.67122085,0.013679524,-0.021204176,0.00017122137
29.6705,0.48316416,0.085132784,0.04650064,0.22608808,-0.67085489,0.2266794,0.66892028,0.012893799,-0.020476798,0.00044215791
29.6805,0.48329625,0.084926549,0.046507443,0.22465818,-0.67337998,0.22678593,0.6668255,0.012985874,-0.020332021,0.00070037527
29.6905,0.48343012,0.084722379,0.046512686,0.22333604,-0.67568077,0.22686377,0.66491303,0.013429099,-0.020261848,0.00021654907
29.7005,0.48357039,0.084521188,0.046483924,0.22211816,-0.677774,0.2269317,0.66316508,0.014019154,-0.019817938,-0.0028285881
29.7105,0.48373503,0.084332566,0.04655788,0.221268,-0.67932724,0.22707133,0.66181084,0.018286203,-0.018137574,0.017802974
29.7205,0.48394021,0.084148025,0.046810383,0.22091849,-0.68012221,0.22725992,0.66104593,0.020579972,-0.017375887,0.030163318
29.7305,0.48413824,0.083989957,0.047012402,0.22075617,-0.68085573,0.2275906,0.6602308,0.014809342,-0.010805269,0.0034513991
29.7405,0.48432344,0.083904677,0.046997353,0.22063103,-0.68207109,0.22837885,0.65874432,0.015263452,-0.0020887931,-0.0067761251
29.7505,0.48453245,0.083873079,0.046868485,0.22067047,-0.68340813,0.2295169,0.65694738,0.016197337,0.003044587,-0.018459272
29.7605,0.48475652,0.083876655,0.046628239,0.22080856,-0.6847726,0.2308379,0.65501445,0.016684961,0.0065074719,-0.02882624
29.7705,0.48501272,0.083878127,0.046234789,0.22101237,-0.68625665,0.23237984,0.65284375,0.02035573,0.0048024613,-0.047693906
29.7805,0.48530452,0.08386058,0.045690558,0.22125333,-0.68788463,0.2341193,0.65042282,0.022338254,0.0040508214,-0.059639153
29.7905,0.48561474,0.08383504,0.045069269,0.22151154,-0.68953743,0.23591652,0.64793068,0.023510937,0.0037574487,-0.064706735
29.8005,0.48593944,0.08379322,0.044300435,0.22176475,-0.69133351,0.23783828,0.64522192,0.02430723,0.0017846094,-0.086754468
29.8105,0.48626893,0.083731327,0.043506573,0.22205334,-0.69312399,0.23981325,0.64246483,0.024034383,-0.00025648664,-0.063705259
29.8205,0.48658191,0.083658886,0.042988162,0.22248359,-0.69446872,0.24158218,0.64019708,0.023182309,-0.0014597714,-0.044317353
29.8305,0.48688286,0.083578714,0.042432478,0.22286324,-0.69585976,0.24327038,0.6379112,0.022521456,-0.0025590442,-0.070544548
29.8405,0.48715165,0.083494646,0.041857503,0.22303007,-0.69729725,0.24483722,0.63567985,0.015443094,-0.0067177756,-0.034910089
29.8505,0.48729517,0.083359447,0.041717524,0.22319334,-0.69799309,0.24540315,0.6346398,0.0091672519,-0.01480438,-0.0013480372
29.8605,0.48739217,0.083208454,0.04177142,0.22317047,-0.69810195,0.24566934,0.63442508,0.009347974,-0.01361712,0.0094545868
29.8705,0.48748689,0.083048998,0.041878029,0.22315818,-0.69796654,0.24577032,0.63453927,0.009614843,-0.017327128,0.011666634
29.8805,0.48758621,0.082863744,0.041990443,0.22320777,-0.69788021,0.24576225,0.63461991,0.010293044,-0.019413375,0.010624487
29.8905,0.48770147,0.082689399,0.042051068,0.22348469,-0.69726494,0.24551669,0.63529343,0.014155022,-0.017349228,0.0025458676
29.9005,0.48783633,0.082542871,0.042053049,0.22401758,-0.69598773,0.24502939,0.63669286,0.015975283,-0.015201043,-0.0013474845
29.9105,0.48797121,0.082421818,0.042029117,0.22466521,-0.69438713,0.24442994,0.63844034,0.015645481,-0.013231865,-0.0030401648
29.9205,0.48810281,0.082329686,0.041959849,0.22542446,-0.69234648,0.24363228,0.64068985,0.017372993,-0.010771298,-0.0090254162
29.9305,0.488246,0.082270854,0.041874269,0.22632206,-0.68983445,0.24265472,0.64344809,0.019061168,-0.0083467047,-0.0092128798
29.9405,0.48839396,0.082233432,0.041780143,0.22724789,-0.6871649,0.24161263,0.64636378,0.019687866,-0.0064310855,-0.0080915519
29.9505,0.48856172,0.082219638,0.041684599,0.22812078,-0.68452375,0.24055957,0.64924513,0.022491154,-0.004179216,-0.0099949953
29.9605,0.48879085,0.082193182,0.041596677,0.22898792,-0.68209512,0.23952541,0.65187296,0.031214486,-0.0072789798,-0.0072960289
29.9705,0.48908628,0.082147084,0.04151285,0.22978609,-0.67983894,0.23865831,0.65426263,0.034299565,-0.0075196986,-0.0098960197
29.9805,0.48940556,0.08209424,0.041423728,0.23054387,-0.67765305,0.23786237,0.65654959,0.036056631,-0.0082982796,-0.0096946157
29.9905,0.48973337,0.082038065,0.041339372,0.23128886,-0.67549297,0.23709771,0.65878629,0.03616337,-0.0081478461,-0.0098084533
